STRUCTURE,STRUCTURE_ID,ACTION,FREQ,FREQ_LABEL,REF_AREA,REF_AREA_LABEL,INDICATOR,INDICATOR_LABEL,SEX,SEX_LABEL,AGE,AGE_LABEL,URBANISATION,URBANISATION_LABEL,UNIT_MEASURE,UNIT_MEASURE_LABEL,COMP_BREAKDOWN_1,COMP_BREAKDOWN_1_LABEL,COMP_BREAKDOWN_2,COMP_BREAKDOWN_2_LABEL,COMP_BREAKDOWN_3,COMP_BREAKDOWN_3_LABEL,TIME_PERIOD,OBS_VALUE,DATABASE_ID,DATABASE_ID_LABEL,UNIT_MULT,UNIT_MULT_LABEL,UNIT_TYPE,UNIT_TYPE_LABEL,TIME_FORMAT,TIME_FORMAT_LABEL,OBS_STATUS,OBS_STATUS_LABEL,OBS_CONF,OBS_CONF_LABEL
datastructure,WB.DATA360:DS_DATA360(1.2),I,A,Annual,CAN,Canada,WB_CLEAR_AQUASTAT_4554,SDG 6.4.1. Services Water Use Efficiency (US$/m3),_T,Total,_T,All age ranges or no breakdown by age,_T,Total,USD_M3,US dollars per cubic metre,_Z,Not Applicable,_Z,Not Applicable,_Z,Not Applicable,2016,223.5152755,WB_CLEAR,Climate and Economic Analyses for Resilience in Water (CLEAR Water),0,Units,CUR,Currency,602,CCYY,A,Normal value,PU,Public
datastructure,WB.DATA360:DS_DATA360(1.2),I,A,Annual,CAN,Canada,WB_CLEAR_AQUASTAT_4554,SDG 6.4.1. Services Water Use Efficiency (US$/m3),_T,Total,_T,All age ranges or no breakdown by age,_T,Total,USD_M3,US dollars per cubic metre,_Z,Not Applicable,_Z,Not Applicable,_Z,Not Applicable,2015,215.3893647,WB_CLEAR,Climate and Economic Analyses for Resilience in Water (CLEAR Water),0,Units,CUR,Currency,602,CCYY,A,Normal value,PU,Public
datastructure,WB.DATA360:DS_DATA360(1.2),I,A,Annual,CAN,Canada,WB_CLEAR_AQUASTAT_4554,SDG 6.4.1. Services Water Use Efficiency (US$/m3),_T,Total,_T,All age ranges or no breakdown by age,_T,Total,USD_M3,US dollars per cubic metre,_Z,Not Applicable,_Z,Not Applicable,_Z,Not Applicable,2014,207.0030104,WB_CLEAR,Climate and Economic Analyses for Resilience in Water (CLEAR Water),0,Units,CUR,Currency,602,CCYY,A,Normal value,PU,Public
datastructure,WB.DATA360:DS_DATA360(1.2),I,A,Annual,CAN,Canada,WB_CLEAR_AQUASTAT_4554,SDG 6.4.1. Services Water Use Efficiency (US$/m3),_T,Total,_T,All age ranges or no breakdown by age,_T,Total,USD_M3,US dollars per cubic metre,_Z,Not Applicable,_Z,Not Applicable,_Z,Not Applicable,2013,201.8277924,WB_CLEAR,Climate and Economic Analyses for Resilience in Water (CLEAR Water),0,Units,CUR,Currency,602,CCYY,A,Normal value,PU,Public
datastructure,WB.DATA360:DS_DATA360(1.2),I,A,Annual,CAN,Canada,WB_CLEAR_AQUASTAT_4554,SDG 6.4.1. Services Water Use Efficiency (US$/m3),_T,Total,_T,All age ranges or no breakdown by age,_T,Total,USD_M3,US dollars per cubic metre,_Z,Not Applicable,_Z,Not Applicable,_Z,Not Applicable,2011,189.3536327,WB_CLEAR,Climate and Economic Analyses for Resilience in Water (CLEAR Water),0,Units,CUR,Currency,602,CCYY,A,Normal value,PU,Public
datastructure,WB.DATA360:DS_DATA360(1.2),I,A,Annual,CAN,Canada,WB_CLEAR_AQUASTAT_4554,SDG 6.4.1. Services Water Use Efficiency (US$/m3),_T,Total,_T,All age ranges or no breakdown by age,_T,Total,USD_M3,US dollars per cubic metre,_Z,Not Applicable,_Z,Not Applicable,_Z,Not Applicable,2010,179.2446407,WB_CLEAR,Climate and Economic Analyses for Resilience in Water (CLEAR Water),0,Units,CUR,Currency,602,CCYY,A,Normal value,PU,Public
datastructure,WB.DATA360:DS_DATA360(1.2),I,A,Annual,CAN,Canada,WB_CLEAR_AQUASTAT_4554,SDG 6.4.1. Services Water Use Efficiency (US$/m3),_T,Total,_T,All age ranges or no breakdown by age,_T,Total,USD_M3,US dollars per cubic metre,_Z,Not Applicable,_Z,Not Applicable,_Z,Not Applicable,2009,170.6096392,WB_CLEAR,Climate and Economic Analyses for Resilience in Water (CLEAR Water),0,Units,CUR,Currency,602,CCYY,A,Normal value,PU,Public
datastructure,WB.DATA360:DS_DATA360(1.2),I,A,Annual,CAN,Canada,WB_CLEAR_AQUASTAT_4554,SDG 6.4.1. Services Water Use Efficiency (US$/m3),_T,Total,_T,All age ranges or no breakdown by age,_T,Total,USD_M3,US dollars per cubic metre,_Z,Not Applicable,_Z,Not Applicable,_Z,Not Applicable,2008,160.0652803,WB_CLEAR,Climate and Economic Analyses for Resilience in Water (CLEAR Water),0,Units,CUR,Currency,602,CCYY,A,Normal value,PU,Public
datastructure,WB.DATA360:DS_DATA360(1.2),I,A,Annual,CAN,Canada,WB_CLEAR_AQUASTAT_4554,SDG 6.4.1. Services Water Use Efficiency (US$/m3),_T,Total,_T,All age ranges or no breakdown by age,_T,Total,USD_M3,US dollars per cubic metre,_Z,Not Applicable,_Z,Not Applicable,_Z,Not Applicable,2006,151.7091626,WB_CLEAR,Climate and Economic Analyses for Resilience in Water (CLEAR Water),0,Units,CUR,Currency,602,CCYY,A,Normal value,PU,Public
datastructure,WB.DATA360:DS_DATA360(1.2),I,A,Annual,CAN,Canada,WB_CLEAR_AQUASTAT_4554,SDG 6.4.1. Services Water Use Efficiency (US$/m3),_T,Total,_T,All age ranges or no breakdown by age,_T,Total,USD_M3,US dollars per cubic metre,_Z,Not Applicable,_Z,Not Applicable,_Z,Not Applicable,2005,147.7949546,WB_CLEAR,Climate and Economic Analyses for Resilience in Water (CLEAR Water),0,Units,CUR,Currency,602,CCYY,A,Normal value,PU,Public
datastructure,WB.DATA360:DS_DATA360(1.2),I,A,Annual,CAN,Canada,WB_CLEAR_AQUASTAT_4554,SDG 6.4.1. Services Water Use Efficiency (US$/m3),_T,Total,_T,All age ranges or no breakdown by age,_T,Total,USD_M3,US dollars per cubic metre,_Z,Not Applicable,_Z,Not Applicable,_Z,Not Applicable,2004,145.2550106,WB_CLEAR,Climate and Economic Analyses for Resilience in Water (CLEAR Water),0,Units,CUR,Currency,602,CCYY,A,Normal value,PU,Public
datastructure,WB.DATA360:DS_DATA360(1.2),I,A,Annual,CAN,Canada,WB_CLEAR_AQUASTAT_4554,SDG 6.4.1. Services Water Use Efficiency (US$/m3),_T,Total,_T,All age ranges or no breakdown by age,_T,Total,USD_M3,US dollars per cubic metre,_Z,Not Applicable,_Z,Not Applicable,_Z,Not Applicable,2003,143.5931962,WB_CLEAR,Climate and Economic Analyses for Resilience in Water (CLEAR Water),0,Units,CUR,Currency,602,CCYY,A,Normal value,PU,Public
datastructure,WB.DATA360:DS_DATA360(1.2),I,A,Annual,CAN,Canada,WB_CLEAR_AQUASTAT_4554,SDG 6.4.1. Services Water Use Efficiency (US$/m3),_T,Total,_T,All age ranges or no breakdown by age,_T,Total,USD_M3,US dollars per cubic metre,_Z,Not Applicable,_Z,Not Applicable,_Z,Not Applicable,2001,138.4049025,WB_CLEAR,Climate and Economic Analyses for Resilience in Water (CLEAR Water),0,Units,CUR,Currency,602,CCYY,A,Normal value,PU,Public
datastructure,WB.DATA360:DS_DATA360(1.2),I,A,Annual,CAN,Canada,WB_CLEAR_AQUASTAT_4554,SDG 6.4.1. Services Water Use Efficiency (US$/m3),_T,Total,_T,All age ranges or no breakdown by age,_T,Total,USD_M3,US dollars per cubic metre,_Z,Not Applicable,_Z,Not Applicable,_Z,Not Applicable,2000,134.6872626,WB_CLEAR,Climate and Economic Analyses for Resilience in Water (CLEAR Water),0,Units,CUR,Currency,602,CCYY,A,Normal value,PU,Public
datastructure,WB.DATA360:DS_DATA360(1.2),I,A,Annual,CAN,Canada,WB_CLEAR_AQUASTAT_4554,SDG 6.4.1. Services Water Use Efficiency (US$/m3),_T,Total,_T,All age ranges or no breakdown by age,_T,Total,USD_M3,US dollars per cubic metre,_Z,Not Applicable,_Z,Not Applicable,_Z,Not Applicable,1999,132.1417013,WB_CLEAR,Climate and Economic Analyses for Resilience in Water (CLEAR Water),0,Units,CUR,Currency,602,CCYY,A,Normal value,PU,Public
datastructure,WB.DATA360:DS_DATA360(1.2),I,A,Annual,CAN,Canada,WB_CLEAR_AQUASTAT_4554,SDG 6.4.1. Services Water Use Efficiency (US$/m3),_T,Total,_T,All age ranges or no breakdown by age,_T,Total,USD_M3,US dollars per cubic metre,_Z,Not Applicable,_Z,Not Applicable,_Z,Not Applicable,1998,129.1230763,WB_CLEAR,Climate and Economic Analyses for Resilience in Water (CLEAR Water),0,Units,CUR,Currency,602,CCYY,A,Normal value,PU,Public
datastructure,WB.DATA360:DS_DATA360(1.2),I,A,Annual,CAN,Canada,WB_CLEAR_AQUASTAT_4554,SDG 6.4.1. Services Water Use Efficiency (US$/m3),_T,Total,_T,All age ranges or no breakdown by age,_T,Total,USD_M3,US dollars per cubic metre,_Z,Not Applicable,_Z,Not Applicable,_Z,Not Applicable,1996,120.7537668,WB_CLEAR,Climate and Economic Analyses for Resilience in Water (CLEAR Water),0,Units,CUR,Currency,602,CCYY,A,Normal value,PU,Public
datastructure,WB.DATA360:DS_DATA360(1.2),I,A,Annual,CAN,Canada,WB_CLEAR_AQUASTAT_4554,SDG 6.4.1. Services Water Use Efficiency (US$/m3),_T,Total,_T,All age ranges or no breakdown by age,_T,Total,USD_M3,US dollars per cubic metre,_Z,Not Applicable,_Z,Not Applicable,_Z,Not Applicable,1995,119.6026402,WB_CLEAR,Climate and Economic Analyses for Resilience in Water (CLEAR Water),0,Units,CUR,Currency,602,CCYY,A,Normal value,PU,Public
datastructure,WB.DATA360:DS_DATA360(1.2),I,A,Annual,CAN,Canada,WB_CLEAR_AQUASTAT_4554,SDG 6.4.1. Services Water Use Efficiency (US$/m3),_T,Total,_T,All age ranges or no breakdown by age,_T,Total,USD_M3,US dollars per cubic metre,_Z,Not Applicable,_Z,Not Applicable,_Z,Not Applicable,1994,118.437593,WB_CLEAR,Climate and Economic Analyses for Resilience in Water (CLEAR Water),0,Units,CUR,Currency,602,CCYY,A,Normal value,PU,Public
datastructure,WB.DATA360:DS_DATA360(1.2),I,A,Annual,CAN,Canada,WB_CLEAR_AQUASTAT_4554,SDG 6.4.1. Services Water Use Efficiency (US$/m3),_T,Total,_T,All age ranges or no breakdown by age,_T,Total,USD_M3,US dollars per cubic metre,_Z,Not Applicable,_Z,Not Applicable,_Z,Not Applicable,1993,115.4584703,WB_CLEAR,Climate and Economic Analyses for Resilience in Water (CLEAR Water),0,Units,CUR,Currency,602,CCYY,A,Normal value,PU,Public
datastructure,WB.DATA360:DS_DATA360(1.2),I,A,Annual,CAN,Canada,WB_CLEAR_AQUASTAT_4554,SDG 6.4.1. Services Water Use Efficiency (US$/m3),_T,Total,_T,All age ranges or no breakdown by age,_T,Total,USD_M3,US dollars per cubic metre,_Z,Not Applicable,_Z,Not Applicable,_Z,Not Applicable,1991,111.7462571,WB_CLEAR,Climate and Economic Analyses for Resilience in Water (CLEAR Water),0,Units,CUR,Currency,602,CCYY,A,Normal value,PU,Public
datastructure,WB.DATA360:DS_DATA360(1.2),I,A,Annual,DEU,Germany,WB_CLEAR_AQUASTAT_4554,SDG 6.4.1. Services Water Use Efficiency (US$/m3),_T,Total,_T,All age ranges or no breakdown by age,_T,Total,USD_M3,US dollars per cubic metre,_Z,Not Applicable,_Z,Not Applicable,_Z,Not Applicable,2016,211.8802027,WB_CLEAR,Climate and Economic Analyses for Resilience in Water (CLEAR Water),0,Units,CUR,Currency,602,CCYY,A,Normal value,PU,Public
datastructure,WB.DATA360:DS_DATA360(1.2),I,A,Annual,DEU,Germany,WB_CLEAR_AQUASTAT_4554,SDG 6.4.1. Services Water Use Efficiency (US$/m3),_T,Total,_T,All age ranges or no breakdown by age,_T,Total,USD_M3,US dollars per cubic metre,_Z,Not Applicable,_Z,Not Applicable,_Z,Not Applicable,2015,208.3449894,WB_CLEAR,Climate and Economic Analyses for Resilience in Water (CLEAR Water),0,Units,CUR,Currency,602,CCYY,A,Normal value,PU,Public
datastructure,WB.DATA360:DS_DATA360(1.2),I,A,Annual,DEU,Germany,WB_CLEAR_AQUASTAT_4554,SDG 6.4.1. Services Water Use Efficiency (US$/m3),_T,Total,_T,All age ranges or no breakdown by age,_T,Total,USD_M3,US dollars per cubic metre,_Z,Not Applicable,_Z,Not Applicable,_Z,Not Applicable,2014,204.5605545,WB_CLEAR,Climate and Economic Analyses for Resilience in Water (CLEAR Water),0,Units,CUR,Currency,602,CCYY,A,Normal value,PU,Public
datastructure,WB.DATA360:DS_DATA360(1.2),I,A,Annual,DEU,Germany,WB_CLEAR_AQUASTAT_4554,SDG 6.4.1. Services Water Use Efficiency (US$/m3),_T,Total,_T,All age ranges or no breakdown by age,_T,Total,USD_M3,US dollars per cubic metre,_Z,Not Applicable,_Z,Not Applicable,_Z,Not Applicable,2013,200.3736274,WB_CLEAR,Climate and Economic Analyses for Resilience in Water (CLEAR Water),0,Units,CUR,Currency,602,CCYY,A,Normal value,PU,Public
datastructure,WB.DATA360:DS_DATA360(1.2),I,A,Annual,DEU,Germany,WB_CLEAR_AQUASTAT_4554,SDG 6.4.1. Services Water Use Efficiency (US$/m3),_T,Total,_T,All age ranges or no breakdown by age,_T,Total,USD_M3,US dollars per cubic metre,_Z,Not Applicable,_Z,Not Applicable,_Z,Not Applicable,2011,195.1877512,WB_CLEAR,Climate and Economic Analyses for Resilience in Water (CLEAR Water),0,Units,CUR,Currency,602,CCYY,A,Normal value,PU,Public
datastructure,WB.DATA360:DS_DATA360(1.2),I,A,Annual,DEU,Germany,WB_CLEAR_AQUASTAT_4554,SDG 6.4.1. Services Water Use Efficiency (US$/m3),_T,Total,_T,All age ranges or no breakdown by age,_T,Total,USD_M3,US dollars per cubic metre,_Z,Not Applicable,_Z,Not Applicable,_Z,Not Applicable,2010,189.0865908,WB_CLEAR,Climate and Economic Analyses for Resilience in Water (CLEAR Water),0,Units,CUR,Currency,602,CCYY,A,Normal value,PU,Public
datastructure,WB.DATA360:DS_DATA360(1.2),I,A,Annual,DEU,Germany,WB_CLEAR_AQUASTAT_4554,SDG 6.4.1. Services Water Use Efficiency (US$/m3),_T,Total,_T,All age ranges or no breakdown by age,_T,Total,USD_M3,US dollars per cubic metre,_Z,Not Applicable,_Z,Not Applicable,_Z,Not Applicable,2009,185.7892505,WB_CLEAR,Climate and Economic Analyses for Resilience in Water (CLEAR Water),0,Units,CUR,Currency,602,CCYY,A,Normal value,PU,Public
datastructure,WB.DATA360:DS_DATA360(1.2),I,A,Annual,DEU,Germany,WB_CLEAR_AQUASTAT_4554,SDG 6.4.1. Services Water Use Efficiency (US$/m3),_T,Total,_T,All age ranges or no breakdown by age,_T,Total,USD_M3,US dollars per cubic metre,_Z,Not Applicable,_Z,Not Applicable,_Z,Not Applicable,2008,189.324168,WB_CLEAR,Climate and Economic Analyses for Resilience in Water (CLEAR Water),0,Units,CUR,Currency,602,CCYY,A,Normal value,PU,Public
datastructure,WB.DATA360:DS_DATA360(1.2),I,A,Annual,DEU,Germany,WB_CLEAR_AQUASTAT_4554,SDG 6.4.1. Services Water Use Efficiency (US$/m3),_T,Total,_T,All age ranges or no breakdown by age,_T,Total,USD_M3,US dollars per cubic metre,_Z,Not Applicable,_Z,Not Applicable,_Z,Not Applicable,2006,183.4462617,WB_CLEAR,Climate and Economic Analyses for Resilience in Water (CLEAR Water),0,Units,CUR,Currency,602,CCYY,A,Normal value,PU,Public
datastructure,WB.DATA360:DS_DATA360(1.2),I,A,Annual,DEU,Germany,WB_CLEAR_AQUASTAT_4554,SDG 6.4.1. Services Water Use Efficiency (US$/m3),_T,Total,_T,All age ranges or no breakdown by age,_T,Total,USD_M3,US dollars per cubic metre,_Z,Not Applicable,_Z,Not Applicable,_Z,Not Applicable,2005,180.5305589,WB_CLEAR,Climate and Economic Analyses for Resilience in Water (CLEAR Water),0,Units,CUR,Currency,602,CCYY,A,Normal value,PU,Public
datastructure,WB.DATA360:DS_DATA360(1.2),I,A,Annual,DEU,Germany,WB_CLEAR_AQUASTAT_4554,SDG 6.4.1. Services Water Use Efficiency (US$/m3),_T,Total,_T,All age ranges or no breakdown by age,_T,Total,USD_M3,US dollars per cubic metre,_Z,Not Applicable,_Z,Not Applicable,_Z,Not Applicable,2004,180.8711152,WB_CLEAR,Climate and Economic Analyses for Resilience in Water (CLEAR Water),0,Units,CUR,Currency,602,CCYY,A,Normal value,PU,Public
datastructure,WB.DATA360:DS_DATA360(1.2),I,A,Annual,DEU,Germany,WB_CLEAR_AQUASTAT_4554,SDG 6.4.1. Services Water Use Efficiency (US$/m3),_T,Total,_T,All age ranges or no breakdown by age,_T,Total,USD_M3,US dollars per cubic metre,_Z,Not Applicable,_Z,Not Applicable,_Z,Not Applicable,2003,173.241995,WB_CLEAR,Climate and Economic Analyses for Resilience in Water (CLEAR Water),0,Units,CUR,Currency,602,CCYY,A,Normal value,PU,Public
datastructure,WB.DATA360:DS_DATA360(1.2),I,A,Annual,DEU,Germany,WB_CLEAR_AQUASTAT_4554,SDG 6.4.1. Services Water Use Efficiency (US$/m3),_T,Total,_T,All age ranges or no breakdown by age,_T,Total,USD_M3,US dollars per cubic metre,_Z,Not Applicable,_Z,Not Applicable,_Z,Not Applicable,2001,162.6053862,WB_CLEAR,Climate and Economic Analyses for Resilience in Water (CLEAR Water),0,Units,CUR,Currency,602,CCYY,A,Normal value,PU,Public
datastructure,WB.DATA360:DS_DATA360(1.2),I,A,Annual,DEU,Germany,WB_CLEAR_AQUASTAT_4554,SDG 6.4.1. Services Water Use Efficiency (US$/m3),_T,Total,_T,All age ranges or no breakdown by age,_T,Total,USD_M3,US dollars per cubic metre,_Z,Not Applicable,_Z,Not Applicable,_Z,Not Applicable,2000,158.6437239,WB_CLEAR,Climate and Economic Analyses for Resilience in Water (CLEAR Water),0,Units,CUR,Currency,602,CCYY,A,Normal value,PU,Public
datastructure,WB.DATA360:DS_DATA360(1.2),I,A,Annual,DEU,Germany,WB_CLEAR_AQUASTAT_4554,SDG 6.4.1. Services Water Use Efficiency (US$/m3),_T,Total,_T,All age ranges or no breakdown by age,_T,Total,USD_M3,US dollars per cubic metre,_Z,Not Applicable,_Z,Not Applicable,_Z,Not Applicable,1999,156.1465858,WB_CLEAR,Climate and Economic Analyses for Resilience in Water (CLEAR Water),0,Units,CUR,Currency,602,CCYY,A,Normal value,PU,Public
datastructure,WB.DATA360:DS_DATA360(1.2),I,A,Annual,DEU,Germany,WB_CLEAR_AQUASTAT_4554,SDG 6.4.1. Services Water Use Efficiency (US$/m3),_T,Total,_T,All age ranges or no breakdown by age,_T,Total,USD_M3,US dollars per cubic metre,_Z,Not Applicable,_Z,Not Applicable,_Z,Not Applicable,1998,155.8089879,WB_CLEAR,Climate and Economic Analyses for Resilience in Water (CLEAR Water),0,Units,CUR,Currency,602,CCYY,A,Normal value,PU,Public
datastructure,WB.DATA360:DS_DATA360(1.2),I,A,Annual,DEU,Germany,WB_CLEAR_AQUASTAT_4554,SDG 6.4.1. Services Water Use Efficiency (US$/m3),_T,Total,_T,All age ranges or no breakdown by age,_T,Total,USD_M3,US dollars per cubic metre,_Z,Not Applicable,_Z,Not Applicable,_Z,Not Applicable,1996,145.1828433,WB_CLEAR,Climate and Economic Analyses for Resilience in Water (CLEAR Water),0,Units,CUR,Currency,602,CCYY,A,Normal value,PU,Public
datastructure,WB.DATA360:DS_DATA360(1.2),I,A,Annual,DEU,Germany,WB_CLEAR_AQUASTAT_4554,SDG 6.4.1. Services Water Use Efficiency (US$/m3),_T,Total,_T,All age ranges or no breakdown by age,_T,Total,USD_M3,US dollars per cubic metre,_Z,Not Applicable,_Z,Not Applicable,_Z,Not Applicable,1995,139.4214863,WB_CLEAR,Climate and Economic Analyses for Resilience in Water (CLEAR Water),0,Units,CUR,Currency,602,CCYY,A,Normal value,PU,Public
datastructure,WB.DATA360:DS_DATA360(1.2),I,A,Annual,DEU,Germany,WB_CLEAR_AQUASTAT_4554,SDG 6.4.1. Services Water Use Efficiency (US$/m3),_T,Total,_T,All age ranges or no breakdown by age,_T,Total,USD_M3,US dollars per cubic metre,_Z,Not Applicable,_Z,Not Applicable,_Z,Not Applicable,1994,139.0357819,WB_CLEAR,Climate and Economic Analyses for Resilience in Water (CLEAR Water),0,Units,CUR,Currency,602,CCYY,A,Normal value,PU,Public
datastructure,WB.DATA360:DS_DATA360(1.2),I,A,Annual,DEU,Germany,WB_CLEAR_AQUASTAT_4554,SDG 6.4.1. Services Water Use Efficiency (US$/m3),_T,Total,_T,All age ranges or no breakdown by age,_T,Total,USD_M3,US dollars per cubic metre,_Z,Not Applicable,_Z,Not Applicable,_Z,Not Applicable,1993,139.253886,WB_CLEAR,Climate and Economic Analyses for Resilience in Water (CLEAR Water),0,Units,CUR,Currency,602,CCYY,A,Normal value,PU,Public
datastructure,WB.DATA360:DS_DATA360(1.2),I,A,Annual,DEU,Germany,WB_CLEAR_AQUASTAT_4554,SDG 6.4.1. Services Water Use Efficiency (US$/m3),_T,Total,_T,All age ranges or no breakdown by age,_T,Total,USD_M3,US dollars per cubic metre,_Z,Not Applicable,_Z,Not Applicable,_Z,Not Applicable,1991,136.8620486,WB_CLEAR,Climate and Economic Analyses for Resilience in Water (CLEAR Water),0,Units,CUR,Currency,602,CCYY,A,Normal value,PU,Public
datastructure,WB.DATA360:DS_DATA360(1.2),I,A,Annual,CHL,Chile,WB_CLEAR_AQUASTAT_4554,SDG 6.4.1. Services Water Use Efficiency (US$/m3),_T,Total,_T,All age ranges or no breakdown by age,_T,Total,USD_M3,US dollars per cubic metre,_Z,Not Applicable,_Z,Not Applicable,_Z,Not Applicable,2016,118.5436929,WB_CLEAR,Climate and Economic Analyses for Resilience in Water (CLEAR Water),0,Units,CUR,Currency,602,CCYY,A,Normal value,PU,Public
datastructure,WB.DATA360:DS_DATA360(1.2),I,A,Annual,CHL,Chile,WB_CLEAR_AQUASTAT_4554,SDG 6.4.1. Services Water Use Efficiency (US$/m3),_T,Total,_T,All age ranges or no breakdown by age,_T,Total,USD_M3,US dollars per cubic metre,_Z,Not Applicable,_Z,Not Applicable,_Z,Not Applicable,2015,115.2644249,WB_CLEAR,Climate and Economic Analyses for Resilience in Water (CLEAR Water),0,Units,CUR,Currency,602,CCYY,A,Normal value,PU,Public
datastructure,WB.DATA360:DS_DATA360(1.2),I,A,Annual,CHL,Chile,WB_CLEAR_AQUASTAT_4554,SDG 6.4.1. Services Water Use Efficiency (US$/m3),_T,Total,_T,All age ranges or no breakdown by age,_T,Total,USD_M3,US dollars per cubic metre,_Z,Not Applicable,_Z,Not Applicable,_Z,Not Applicable,2014,109.7496091,WB_CLEAR,Climate and Economic Analyses for Resilience in Water (CLEAR Water),0,Units,CUR,Currency,602,CCYY,A,Normal value,PU,Public
datastructure,WB.DATA360:DS_DATA360(1.2),I,A,Annual,CHL,Chile,WB_CLEAR_AQUASTAT_4554,SDG 6.4.1. Services Water Use Efficiency (US$/m3),_T,Total,_T,All age ranges or no breakdown by age,_T,Total,USD_M3,US dollars per cubic metre,_Z,Not Applicable,_Z,Not Applicable,_Z,Not Applicable,2013,108.6747001,WB_CLEAR,Climate and Economic Analyses for Resilience in Water (CLEAR Water),0,Units,CUR,Currency,602,CCYY,A,Normal value,PU,Public
datastructure,WB.DATA360:DS_DATA360(1.2),I,A,Annual,CHL,Chile,WB_CLEAR_AQUASTAT_4554,SDG 6.4.1. Services Water Use Efficiency (US$/m3),_T,Total,_T,All age ranges or no breakdown by age,_T,Total,USD_M3,US dollars per cubic metre,_Z,Not Applicable,_Z,Not Applicable,_Z,Not Applicable,2011,94.4121051,WB_CLEAR,Climate and Economic Analyses for Resilience in Water (CLEAR Water),0,Units,CUR,Currency,602,CCYY,A,Normal value,PU,Public
datastructure,WB.DATA360:DS_DATA360(1.2),I,A,Annual,CHL,Chile,WB_CLEAR_AQUASTAT_4554,SDG 6.4.1. Services Water Use Efficiency (US$/m3),_T,Total,_T,All age ranges or no breakdown by age,_T,Total,USD_M3,US dollars per cubic metre,_Z,Not Applicable,_Z,Not Applicable,_Z,Not Applicable,2010,88.10798605,WB_CLEAR,Climate and Economic Analyses for Resilience in Water (CLEAR Water),0,Units,CUR,Currency,602,CCYY,A,Normal value,PU,Public
datastructure,WB.DATA360:DS_DATA360(1.2),I,A,Annual,CHL,Chile,WB_CLEAR_AQUASTAT_4554,SDG 6.4.1. Services Water Use Efficiency (US$/m3),_T,Total,_T,All age ranges or no breakdown by age,_T,Total,USD_M3,US dollars per cubic metre,_Z,Not Applicable,_Z,Not Applicable,_Z,Not Applicable,2009,85.59407708,WB_CLEAR,Climate and Economic Analyses for Resilience in Water (CLEAR Water),0,Units,CUR,Currency,602,CCYY,A,Normal value,PU,Public
datastructure,WB.DATA360:DS_DATA360(1.2),I,A,Annual,CHL,Chile,WB_CLEAR_AQUASTAT_4554,SDG 6.4.1. Services Water Use Efficiency (US$/m3),_T,Total,_T,All age ranges or no breakdown by age,_T,Total,USD_M3,US dollars per cubic metre,_Z,Not Applicable,_Z,Not Applicable,_Z,Not Applicable,2008,85.73557915,WB_CLEAR,Climate and Economic Analyses for Resilience in Water (CLEAR Water),0,Units,CUR,Currency,602,CCYY,A,Normal value,PU,Public
datastructure,WB.DATA360:DS_DATA360(1.2),I,A,Annual,CHL,Chile,WB_CLEAR_AQUASTAT_4554,SDG 6.4.1. Services Water Use Efficiency (US$/m3),_T,Total,_T,All age ranges or no breakdown by age,_T,Total,USD_M3,US dollars per cubic metre,_Z,Not Applicable,_Z,Not Applicable,_Z,Not Applicable,2006,69.93716547,WB_CLEAR,Climate and Economic Analyses for Resilience in Water (CLEAR Water),0,Units,CUR,Currency,602,CCYY,A,Normal value,PU,Public
datastructure,WB.DATA360:DS_DATA360(1.2),I,A,Annual,CHL,Chile,WB_CLEAR_AQUASTAT_4554,SDG 6.4.1. Services Water Use Efficiency (US$/m3),_T,Total,_T,All age ranges or no breakdown by age,_T,Total,USD_M3,US dollars per cubic metre,_Z,Not Applicable,_Z,Not Applicable,_Z,Not Applicable,2005,72.58922003,WB_CLEAR,Climate and Economic Analyses for Resilience in Water (CLEAR Water),0,Units,CUR,Currency,602,CCYY,A,Normal value,PU,Public
datastructure,WB.DATA360:DS_DATA360(1.2),I,A,Annual,CHL,Chile,WB_CLEAR_AQUASTAT_4554,SDG 6.4.1. Services Water Use Efficiency (US$/m3),_T,Total,_T,All age ranges or no breakdown by age,_T,Total,USD_M3,US dollars per cubic metre,_Z,Not Applicable,_Z,Not Applicable,_Z,Not Applicable,2004,71.61009288,WB_CLEAR,Climate and Economic Analyses for Resilience in Water (CLEAR Water),0,Units,CUR,Currency,602,CCYY,A,Normal value,PU,Public
datastructure,WB.DATA360:DS_DATA360(1.2),I,A,Annual,CHL,Chile,WB_CLEAR_AQUASTAT_4554,SDG 6.4.1. Services Water Use Efficiency (US$/m3),_T,Total,_T,All age ranges or no breakdown by age,_T,Total,USD_M3,US dollars per cubic metre,_Z,Not Applicable,_Z,Not Applicable,_Z,Not Applicable,2003,71.93556489,WB_CLEAR,Climate and Economic Analyses for Resilience in Water (CLEAR Water),0,Units,CUR,Currency,602,CCYY,A,Normal value,PU,Public
datastructure,WB.DATA360:DS_DATA360(1.2),I,A,Annual,CHL,Chile,WB_CLEAR_AQUASTAT_4554,SDG 6.4.1. Services Water Use Efficiency (US$/m3),_T,Total,_T,All age ranges or no breakdown by age,_T,Total,USD_M3,US dollars per cubic metre,_Z,Not Applicable,_Z,Not Applicable,_Z,Not Applicable,2001,69.72774837,WB_CLEAR,Climate and Economic Analyses for Resilience in Water (CLEAR Water),0,Units,CUR,Currency,602,CCYY,A,Normal value,PU,Public
datastructure,WB.DATA360:DS_DATA360(1.2),I,A,Annual,CHL,Chile,WB_CLEAR_AQUASTAT_4554,SDG 6.4.1. Services Water Use Efficiency (US$/m3),_T,Total,_T,All age ranges or no breakdown by age,_T,Total,USD_M3,US dollars per cubic metre,_Z,Not Applicable,_Z,Not Applicable,_Z,Not Applicable,2000,69.26622032,WB_CLEAR,Climate and Economic Analyses for Resilience in Water (CLEAR Water),0,Units,CUR,Currency,602,CCYY,A,Normal value,PU,Public
datastructure,WB.DATA360:DS_DATA360(1.2),I,A,Annual,CHL,Chile,WB_CLEAR_AQUASTAT_4554,SDG 6.4.1. Services Water Use Efficiency (US$/m3),_T,Total,_T,All age ranges or no breakdown by age,_T,Total,USD_M3,US dollars per cubic metre,_Z,Not Applicable,_Z,Not Applicable,_Z,Not Applicable,1999,66.50431278,WB_CLEAR,Climate and Economic Analyses for Resilience in Water (CLEAR Water),0,Units,CUR,Currency,602,CCYY,A,Normal value,PU,Public
datastructure,WB.DATA360:DS_DATA360(1.2),I,A,Annual,CHL,Chile,WB_CLEAR_AQUASTAT_4554,SDG 6.4.1. Services Water Use Efficiency (US$/m3),_T,Total,_T,All age ranges or no breakdown by age,_T,Total,USD_M3,US dollars per cubic metre,_Z,Not Applicable,_Z,Not Applicable,_Z,Not Applicable,1998,66.5707196,WB_CLEAR,Climate and Economic Analyses for Resilience in Water (CLEAR Water),0,Units,CUR,Currency,602,CCYY,A,Normal value,PU,Public
datastructure,WB.DATA360:DS_DATA360(1.2),I,A,Annual,CHL,Chile,WB_CLEAR_AQUASTAT_4554,SDG 6.4.1. Services Water Use Efficiency (US$/m3),_T,Total,_T,All age ranges or no breakdown by age,_T,Total,USD_M3,US dollars per cubic metre,_Z,Not Applicable,_Z,Not Applicable,_Z,Not Applicable,1996,56.88618358,WB_CLEAR,Climate and Economic Analyses for Resilience in Water (CLEAR Water),0,Units,CUR,Currency,602,CCYY,A,Normal value,PU,Public
datastructure,WB.DATA360:DS_DATA360(1.2),I,A,Annual,CHL,Chile,WB_CLEAR_AQUASTAT_4554,SDG 6.4.1. Services Water Use Efficiency (US$/m3),_T,Total,_T,All age ranges or no breakdown by age,_T,Total,USD_M3,US dollars per cubic metre,_Z,Not Applicable,_Z,Not Applicable,_Z,Not Applicable,1995,50.53834985,WB_CLEAR,Climate and Economic Analyses for Resilience in Water (CLEAR Water),0,Units,CUR,Currency,602,CCYY,A,Normal value,PU,Public
datastructure,WB.DATA360:DS_DATA360(1.2),I,A,Annual,CHL,Chile,WB_CLEAR_AQUASTAT_4554,SDG 6.4.1. Services Water Use Efficiency (US$/m3),_T,Total,_T,All age ranges or no breakdown by age,_T,Total,USD_M3,US dollars per cubic metre,_Z,Not Applicable,_Z,Not Applicable,_Z,Not Applicable,1994,46.44711202,WB_CLEAR,Climate and Economic Analyses for Resilience in Water (CLEAR Water),0,Units,CUR,Currency,602,CCYY,A,Normal value,PU,Public
datastructure,WB.DATA360:DS_DATA360(1.2),I,A,Annual,CHL,Chile,WB_CLEAR_AQUASTAT_4554,SDG 6.4.1. Services Water Use Efficiency (US$/m3),_T,Total,_T,All age ranges or no breakdown by age,_T,Total,USD_M3,US dollars per cubic metre,_Z,Not Applicable,_Z,Not Applicable,_Z,Not Applicable,1993,43.59846215,WB_CLEAR,Climate and Economic Analyses for Resilience in Water (CLEAR Water),0,Units,CUR,Currency,602,CCYY,A,Normal value,PU,Public
datastructure,WB.DATA360:DS_DATA360(1.2),I,A,Annual,CHL,Chile,WB_CLEAR_AQUASTAT_4554,SDG 6.4.1. Services Water Use Efficiency (US$/m3),_T,Total,_T,All age ranges or no breakdown by age,_T,Total,USD_M3,US dollars per cubic metre,_Z,Not Applicable,_Z,Not Applicable,_Z,Not Applicable,1991,34.26445335,WB_CLEAR,Climate and Economic Analyses for Resilience in Water (CLEAR Water),0,Units,CUR,Currency,602,CCYY,A,Normal value,PU,Public
datastructure,WB.DATA360:DS_DATA360(1.2),I,A,Annual,CHL,Chile,WB_CLEAR_AQUASTAT_4554,SDG 6.4.1. Services Water Use Efficiency (US$/m3),_T,Total,_T,All age ranges or no breakdown by age,_T,Total,USD_M3,US dollars per cubic metre,_Z,Not Applicable,_Z,Not Applicable,_Z,Not Applicable,1990,32.17122659,WB_CLEAR,Climate and Economic Analyses for Resilience in Water (CLEAR Water),0,Units,CUR,Currency,602,CCYY,A,Normal value,PU,Public
datastructure,WB.DATA360:DS_DATA360(1.2),I,A,Annual,CHL,Chile,WB_CLEAR_AQUASTAT_4554,SDG 6.4.1. Services Water Use Efficiency (US$/m3),_T,Total,_T,All age ranges or no breakdown by age,_T,Total,USD_M3,US dollars per cubic metre,_Z,Not Applicable,_Z,Not Applicable,_Z,Not Applicable,1989,31.49645064,WB_CLEAR,Climate and Economic Analyses for Resilience in Water (CLEAR Water),0,Units,CUR,Currency,602,CCYY,A,Normal value,PU,Public
datastructure,WB.DATA360:DS_DATA360(1.2),I,A,Annual,CHL,Chile,WB_CLEAR_AQUASTAT_4554,SDG 6.4.1. Services Water Use Efficiency (US$/m3),_T,Total,_T,All age ranges or no breakdown by age,_T,Total,USD_M3,US dollars per cubic metre,_Z,Not Applicable,_Z,Not Applicable,_Z,Not Applicable,1988,27.74503157,WB_CLEAR,Climate and Economic Analyses for Resilience in Water (CLEAR Water),0,Units,CUR,Currency,602,CCYY,A,Normal value,PU,Public
datastructure,WB.DATA360:DS_DATA360(1.2),I,A,Annual,CHL,Chile,WB_CLEAR_AQUASTAT_4554,SDG 6.4.1. Services Water Use Efficiency (US$/m3),_T,Total,_T,All age ranges or no breakdown by age,_T,Total,USD_M3,US dollars per cubic metre,_Z,Not Applicable,_Z,Not Applicable,_Z,Not Applicable,1986,27.68932608,WB_CLEAR,Climate and Economic Analyses for Resilience in Water (CLEAR Water),0,Units,CUR,Currency,602,CCYY,A,Normal value,PU,Public
datastructure,WB.DATA360:DS_DATA360(1.2),I,A,Annual,CHL,Chile,WB_CLEAR_AQUASTAT_4554,SDG 6.4.1. Services Water Use Efficiency (US$/m3),_T,Total,_T,All age ranges or no breakdown by age,_T,Total,USD_M3,US dollars per cubic metre,_Z,Not Applicable,_Z,Not Applicable,_Z,Not Applicable,1985,27.17299957,WB_CLEAR,Climate and Economic Analyses for Resilience in Water (CLEAR Water),0,Units,CUR,Currency,602,CCYY,A,Normal value,PU,Public
datastructure,WB.DATA360:DS_DATA360(1.2),I,A,Annual,CHL,Chile,WB_CLEAR_AQUASTAT_4554,SDG 6.4.1. Services Water Use Efficiency (US$/m3),_T,Total,_T,All age ranges or no breakdown by age,_T,Total,USD_M3,US dollars per cubic metre,_Z,Not Applicable,_Z,Not Applicable,_Z,Not Applicable,1984,26.04792146,WB_CLEAR,Climate and Economic Analyses for Resilience in Water (CLEAR Water),0,Units,CUR,Currency,602,CCYY,A,Normal value,PU,Public
datastructure,WB.DATA360:DS_DATA360(1.2),I,A,Annual,CHL,Chile,WB_CLEAR_AQUASTAT_4554,SDG 6.4.1. Services Water Use Efficiency (US$/m3),_T,Total,_T,All age ranges or no breakdown by age,_T,Total,USD_M3,US dollars per cubic metre,_Z,Not Applicable,_Z,Not Applicable,_Z,Not Applicable,1983,26.7805225,WB_CLEAR,Climate and Economic Analyses for Resilience in Water (CLEAR Water),0,Units,CUR,Currency,602,CCYY,A,Normal value,PU,Public
datastructure,WB.DATA360:DS_DATA360(1.2),I,A,Annual,CHL,Chile,WB_CLEAR_AQUASTAT_4554,SDG 6.4.1. Services Water Use Efficiency (US$/m3),_T,Total,_T,All age ranges or no breakdown by age,_T,Total,USD_M3,US dollars per cubic metre,_Z,Not Applicable,_Z,Not Applicable,_Z,Not Applicable,1981,34.97265475,WB_CLEAR,Climate and Economic Analyses for Resilience in Water (CLEAR Water),0,Units,CUR,Currency,602,CCYY,A,Normal value,PU,Public
datastructure,WB.DATA360:DS_DATA360(1.2),I,A,Annual,CHL,Chile,WB_CLEAR_AQUASTAT_4554,SDG 6.4.1. Services Water Use Efficiency (US$/m3),_T,Total,_T,All age ranges or no breakdown by age,_T,Total,USD_M3,US dollars per cubic metre,_Z,Not Applicable,_Z,Not Applicable,_Z,Not Applicable,1980,31.11070693,WB_CLEAR,Climate and Economic Analyses for Resilience in Water (CLEAR Water),0,Units,CUR,Currency,602,CCYY,A,Normal value,PU,Public
datastructure,WB.DATA360:DS_DATA360(1.2),I,A,Annual,CHL,Chile,WB_CLEAR_AQUASTAT_4554,SDG 6.4.1. Services Water Use Efficiency (US$/m3),_T,Total,_T,All age ranges or no breakdown by age,_T,Total,USD_M3,US dollars per cubic metre,_Z,Not Applicable,_Z,Not Applicable,_Z,Not Applicable,1979,27.29814709,WB_CLEAR,Climate and Economic Analyses for Resilience in Water (CLEAR Water),0,Units,CUR,Currency,602,CCYY,A,Normal value,PU,Public
datastructure,WB.DATA360:DS_DATA360(1.2),I,A,Annual,CHL,Chile,WB_CLEAR_AQUASTAT_4554,SDG 6.4.1. Services Water Use Efficiency (US$/m3),_T,Total,_T,All age ranges or no breakdown by age,_T,Total,USD_M3,US dollars per cubic metre,_Z,Not Applicable,_Z,Not Applicable,_Z,Not Applicable,1978,25.23739811,WB_CLEAR,Climate and Economic Analyses for Resilience in Water (CLEAR Water),0,Units,CUR,Currency,602,CCYY,A,Normal value,PU,Public
datastructure,WB.DATA360:DS_DATA360(1.2),I,A,Annual,CHL,Chile,WB_CLEAR_AQUASTAT_4554,SDG 6.4.1. Services Water Use Efficiency (US$/m3),_T,Total,_T,All age ranges or no breakdown by age,_T,Total,USD_M3,US dollars per cubic metre,_Z,Not Applicable,_Z,Not Applicable,_Z,Not Applicable,1976,19.86411806,WB_CLEAR,Climate and Economic Analyses for Resilience in Water (CLEAR Water),0,Units,CUR,Currency,602,CCYY,A,Normal value,PU,Public
datastructure,WB.DATA360:DS_DATA360(1.2),I,A,Annual,CHL,Chile,WB_CLEAR_AQUASTAT_4554,SDG 6.4.1. Services Water Use Efficiency (US$/m3),_T,Total,_T,All age ranges or no breakdown by age,_T,Total,USD_M3,US dollars per cubic metre,_Z,Not Applicable,_Z,Not Applicable,_Z,Not Applicable,1975,20.62277431,WB_CLEAR,Climate and Economic Analyses for Resilience in Water (CLEAR Water),0,Units,CUR,Currency,602,CCYY,A,Normal value,PU,Public
datastructure,WB.DATA360:DS_DATA360(1.2),I,A,Annual,GHA,Ghana,WB_CLEAR_AQUASTAT_4554,SDG 6.4.1. Services Water Use Efficiency (US$/m3),_T,Total,_T,All age ranges or no breakdown by age,_T,Total,USD_M3,US dollars per cubic metre,_Z,Not Applicable,_Z,Not Applicable,_Z,Not Applicable,1977,22.38687248,WB_CLEAR,Climate and Economic Analyses for Resilience in Water (CLEAR Water),0,Units,CUR,Currency,602,CCYY,A,Normal value,PU,Public
datastructure,WB.DATA360:DS_DATA360(1.2),I,A,Annual,GRC,Greece,WB_CLEAR_AQUASTAT_4554,SDG 6.4.1. Services Water Use Efficiency (US$/m3),_T,Total,_T,All age ranges or no breakdown by age,_T,Total,USD_M3,US dollars per cubic metre,_Z,Not Applicable,_Z,Not Applicable,_Z,Not Applicable,1977,138.7339472,WB_CLEAR,Climate and Economic Analyses for Resilience in Water (CLEAR Water),0,Units,CUR,Currency,602,CCYY,A,Normal value,PU,Public
datastructure,WB.DATA360:DS_DATA360(1.2),I,A,Annual,HUN,Hungary,WB_CLEAR_AQUASTAT_4554,SDG 6.4.1. Services Water Use Efficiency (US$/m3),_T,Total,_T,All age ranges or no breakdown by age,_T,Total,USD_M3,US dollars per cubic metre,_Z,Not Applicable,_Z,Not Applicable,_Z,Not Applicable,1977,37.20471017,WB_CLEAR,Climate and Economic Analyses for Resilience in Water (CLEAR Water),0,Units,CUR,Currency,602,CCYY,A,Normal value,PU,Public
datastructure,WB.DATA360:DS_DATA360(1.2),I,A,Annual,IND,India,WB_CLEAR_AQUASTAT_4554,SDG 6.4.1. Services Water Use Efficiency (US$/m3),_T,Total,_T,All age ranges or no breakdown by age,_T,Total,USD_M3,US dollars per cubic metre,_Z,Not Applicable,_Z,Not Applicable,_Z,Not Applicable,1977,6.960146843,WB_CLEAR,Climate and Economic Analyses for Resilience in Water (CLEAR Water),0,Units,CUR,Currency,602,CCYY,A,Normal value,PU,Public
datastructure,WB.DATA360:DS_DATA360(1.2),I,A,Annual,IRQ,Iraq,WB_CLEAR_AQUASTAT_4554,SDG 6.4.1. Services Water Use Efficiency (US$/m3),_T,Total,_T,All age ranges or no breakdown by age,_T,Total,USD_M3,US dollars per cubic metre,_Z,Not Applicable,_Z,Not Applicable,_Z,Not Applicable,1977,20.98682283,WB_CLEAR,Climate and Economic Analyses for Resilience in Water (CLEAR Water),0,Units,CUR,Currency,602,CCYY,A,Normal value,PU,Public
datastructure,WB.DATA360:DS_DATA360(1.2),I,A,Annual,ISR,Israel,WB_CLEAR_AQUASTAT_4554,SDG 6.4.1. Services Water Use Efficiency (US$/m3),_T,Total,_T,All age ranges or no breakdown by age,_T,Total,USD_M3,US dollars per cubic metre,_Z,Not Applicable,_Z,Not Applicable,_Z,Not Applicable,1977,122.077763,WB_CLEAR,Climate and Economic Analyses for Resilience in Water (CLEAR Water),0,Units,CUR,Currency,602,CCYY,A,Normal value,PU,Public
datastructure,WB.DATA360:DS_DATA360(1.2),I,A,Annual,ITA,Italy,WB_CLEAR_AQUASTAT_4554,SDG 6.4.1. Services Water Use Efficiency (US$/m3),_T,Total,_T,All age ranges or no breakdown by age,_T,Total,USD_M3,US dollars per cubic metre,_Z,Not Applicable,_Z,Not Applicable,_Z,Not Applicable,1977,76.50402679,WB_CLEAR,Climate and Economic Analyses for Resilience in Water (CLEAR Water),0,Units,CUR,Currency,602,CCYY,A,Normal value,PU,Public
datastructure,WB.DATA360:DS_DATA360(1.2),I,A,Annual,JOR,Jordan,WB_CLEAR_AQUASTAT_4554,SDG 6.4.1. Services Water Use Efficiency (US$/m3),_T,Total,_T,All age ranges or no breakdown by age,_T,Total,USD_M3,US dollars per cubic metre,_Z,Not Applicable,_Z,Not Applicable,_Z,Not Applicable,1977,27.47711223,WB_CLEAR,Climate and Economic Analyses for Resilience in Water (CLEAR Water),0,Units,CUR,Currency,602,CCYY,A,Normal value,PU,Public
datastructure,WB.DATA360:DS_DATA360(1.2),I,A,Annual,LBN,Lebanon,WB_CLEAR_AQUASTAT_4554,SDG 6.4.1. Services Water Use Efficiency (US$/m3),_T,Total,_T,All age ranges or no breakdown by age,_T,Total,USD_M3,US dollars per cubic metre,_Z,Not Applicable,_Z,Not Applicable,_Z,Not Applicable,1977,114.5225744,WB_CLEAR,Climate and Economic Analyses for Resilience in Water (CLEAR Water),0,Units,CUR,Currency,602,CCYY,A,Normal value,PU,Public
datastructure,WB.DATA360:DS_DATA360(1.2),I,A,Annual,MLT,Malta,WB_CLEAR_AQUASTAT_4554,SDG 6.4.1. Services Water Use Efficiency (US$/m3),_T,Total,_T,All age ranges or no breakdown by age,_T,Total,USD_M3,US dollars per cubic metre,_Z,Not Applicable,_Z,Not Applicable,_Z,Not Applicable,1977,56.5133378,WB_CLEAR,Climate and Economic Analyses for Resilience in Water (CLEAR Water),0,Units,CUR,Currency,602,CCYY,A,Normal value,PU,Public
datastructure,WB.DATA360:DS_DATA360(1.2),I,A,Annual,MUS,Mauritius,WB_CLEAR_AQUASTAT_4554,SDG 6.4.1. Services Water Use Efficiency (US$/m3),_T,Total,_T,All age ranges or no breakdown by age,_T,Total,USD_M3,US dollars per cubic metre,_Z,Not Applicable,_Z,Not Applicable,_Z,Not Applicable,1977,16.50677892,WB_CLEAR,Climate and Economic Analyses for Resilience in Water (CLEAR Water),0,Units,CUR,Currency,602,CCYY,A,Normal value,PU,Public
datastructure,WB.DATA360:DS_DATA360(1.2),I,A,Annual,PAK,Pakistan,WB_CLEAR_AQUASTAT_4554,SDG 6.4.1. Services Water Use Efficiency (US$/m3),_T,Total,_T,All age ranges or no breakdown by age,_T,Total,USD_M3,US dollars per cubic metre,_Z,Not Applicable,_Z,Not Applicable,_Z,Not Applicable,1977,11.81352487,WB_CLEAR,Climate and Economic Analyses for Resilience in Water (CLEAR Water),0,Units,CUR,Currency,602,CCYY,A,Normal value,PU,Public
datastructure,WB.DATA360:DS_DATA360(1.2),I,A,Annual,QAT,Qatar,WB_CLEAR_AQUASTAT_4554,SDG 6.4.1. Services Water Use Efficiency (US$/m3),_T,Total,_T,All age ranges or no breakdown by age,_T,Total,USD_M3,US dollars per cubic metre,_Z,Not Applicable,_Z,Not Applicable,_Z,Not Applicable,1977,105.4747727,WB_CLEAR,Climate and Economic Analyses for Resilience in Water (CLEAR Water),0,Units,CUR,Currency,602,CCYY,A,Normal value,PU,Public
datastructure,WB.DATA360:DS_DATA360(1.2),I,A,Annual,KOR,"Korea, Rep.",WB_CLEAR_AQUASTAT_4554,SDG 6.4.1. Services Water Use Efficiency (US$/m3),_T,Total,_T,All age ranges or no breakdown by age,_T,Total,USD_M3,US dollars per cubic metre,_Z,Not Applicable,_Z,Not Applicable,_Z,Not Applicable,1977,21.26008829,WB_CLEAR,Climate and Economic Analyses for Resilience in Water (CLEAR Water),0,Units,CUR,Currency,602,CCYY,A,Normal value,PU,Public
datastructure,WB.DATA360:DS_DATA360(1.2),I,A,Annual,ROU,Romania,WB_CLEAR_AQUASTAT_4554,SDG 6.4.1. Services Water Use Efficiency (US$/m3),_T,Total,_T,All age ranges or no breakdown by age,_T,Total,USD_M3,US dollars per cubic metre,_Z,Not Applicable,_Z,Not Applicable,_Z,Not Applicable,1977,12.5272924,WB_CLEAR,Climate and Economic Analyses for Resilience in Water (CLEAR Water),0,Units,CUR,Currency,602,CCYY,A,Normal value,PU,Public
datastructure,WB.DATA360:DS_DATA360(1.2),I,A,Annual,SGP,Singapore,WB_CLEAR_AQUASTAT_4554,SDG 6.4.1. Services Water Use Efficiency (US$/m3),_T,Total,_T,All age ranges or no breakdown by age,_T,Total,USD_M3,US dollars per cubic metre,_Z,Not Applicable,_Z,Not Applicable,_Z,Not Applicable,1977,112.3424007,WB_CLEAR,Climate and Economic Analyses for Resilience in Water (CLEAR Water),0,Units,CUR,Currency,602,CCYY,A,Normal value,PU,Public
datastructure,WB.DATA360:DS_DATA360(1.2),I,A,Annual,SWE,Sweden,WB_CLEAR_AQUASTAT_4554,SDG 6.4.1. Services Water Use Efficiency (US$/m3),_T,Total,_T,All age ranges or no breakdown by age,_T,Total,USD_M3,US dollars per cubic metre,_Z,Not Applicable,_Z,Not Applicable,_Z,Not Applicable,1977,114.8440946,WB_CLEAR,Climate and Economic Analyses for Resilience in Water (CLEAR Water),0,Units,CUR,Currency,602,CCYY,A,Normal value,PU,Public
datastructure,WB.DATA360:DS_DATA360(1.2),I,A,Annual,CHE,Switzerland,WB_CLEAR_AQUASTAT_4554,SDG 6.4.1. Services Water Use Efficiency (US$/m3),_T,Total,_T,All age ranges or no breakdown by age,_T,Total,USD_M3,US dollars per cubic metre,_Z,Not Applicable,_Z,Not Applicable,_Z,Not Applicable,1977,201.3116042,WB_CLEAR,Climate and Economic Analyses for Resilience in Water (CLEAR Water),0,Units,CUR,Currency,602,CCYY,A,Normal value,PU,Public
datastructure,WB.DATA360:DS_DATA360(1.2),I,A,Annual,UGA,Uganda,WB_CLEAR_AQUASTAT_4554,SDG 6.4.1. Services Water Use Efficiency (US$/m3),_T,Total,_T,All age ranges or no breakdown by age,_T,Total,USD_M3,US dollars per cubic metre,_Z,Not Applicable,_Z,Not Applicable,_Z,Not Applicable,1977,19.30545315,WB_CLEAR,Climate and Economic Analyses for Resilience in Water (CLEAR Water),0,Units,CUR,Currency,602,CCYY,A,Normal value,PU,Public
datastructure,WB.DATA360:DS_DATA360(1.2),I,A,Annual,TZA,Tanzania,WB_CLEAR_AQUASTAT_4554,SDG 6.4.1. Services Water Use Efficiency (US$/m3),_T,Total,_T,All age ranges or no breakdown by age,_T,Total,USD_M3,US dollars per cubic metre,_Z,Not Applicable,_Z,Not Applicable,_Z,Not Applicable,1977,25.94772238,WB_CLEAR,Climate and Economic Analyses for Resilience in Water (CLEAR Water),0,Units,CUR,Currency,602,CCYY,A,Normal value,PU,Public
datastructure,WB.DATA360:DS_DATA360(1.2),I,A,Annual,URY,Uruguay,WB_CLEAR_AQUASTAT_4554,SDG 6.4.1. Services Water Use Efficiency (US$/m3),_T,Total,_T,All age ranges or no breakdown by age,_T,Total,USD_M3,US dollars per cubic metre,_Z,Not Applicable,_Z,Not Applicable,_Z,Not Applicable,1977,56.72118679,WB_CLEAR,Climate and Economic Analyses for Resilience in Water (CLEAR Water),0,Units,CUR,Currency,602,CCYY,A,Normal value,PU,Public
datastructure,WB.DATA360:DS_DATA360(1.2),I,A,Annual,VEN,"Venezuela, RB",WB_CLEAR_AQUASTAT_4554,SDG 6.4.1. Services Water Use Efficiency (US$/m3),_T,Total,_T,All age ranges or no breakdown by age,_T,Total,USD_M3,US dollars per cubic metre,_Z,Not Applicable,_Z,Not Applicable,_Z,Not Applicable,1977,32.32283907,WB_CLEAR,Climate and Economic Analyses for Resilience in Water (CLEAR Water),0,Units,CUR,Currency,602,CCYY,A,Normal value,PU,Public
datastructure,WB.DATA360:DS_DATA360(1.2),I,A,Annual,CUB,Cuba,WB_CLEAR_AQUASTAT_4554,SDG 6.4.1. Services Water Use Efficiency (US$/m3),_T,Total,_T,All age ranges or no breakdown by age,_T,Total,USD_M3,US dollars per cubic metre,_Z,Not Applicable,_Z,Not Applicable,_Z,Not Applicable,1977,32.20843005,WB_CLEAR,Climate and Economic Analyses for Resilience in Water (CLEAR Water),0,Units,CUR,Currency,602,CCYY,A,Normal value,PU,Public
datastructure,WB.DATA360:DS_DATA360(1.2),I,A,Annual,CYP,Cyprus,WB_CLEAR_AQUASTAT_4554,SDG 6.4.1. Services Water Use Efficiency (US$/m3),_T,Total,_T,All age ranges or no breakdown by age,_T,Total,USD_M3,US dollars per cubic metre,_Z,Not Applicable,_Z,Not Applicable,_Z,Not Applicable,1977,78.81260005,WB_CLEAR,Climate and Economic Analyses for Resilience in Water (CLEAR Water),0,Units,CUR,Currency,602,CCYY,A,Normal value,PU,Public
datastructure,WB.DATA360:DS_DATA360(1.2),I,A,Annual,DNK,Denmark,WB_CLEAR_AQUASTAT_4554,SDG 6.4.1. Services Water Use Efficiency (US$/m3),_T,Total,_T,All age ranges or no breakdown by age,_T,Total,USD_M3,US dollars per cubic metre,_Z,Not Applicable,_Z,Not Applicable,_Z,Not Applicable,1977,136.4544976,WB_CLEAR,Climate and Economic Analyses for Resilience in Water (CLEAR Water),0,Units,CUR,Currency,602,CCYY,A,Normal value,PU,Public
datastructure,WB.DATA360:DS_DATA360(1.2),I,A,Annual,CHL,Chile,WB_CLEAR_AQUASTAT_4554,SDG 6.4.1. Services Water Use Efficiency (US$/m3),_T,Total,_T,All age ranges or no breakdown by age,_T,Total,USD_M3,US dollars per cubic metre,_Z,Not Applicable,_Z,Not Applicable,_Z,Not Applicable,1977,22.44664512,WB_CLEAR,Climate and Economic Analyses for Resilience in Water (CLEAR Water),0,Units,CUR,Currency,602,CCYY,A,Normal value,PU,Public
datastructure,WB.DATA360:DS_DATA360(1.2),I,A,Annual,GHA,Ghana,WB_CLEAR_AQUASTAT_4554,SDG 6.4.1. Services Water Use Efficiency (US$/m3),_T,Total,_T,All age ranges or no breakdown by age,_T,Total,USD_M3,US dollars per cubic metre,_Z,Not Applicable,_Z,Not Applicable,_Z,Not Applicable,1972,37.5357601,WB_CLEAR,Climate and Economic Analyses for Resilience in Water (CLEAR Water),0,Units,CUR,Currency,602,CCYY,A,Normal value,PU,Public
datastructure,WB.DATA360:DS_DATA360(1.2),I,A,Annual,HUN,Hungary,WB_CLEAR_AQUASTAT_4554,SDG 6.4.1. Services Water Use Efficiency (US$/m3),_T,Total,_T,All age ranges or no breakdown by age,_T,Total,USD_M3,US dollars per cubic metre,_Z,Not Applicable,_Z,Not Applicable,_Z,Not Applicable,1972,32.37733044,WB_CLEAR,Climate and Economic Analyses for Resilience in Water (CLEAR Water),0,Units,CUR,Currency,602,CCYY,A,Normal value,PU,Public
datastructure,WB.DATA360:DS_DATA360(1.2),I,A,Annual,ISR,Israel,WB_CLEAR_AQUASTAT_4554,SDG 6.4.1. Services Water Use Efficiency (US$/m3),_T,Total,_T,All age ranges or no breakdown by age,_T,Total,USD_M3,US dollars per cubic metre,_Z,Not Applicable,_Z,Not Applicable,_Z,Not Applicable,1972,119.094218,WB_CLEAR,Climate and Economic Analyses for Resilience in Water (CLEAR Water),0,Units,CUR,Currency,602,CCYY,A,Normal value,PU,Public
datastructure,WB.DATA360:DS_DATA360(1.2),I,A,Annual,ITA,Italy,WB_CLEAR_AQUASTAT_4554,SDG 6.4.1. Services Water Use Efficiency (US$/m3),_T,Total,_T,All age ranges or no breakdown by age,_T,Total,USD_M3,US dollars per cubic metre,_Z,Not Applicable,_Z,Not Applicable,_Z,Not Applicable,1972,67.31862339,WB_CLEAR,Climate and Economic Analyses for Resilience in Water (CLEAR Water),0,Units,CUR,Currency,602,CCYY,A,Normal value,PU,Public
datastructure,WB.DATA360:DS_DATA360(1.2),I,A,Annual,MLT,Malta,WB_CLEAR_AQUASTAT_4554,SDG 6.4.1. Services Water Use Efficiency (US$/m3),_T,Total,_T,All age ranges or no breakdown by age,_T,Total,USD_M3,US dollars per cubic metre,_Z,Not Applicable,_Z,Not Applicable,_Z,Not Applicable,1972,36.1072942,WB_CLEAR,Climate and Economic Analyses for Resilience in Water (CLEAR Water),0,Units,CUR,Currency,602,CCYY,A,Normal value,PU,Public
datastructure,WB.DATA360:DS_DATA360(1.2),I,A,Annual,ROU,Romania,WB_CLEAR_AQUASTAT_4554,SDG 6.4.1. Services Water Use Efficiency (US$/m3),_T,Total,_T,All age ranges or no breakdown by age,_T,Total,USD_M3,US dollars per cubic metre,_Z,Not Applicable,_Z,Not Applicable,_Z,Not Applicable,1972,8.531423424,WB_CLEAR,Climate and Economic Analyses for Resilience in Water (CLEAR Water),0,Units,CUR,Currency,602,CCYY,A,Normal value,PU,Public
datastructure,WB.DATA360:DS_DATA360(1.2),I,A,Annual,SWE,Sweden,WB_CLEAR_AQUASTAT_4554,SDG 6.4.1. Services Water Use Efficiency (US$/m3),_T,Total,_T,All age ranges or no breakdown by age,_T,Total,USD_M3,US dollars per cubic metre,_Z,Not Applicable,_Z,Not Applicable,_Z,Not Applicable,1972,104.0188684,WB_CLEAR,Climate and Economic Analyses for Resilience in Water (CLEAR Water),0,Units,CUR,Currency,602,CCYY,A,Normal value,PU,Public
datastructure,WB.DATA360:DS_DATA360(1.2),I,A,Annual,CHE,Switzerland,WB_CLEAR_AQUASTAT_4554,SDG 6.4.1. Services Water Use Efficiency (US$/m3),_T,Total,_T,All age ranges or no breakdown by age,_T,Total,USD_M3,US dollars per cubic metre,_Z,Not Applicable,_Z,Not Applicable,_Z,Not Applicable,1972,202.7994499,WB_CLEAR,Climate and Economic Analyses for Resilience in Water (CLEAR Water),0,Units,CUR,Currency,602,CCYY,A,Normal value,PU,Public
datastructure,WB.DATA360:DS_DATA360(1.2),I,A,Annual,UGA,Uganda,WB_CLEAR_AQUASTAT_4554,SDG 6.4.1. Services Water Use Efficiency (US$/m3),_T,Total,_T,All age ranges or no breakdown by age,_T,Total,USD_M3,US dollars per cubic metre,_Z,Not Applicable,_Z,Not Applicable,_Z,Not Applicable,1972,23.47148181,WB_CLEAR,Climate and Economic Analyses for Resilience in Water (CLEAR Water),0,Units,CUR,Currency,602,CCYY,A,Normal value,PU,Public
datastructure,WB.DATA360:DS_DATA360(1.2),I,A,Annual,TZA,Tanzania,WB_CLEAR_AQUASTAT_4554,SDG 6.4.1. Services Water Use Efficiency (US$/m3),_T,Total,_T,All age ranges or no breakdown by age,_T,Total,USD_M3,US dollars per cubic metre,_Z,Not Applicable,_Z,Not Applicable,_Z,Not Applicable,1972,35.32096291,WB_CLEAR,Climate and Economic Analyses for Resilience in Water (CLEAR Water),0,Units,CUR,Currency,602,CCYY,A,Normal value,PU,Public
datastructure,WB.DATA360:DS_DATA360(1.2),I,A,Annual,URY,Uruguay,WB_CLEAR_AQUASTAT_4554,SDG 6.4.1. Services Water Use Efficiency (US$/m3),_T,Total,_T,All age ranges or no breakdown by age,_T,Total,USD_M3,US dollars per cubic metre,_Z,Not Applicable,_Z,Not Applicable,_Z,Not Applicable,1972,67.9611424,WB_CLEAR,Climate and Economic Analyses for Resilience in Water (CLEAR Water),0,Units,CUR,Currency,602,CCYY,A,Normal value,PU,Public
datastructure,WB.DATA360:DS_DATA360(1.2),I,A,Annual,VEN,"Venezuela, RB",WB_CLEAR_AQUASTAT_4554,SDG 6.4.1. Services Water Use Efficiency (US$/m3),_T,Total,_T,All age ranges or no breakdown by age,_T,Total,USD_M3,US dollars per cubic metre,_Z,Not Applicable,_Z,Not Applicable,_Z,Not Applicable,1972,30.49319964,WB_CLEAR,Climate and Economic Analyses for Resilience in Water (CLEAR Water),0,Units,CUR,Currency,602,CCYY,A,Normal value,PU,Public
datastructure,WB.DATA360:DS_DATA360(1.2),I,A,Annual,DNK,Denmark,WB_CLEAR_AQUASTAT_4554,SDG 6.4.1. Services Water Use Efficiency (US$/m3),_T,Total,_T,All age ranges or no breakdown by age,_T,Total,USD_M3,US dollars per cubic metre,_Z,Not Applicable,_Z,Not Applicable,_Z,Not Applicable,1972,150.568955,WB_CLEAR,Climate and Economic Analyses for Resilience in Water (CLEAR Water),0,Units,CUR,Currency,602,CCYY,A,Normal value,PU,Public
datastructure,WB.DATA360:DS_DATA360(1.2),I,A,Annual,BEL,Belgium,WB_CLEAR_AQUASTAT_4554,SDG 6.4.1. Services Water Use Efficiency (US$/m3),_T,Total,_T,All age ranges or no breakdown by age,_T,Total,USD_M3,US dollars per cubic metre,_Z,Not Applicable,_Z,Not Applicable,_Z,Not Applicable,1982,157.2311329,WB_CLEAR,Climate and Economic Analyses for Resilience in Water (CLEAR Water),0,Units,CUR,Currency,602,CCYY,A,Normal value,PU,Public
datastructure,WB.DATA360:DS_DATA360(1.2),I,A,Annual,GMB,"Gambia, The",WB_CLEAR_AQUASTAT_4554,SDG 6.4.1. Services Water Use Efficiency (US$/m3),_T,Total,_T,All age ranges or no breakdown by age,_T,Total,USD_M3,US dollars per cubic metre,_Z,Not Applicable,_Z,Not Applicable,_Z,Not Applicable,1982,306.8406987,WB_CLEAR,Climate and Economic Analyses for Resilience in Water (CLEAR Water),0,Units,CUR,Currency,602,CCYY,A,Normal value,PU,Public
datastructure,WB.DATA360:DS_DATA360(1.2),I,A,Annual,GHA,Ghana,WB_CLEAR_AQUASTAT_4554,SDG 6.4.1. Services Water Use Efficiency (US$/m3),_T,Total,_T,All age ranges or no breakdown by age,_T,Total,USD_M3,US dollars per cubic metre,_Z,Not Applicable,_Z,Not Applicable,_Z,Not Applicable,1982,19.7013261,WB_CLEAR,Climate and Economic Analyses for Resilience in Water (CLEAR Water),0,Units,CUR,Currency,602,CCYY,A,Normal value,PU,Public
datastructure,WB.DATA360:DS_DATA360(1.2),I,A,Annual,GRC,Greece,WB_CLEAR_AQUASTAT_4554,SDG 6.4.1. Services Water Use Efficiency (US$/m3),_T,Total,_T,All age ranges or no breakdown by age,_T,Total,USD_M3,US dollars per cubic metre,_Z,Not Applicable,_Z,Not Applicable,_Z,Not Applicable,1982,139.0900371,WB_CLEAR,Climate and Economic Analyses for Resilience in Water (CLEAR Water),0,Units,CUR,Currency,602,CCYY,A,Normal value,PU,Public
datastructure,WB.DATA360:DS_DATA360(1.2),I,A,Annual,HUN,Hungary,WB_CLEAR_AQUASTAT_4554,SDG 6.4.1. Services Water Use Efficiency (US$/m3),_T,Total,_T,All age ranges or no breakdown by age,_T,Total,USD_M3,US dollars per cubic metre,_Z,Not Applicable,_Z,Not Applicable,_Z,Not Applicable,1982,40.19460363,WB_CLEAR,Climate and Economic Analyses for Resilience in Water (CLEAR Water),0,Units,CUR,Currency,602,CCYY,A,Normal value,PU,Public
datastructure,WB.DATA360:DS_DATA360(1.2),I,A,Annual,ISL,Iceland,WB_CLEAR_AQUASTAT_4554,SDG 6.4.1. Services Water Use Efficiency (US$/m3),_T,Total,_T,All age ranges or no breakdown by age,_T,Total,USD_M3,US dollars per cubic metre,_Z,Not Applicable,_Z,Not Applicable,_Z,Not Applicable,1982,37.81228965,WB_CLEAR,Climate and Economic Analyses for Resilience in Water (CLEAR Water),0,Units,CUR,Currency,602,CCYY,A,Normal value,PU,Public
datastructure,WB.DATA360:DS_DATA360(1.2),I,A,Annual,IND,India,WB_CLEAR_AQUASTAT_4554,SDG 6.4.1. Services Water Use Efficiency (US$/m3),_T,Total,_T,All age ranges or no breakdown by age,_T,Total,USD_M3,US dollars per cubic metre,_Z,Not Applicable,_Z,Not Applicable,_Z,Not Applicable,1982,6.891234988,WB_CLEAR,Climate and Economic Analyses for Resilience in Water (CLEAR Water),0,Units,CUR,Currency,602,CCYY,A,Normal value,PU,Public
datastructure,WB.DATA360:DS_DATA360(1.2),I,A,Annual,IRQ,Iraq,WB_CLEAR_AQUASTAT_4554,SDG 6.4.1. Services Water Use Efficiency (US$/m3),_T,Total,_T,All age ranges or no breakdown by age,_T,Total,USD_M3,US dollars per cubic metre,_Z,Not Applicable,_Z,Not Applicable,_Z,Not Applicable,1982,35.71436205,WB_CLEAR,Climate and Economic Analyses for Resilience in Water (CLEAR Water),0,Units,CUR,Currency,602,CCYY,A,Normal value,PU,Public
datastructure,WB.DATA360:DS_DATA360(1.2),I,A,Annual,IRL,Ireland,WB_CLEAR_AQUASTAT_4554,SDG 6.4.1. Services Water Use Efficiency (US$/m3),_T,Total,_T,All age ranges or no breakdown by age,_T,Total,USD_M3,US dollars per cubic metre,_Z,Not Applicable,_Z,Not Applicable,_Z,Not Applicable,1982,76.58226081,WB_CLEAR,Climate and Economic Analyses for Resilience in Water (CLEAR Water),0,Units,CUR,Currency,602,CCYY,A,Normal value,PU,Public
datastructure,WB.DATA360:DS_DATA360(1.2),I,A,Annual,ISR,Israel,WB_CLEAR_AQUASTAT_4554,SDG 6.4.1. Services Water Use Efficiency (US$/m3),_T,Total,_T,All age ranges or no breakdown by age,_T,Total,USD_M3,US dollars per cubic metre,_Z,Not Applicable,_Z,Not Applicable,_Z,Not Applicable,1982,128.2865057,WB_CLEAR,Climate and Economic Analyses for Resilience in Water (CLEAR Water),0,Units,CUR,Currency,602,CCYY,A,Normal value,PU,Public
datastructure,WB.DATA360:DS_DATA360(1.2),I,A,Annual,ITA,Italy,WB_CLEAR_AQUASTAT_4554,SDG 6.4.1. Services Water Use Efficiency (US$/m3),_T,Total,_T,All age ranges or no breakdown by age,_T,Total,USD_M3,US dollars per cubic metre,_Z,Not Applicable,_Z,Not Applicable,_Z,Not Applicable,1982,94.5217059,WB_CLEAR,Climate and Economic Analyses for Resilience in Water (CLEAR Water),0,Units,CUR,Currency,602,CCYY,A,Normal value,PU,Public
datastructure,WB.DATA360:DS_DATA360(1.2),I,A,Annual,JPN,Japan,WB_CLEAR_AQUASTAT_4554,SDG 6.4.1. Services Water Use Efficiency (US$/m3),_T,Total,_T,All age ranges or no breakdown by age,_T,Total,USD_M3,US dollars per cubic metre,_Z,Not Applicable,_Z,Not Applicable,_Z,Not Applicable,1982,100.3553692,WB_CLEAR,Climate and Economic Analyses for Resilience in Water (CLEAR Water),0,Units,CUR,Currency,602,CCYY,A,Normal value,PU,Public
datastructure,WB.DATA360:DS_DATA360(1.2),I,A,Annual,JOR,Jordan,WB_CLEAR_AQUASTAT_4554,SDG 6.4.1. Services Water Use Efficiency (US$/m3),_T,Total,_T,All age ranges or no breakdown by age,_T,Total,USD_M3,US dollars per cubic metre,_Z,Not Applicable,_Z,Not Applicable,_Z,Not Applicable,1982,50.4998369,WB_CLEAR,Climate and Economic Analyses for Resilience in Water (CLEAR Water),0,Units,CUR,Currency,602,CCYY,A,Normal value,PU,Public
datastructure,WB.DATA360:DS_DATA360(1.2),I,A,Annual,LBN,Lebanon,WB_CLEAR_AQUASTAT_4554,SDG 6.4.1. Services Water Use Efficiency (US$/m3),_T,Total,_T,All age ranges or no breakdown by age,_T,Total,USD_M3,US dollars per cubic metre,_Z,Not Applicable,_Z,Not Applicable,_Z,Not Applicable,1982,48.83025394,WB_CLEAR,Climate and Economic Analyses for Resilience in Water (CLEAR Water),0,Units,CUR,Currency,602,CCYY,A,Normal value,PU,Public
datastructure,WB.DATA360:DS_DATA360(1.2),I,A,Annual,MLT,Malta,WB_CLEAR_AQUASTAT_4554,SDG 6.4.1. Services Water Use Efficiency (US$/m3),_T,Total,_T,All age ranges or no breakdown by age,_T,Total,USD_M3,US dollars per cubic metre,_Z,Not Applicable,_Z,Not Applicable,_Z,Not Applicable,1982,68.74486501,WB_CLEAR,Climate and Economic Analyses for Resilience in Water (CLEAR Water),0,Units,CUR,Currency,602,CCYY,A,Normal value,PU,Public
datastructure,WB.DATA360:DS_DATA360(1.2),I,A,Annual,MRT,Mauritania,WB_CLEAR_AQUASTAT_4554,SDG 6.4.1. Services Water Use Efficiency (US$/m3),_T,Total,_T,All age ranges or no breakdown by age,_T,Total,USD_M3,US dollars per cubic metre,_Z,Not Applicable,_Z,Not Applicable,_Z,Not Applicable,1982,8.858501927,WB_CLEAR,Climate and Economic Analyses for Resilience in Water (CLEAR Water),0,Units,CUR,Currency,602,CCYY,A,Normal value,PU,Public
datastructure,WB.DATA360:DS_DATA360(1.2),I,A,Annual,MUS,Mauritius,WB_CLEAR_AQUASTAT_4554,SDG 6.4.1. Services Water Use Efficiency (US$/m3),_T,Total,_T,All age ranges or no breakdown by age,_T,Total,USD_M3,US dollars per cubic metre,_Z,Not Applicable,_Z,Not Applicable,_Z,Not Applicable,1982,16.67550655,WB_CLEAR,Climate and Economic Analyses for Resilience in Water (CLEAR Water),0,Units,CUR,Currency,602,CCYY,A,Normal value,PU,Public
datastructure,WB.DATA360:DS_DATA360(1.2),I,A,Annual,PAK,Pakistan,WB_CLEAR_AQUASTAT_4554,SDG 6.4.1. Services Water Use Efficiency (US$/m3),_T,Total,_T,All age ranges or no breakdown by age,_T,Total,USD_M3,US dollars per cubic metre,_Z,Not Applicable,_Z,Not Applicable,_Z,Not Applicable,1982,14.86965866,WB_CLEAR,Climate and Economic Analyses for Resilience in Water (CLEAR Water),0,Units,CUR,Currency,602,CCYY,A,Normal value,PU,Public
datastructure,WB.DATA360:DS_DATA360(1.2),I,A,Annual,QAT,Qatar,WB_CLEAR_AQUASTAT_4554,SDG 6.4.1. Services Water Use Efficiency (US$/m3),_T,Total,_T,All age ranges or no breakdown by age,_T,Total,USD_M3,US dollars per cubic metre,_Z,Not Applicable,_Z,Not Applicable,_Z,Not Applicable,1982,110.0079156,WB_CLEAR,Climate and Economic Analyses for Resilience in Water (CLEAR Water),0,Units,CUR,Currency,602,CCYY,A,Normal value,PU,Public
datastructure,WB.DATA360:DS_DATA360(1.2),I,A,Annual,KOR,"Korea, Rep.",WB_CLEAR_AQUASTAT_4554,SDG 6.4.1. Services Water Use Efficiency (US$/m3),_T,Total,_T,All age ranges or no breakdown by age,_T,Total,USD_M3,US dollars per cubic metre,_Z,Not Applicable,_Z,Not Applicable,_Z,Not Applicable,1982,25.55057895,WB_CLEAR,Climate and Economic Analyses for Resilience in Water (CLEAR Water),0,Units,CUR,Currency,602,CCYY,A,Normal value,PU,Public
datastructure,WB.DATA360:DS_DATA360(1.2),I,A,Annual,ROU,Romania,WB_CLEAR_AQUASTAT_4554,SDG 6.4.1. Services Water Use Efficiency (US$/m3),_T,Total,_T,All age ranges or no breakdown by age,_T,Total,USD_M3,US dollars per cubic metre,_Z,Not Applicable,_Z,Not Applicable,_Z,Not Applicable,1982,13.2941998,WB_CLEAR,Climate and Economic Analyses for Resilience in Water (CLEAR Water),0,Units,CUR,Currency,602,CCYY,A,Normal value,PU,Public
datastructure,WB.DATA360:DS_DATA360(1.2),I,A,Annual,SGP,Singapore,WB_CLEAR_AQUASTAT_4554,SDG 6.4.1. Services Water Use Efficiency (US$/m3),_T,Total,_T,All age ranges or no breakdown by age,_T,Total,USD_M3,US dollars per cubic metre,_Z,Not Applicable,_Z,Not Applicable,_Z,Not Applicable,1982,82.94705275,WB_CLEAR,Climate and Economic Analyses for Resilience in Water (CLEAR Water),0,Units,CUR,Currency,602,CCYY,A,Normal value,PU,Public
datastructure,WB.DATA360:DS_DATA360(1.2),I,A,Annual,SWE,Sweden,WB_CLEAR_AQUASTAT_4554,SDG 6.4.1. Services Water Use Efficiency (US$/m3),_T,Total,_T,All age ranges or no breakdown by age,_T,Total,USD_M3,US dollars per cubic metre,_Z,Not Applicable,_Z,Not Applicable,_Z,Not Applicable,1982,150.6116986,WB_CLEAR,Climate and Economic Analyses for Resilience in Water (CLEAR Water),0,Units,CUR,Currency,602,CCYY,A,Normal value,PU,Public
datastructure,WB.DATA360:DS_DATA360(1.2),I,A,Annual,CHE,Switzerland,WB_CLEAR_AQUASTAT_4554,SDG 6.4.1. Services Water Use Efficiency (US$/m3),_T,Total,_T,All age ranges or no breakdown by age,_T,Total,USD_M3,US dollars per cubic metre,_Z,Not Applicable,_Z,Not Applicable,_Z,Not Applicable,1982,221.7329432,WB_CLEAR,Climate and Economic Analyses for Resilience in Water (CLEAR Water),0,Units,CUR,Currency,602,CCYY,A,Normal value,PU,Public
datastructure,WB.DATA360:DS_DATA360(1.2),I,A,Annual,THA,Thailand,WB_CLEAR_AQUASTAT_4554,SDG 6.4.1. Services Water Use Efficiency (US$/m3),_T,Total,_T,All age ranges or no breakdown by age,_T,Total,USD_M3,US dollars per cubic metre,_Z,Not Applicable,_Z,Not Applicable,_Z,Not Applicable,1982,44.62275382,WB_CLEAR,Climate and Economic Analyses for Resilience in Water (CLEAR Water),0,Units,CUR,Currency,602,CCYY,A,Normal value,PU,Public
datastructure,WB.DATA360:DS_DATA360(1.2),I,A,Annual,UGA,Uganda,WB_CLEAR_AQUASTAT_4554,SDG 6.4.1. Services Water Use Efficiency (US$/m3),_T,Total,_T,All age ranges or no breakdown by age,_T,Total,USD_M3,US dollars per cubic metre,_Z,Not Applicable,_Z,Not Applicable,_Z,Not Applicable,1982,14.72219601,WB_CLEAR,Climate and Economic Analyses for Resilience in Water (CLEAR Water),0,Units,CUR,Currency,602,CCYY,A,Normal value,PU,Public
datastructure,WB.DATA360:DS_DATA360(1.2),I,A,Annual,ARE,United Arab Emirates,WB_CLEAR_AQUASTAT_4554,SDG 6.4.1. Services Water Use Efficiency (US$/m3),_T,Total,_T,All age ranges or no breakdown by age,_T,Total,USD_M3,US dollars per cubic metre,_Z,Not Applicable,_Z,Not Applicable,_Z,Not Applicable,1982,258.3519111,WB_CLEAR,Climate and Economic Analyses for Resilience in Water (CLEAR Water),0,Units,CUR,Currency,602,CCYY,A,Normal value,PU,Public
datastructure,WB.DATA360:DS_DATA360(1.2),I,A,Annual,GBR,United Kingdom,WB_CLEAR_AQUASTAT_4554,SDG 6.4.1. Services Water Use Efficiency (US$/m3),_T,Total,_T,All age ranges or no breakdown by age,_T,Total,USD_M3,US dollars per cubic metre,_Z,Not Applicable,_Z,Not Applicable,_Z,Not Applicable,1982,124.9940669,WB_CLEAR,Climate and Economic Analyses for Resilience in Water (CLEAR Water),0,Units,CUR,Currency,602,CCYY,A,Normal value,PU,Public
datastructure,WB.DATA360:DS_DATA360(1.2),I,A,Annual,TZA,Tanzania,WB_CLEAR_AQUASTAT_4554,SDG 6.4.1. Services Water Use Efficiency (US$/m3),_T,Total,_T,All age ranges or no breakdown by age,_T,Total,USD_M3,US dollars per cubic metre,_Z,Not Applicable,_Z,Not Applicable,_Z,Not Applicable,1982,21.61458388,WB_CLEAR,Climate and Economic Analyses for Resilience in Water (CLEAR Water),0,Units,CUR,Currency,602,CCYY,A,Normal value,PU,Public
datastructure,WB.DATA360:DS_DATA360(1.2),I,A,Annual,URY,Uruguay,WB_CLEAR_AQUASTAT_4554,SDG 6.4.1. Services Water Use Efficiency (US$/m3),_T,Total,_T,All age ranges or no breakdown by age,_T,Total,USD_M3,US dollars per cubic metre,_Z,Not Applicable,_Z,Not Applicable,_Z,Not Applicable,1982,57.48300733,WB_CLEAR,Climate and Economic Analyses for Resilience in Water (CLEAR Water),0,Units,CUR,Currency,602,CCYY,A,Normal value,PU,Public
datastructure,WB.DATA360:DS_DATA360(1.2),I,A,Annual,VEN,"Venezuela, RB",WB_CLEAR_AQUASTAT_4554,SDG 6.4.1. Services Water Use Efficiency (US$/m3),_T,Total,_T,All age ranges or no breakdown by age,_T,Total,USD_M3,US dollars per cubic metre,_Z,Not Applicable,_Z,Not Applicable,_Z,Not Applicable,1982,29.67483024,WB_CLEAR,Climate and Economic Analyses for Resilience in Water (CLEAR Water),0,Units,CUR,Currency,602,CCYY,A,Normal value,PU,Public
datastructure,WB.DATA360:DS_DATA360(1.2),I,A,Annual,VNM,Viet Nam,WB_CLEAR_AQUASTAT_4554,SDG 6.4.1. Services Water Use Efficiency (US$/m3),_T,Total,_T,All age ranges or no breakdown by age,_T,Total,USD_M3,US dollars per cubic metre,_Z,Not Applicable,_Z,Not Applicable,_Z,Not Applicable,1982,7.338787064,WB_CLEAR,Climate and Economic Analyses for Resilience in Water (CLEAR Water),0,Units,CUR,Currency,602,CCYY,A,Normal value,PU,Public
datastructure,WB.DATA360:DS_DATA360(1.2),I,A,Annual,CHN,China,WB_CLEAR_AQUASTAT_4554,SDG 6.4.1. Services Water Use Efficiency (US$/m3),_T,Total,_T,All age ranges or no breakdown by age,_T,Total,USD_M3,US dollars per cubic metre,_Z,Not Applicable,_Z,Not Applicable,_Z,Not Applicable,1982,6.124390415,WB_CLEAR,Climate and Economic Analyses for Resilience in Water (CLEAR Water),0,Units,CUR,Currency,602,CCYY,A,Normal value,PU,Public
datastructure,WB.DATA360:DS_DATA360(1.2),I,A,Annual,CUB,Cuba,WB_CLEAR_AQUASTAT_4554,SDG 6.4.1. Services Water Use Efficiency (US$/m3),_T,Total,_T,All age ranges or no breakdown by age,_T,Total,USD_M3,US dollars per cubic metre,_Z,Not Applicable,_Z,Not Applicable,_Z,Not Applicable,1982,32.77020544,WB_CLEAR,Climate and Economic Analyses for Resilience in Water (CLEAR Water),0,Units,CUR,Currency,602,CCYY,A,Normal value,PU,Public
datastructure,WB.DATA360:DS_DATA360(1.2),I,A,Annual,CYP,Cyprus,WB_CLEAR_AQUASTAT_4554,SDG 6.4.1. Services Water Use Efficiency (US$/m3),_T,Total,_T,All age ranges or no breakdown by age,_T,Total,USD_M3,US dollars per cubic metre,_Z,Not Applicable,_Z,Not Applicable,_Z,Not Applicable,1982,86.32393863,WB_CLEAR,Climate and Economic Analyses for Resilience in Water (CLEAR Water),0,Units,CUR,Currency,602,CCYY,A,Normal value,PU,Public
datastructure,WB.DATA360:DS_DATA360(1.2),I,A,Annual,DNK,Denmark,WB_CLEAR_AQUASTAT_4554,SDG 6.4.1. Services Water Use Efficiency (US$/m3),_T,Total,_T,All age ranges or no breakdown by age,_T,Total,USD_M3,US dollars per cubic metre,_Z,Not Applicable,_Z,Not Applicable,_Z,Not Applicable,1982,152.3342356,WB_CLEAR,Climate and Economic Analyses for Resilience in Water (CLEAR Water),0,Units,CUR,Currency,602,CCYY,A,Normal value,PU,Public
datastructure,WB.DATA360:DS_DATA360(1.2),I,A,Annual,SWZ,Eswatini,WB_CLEAR_AQUASTAT_4554,SDG 6.4.1. Services Water Use Efficiency (US$/m3),_T,Total,_T,All age ranges or no breakdown by age,_T,Total,USD_M3,US dollars per cubic metre,_Z,Not Applicable,_Z,Not Applicable,_Z,Not Applicable,1982,49.3737764,WB_CLEAR,Climate and Economic Analyses for Resilience in Water (CLEAR Water),0,Units,CUR,Currency,602,CCYY,A,Normal value,PU,Public
datastructure,WB.DATA360:DS_DATA360(1.2),I,A,Annual,DZA,Algeria,WB_CLEAR_AQUASTAT_4554,SDG 6.4.1. Services Water Use Efficiency (US$/m3),_T,Total,_T,All age ranges or no breakdown by age,_T,Total,USD_M3,US dollars per cubic metre,_Z,Not Applicable,_Z,Not Applicable,_Z,Not Applicable,1982,39.04806797,WB_CLEAR,Climate and Economic Analyses for Resilience in Water (CLEAR Water),0,Units,CUR,Currency,602,CCYY,A,Normal value,PU,Public
datastructure,WB.DATA360:DS_DATA360(1.2),I,A,Annual,AUT,Austria,WB_CLEAR_AQUASTAT_4554,SDG 6.4.1. Services Water Use Efficiency (US$/m3),_T,Total,_T,All age ranges or no breakdown by age,_T,Total,USD_M3,US dollars per cubic metre,_Z,Not Applicable,_Z,Not Applicable,_Z,Not Applicable,1982,183.1437541,WB_CLEAR,Climate and Economic Analyses for Resilience in Water (CLEAR Water),0,Units,CUR,Currency,602,CCYY,A,Normal value,PU,Public
datastructure,WB.DATA360:DS_DATA360(1.2),I,A,Annual,CHL,Chile,WB_CLEAR_AQUASTAT_4554,SDG 6.4.1. Services Water Use Efficiency (US$/m3),_T,Total,_T,All age ranges or no breakdown by age,_T,Total,USD_M3,US dollars per cubic metre,_Z,Not Applicable,_Z,Not Applicable,_Z,Not Applicable,1982,32.34703276,WB_CLEAR,Climate and Economic Analyses for Resilience in Water (CLEAR Water),0,Units,CUR,Currency,602,CCYY,A,Normal value,PU,Public
datastructure,WB.DATA360:DS_DATA360(1.2),I,A,Annual,BGD,Bangladesh,WB_CLEAR_AQUASTAT_4554,SDG 6.4.1. Services Water Use Efficiency (US$/m3),_T,Total,_T,All age ranges or no breakdown by age,_T,Total,USD_M3,US dollars per cubic metre,_Z,Not Applicable,_Z,Not Applicable,_Z,Not Applicable,1987,29.4939325,WB_CLEAR,Climate and Economic Analyses for Resilience in Water (CLEAR Water),0,Units,CUR,Currency,602,CCYY,A,Normal value,PU,Public
datastructure,WB.DATA360:DS_DATA360(1.2),I,A,Annual,BEL,Belgium,WB_CLEAR_AQUASTAT_4554,SDG 6.4.1. Services Water Use Efficiency (US$/m3),_T,Total,_T,All age ranges or no breakdown by age,_T,Total,USD_M3,US dollars per cubic metre,_Z,Not Applicable,_Z,Not Applicable,_Z,Not Applicable,1987,204.780791,WB_CLEAR,Climate and Economic Analyses for Resilience in Water (CLEAR Water),0,Units,CUR,Currency,602,CCYY,A,Normal value,PU,Public
datastructure,WB.DATA360:DS_DATA360(1.2),I,A,Annual,BLZ,Belize,WB_CLEAR_AQUASTAT_4554,SDG 6.4.1. Services Water Use Efficiency (US$/m3),_T,Total,_T,All age ranges or no breakdown by age,_T,Total,USD_M3,US dollars per cubic metre,_Z,Not Applicable,_Z,Not Applicable,_Z,Not Applicable,1987,130.0898385,WB_CLEAR,Climate and Economic Analyses for Resilience in Water (CLEAR Water),0,Units,CUR,Currency,602,CCYY,A,Normal value,PU,Public
datastructure,WB.DATA360:DS_DATA360(1.2),I,A,Annual,BEN,Benin,WB_CLEAR_AQUASTAT_4554,SDG 6.4.1. Services Water Use Efficiency (US$/m3),_T,Total,_T,All age ranges or no breakdown by age,_T,Total,USD_M3,US dollars per cubic metre,_Z,Not Applicable,_Z,Not Applicable,_Z,Not Applicable,1987,39.62917468,WB_CLEAR,Climate and Economic Analyses for Resilience in Water (CLEAR Water),0,Units,CUR,Currency,602,CCYY,A,Normal value,PU,Public
datastructure,WB.DATA360:DS_DATA360(1.2),I,A,Annual,BTN,Bhutan,WB_CLEAR_AQUASTAT_4554,SDG 6.4.1. Services Water Use Efficiency (US$/m3),_T,Total,_T,All age ranges or no breakdown by age,_T,Total,USD_M3,US dollars per cubic metre,_Z,Not Applicable,_Z,Not Applicable,_Z,Not Applicable,1987,19.89628329,WB_CLEAR,Climate and Economic Analyses for Resilience in Water (CLEAR Water),0,Units,CUR,Currency,602,CCYY,A,Normal value,PU,Public
datastructure,WB.DATA360:DS_DATA360(1.2),I,A,Annual,FRA,France,WB_CLEAR_AQUASTAT_4554,SDG 6.4.1. Services Water Use Efficiency (US$/m3),_T,Total,_T,All age ranges or no breakdown by age,_T,Total,USD_M3,US dollars per cubic metre,_Z,Not Applicable,_Z,Not Applicable,_Z,Not Applicable,1987,158.3704308,WB_CLEAR,Climate and Economic Analyses for Resilience in Water (CLEAR Water),0,Units,CUR,Currency,602,CCYY,A,Normal value,PU,Public
datastructure,WB.DATA360:DS_DATA360(1.2),I,A,Annual,GAB,Gabon,WB_CLEAR_AQUASTAT_4554,SDG 6.4.1. Services Water Use Efficiency (US$/m3),_T,Total,_T,All age ranges or no breakdown by age,_T,Total,USD_M3,US dollars per cubic metre,_Z,Not Applicable,_Z,Not Applicable,_Z,Not Applicable,1987,80.10005497,WB_CLEAR,Climate and Economic Analyses for Resilience in Water (CLEAR Water),0,Units,CUR,Currency,602,CCYY,A,Normal value,PU,Public
datastructure,WB.DATA360:DS_DATA360(1.2),I,A,Annual,GMB,"Gambia, The",WB_CLEAR_AQUASTAT_4554,SDG 6.4.1. Services Water Use Efficiency (US$/m3),_T,Total,_T,All age ranges or no breakdown by age,_T,Total,USD_M3,US dollars per cubic metre,_Z,Not Applicable,_Z,Not Applicable,_Z,Not Applicable,1987,48.06978087,WB_CLEAR,Climate and Economic Analyses for Resilience in Water (CLEAR Water),0,Units,CUR,Currency,602,CCYY,A,Normal value,PU,Public
datastructure,WB.DATA360:DS_DATA360(1.2),I,A,Annual,GHA,Ghana,WB_CLEAR_AQUASTAT_4554,SDG 6.4.1. Services Water Use Efficiency (US$/m3),_T,Total,_T,All age ranges or no breakdown by age,_T,Total,USD_M3,US dollars per cubic metre,_Z,Not Applicable,_Z,Not Applicable,_Z,Not Applicable,1987,24.43744622,WB_CLEAR,Climate and Economic Analyses for Resilience in Water (CLEAR Water),0,Units,CUR,Currency,602,CCYY,A,Normal value,PU,Public
datastructure,WB.DATA360:DS_DATA360(1.2),I,A,Annual,GRC,Greece,WB_CLEAR_AQUASTAT_4554,SDG 6.4.1. Services Water Use Efficiency (US$/m3),_T,Total,_T,All age ranges or no breakdown by age,_T,Total,USD_M3,US dollars per cubic metre,_Z,Not Applicable,_Z,Not Applicable,_Z,Not Applicable,1987,141.3225399,WB_CLEAR,Climate and Economic Analyses for Resilience in Water (CLEAR Water),0,Units,CUR,Currency,602,CCYY,A,Normal value,PU,Public
datastructure,WB.DATA360:DS_DATA360(1.2),I,A,Annual,GIN,Guinea,WB_CLEAR_AQUASTAT_4554,SDG 6.4.1. Services Water Use Efficiency (US$/m3),_T,Total,_T,All age ranges or no breakdown by age,_T,Total,USD_M3,US dollars per cubic metre,_Z,Not Applicable,_Z,Not Applicable,_Z,Not Applicable,1987,22.97366764,WB_CLEAR,Climate and Economic Analyses for Resilience in Water (CLEAR Water),0,Units,CUR,Currency,602,CCYY,A,Normal value,PU,Public
datastructure,WB.DATA360:DS_DATA360(1.2),I,A,Annual,HUN,Hungary,WB_CLEAR_AQUASTAT_4554,SDG 6.4.1. Services Water Use Efficiency (US$/m3),_T,Total,_T,All age ranges or no breakdown by age,_T,Total,USD_M3,US dollars per cubic metre,_Z,Not Applicable,_Z,Not Applicable,_Z,Not Applicable,1987,57.81024581,WB_CLEAR,Climate and Economic Analyses for Resilience in Water (CLEAR Water),0,Units,CUR,Currency,602,CCYY,A,Normal value,PU,Public
datastructure,WB.DATA360:DS_DATA360(1.2),I,A,Annual,ISL,Iceland,WB_CLEAR_AQUASTAT_4554,SDG 6.4.1. Services Water Use Efficiency (US$/m3),_T,Total,_T,All age ranges or no breakdown by age,_T,Total,USD_M3,US dollars per cubic metre,_Z,Not Applicable,_Z,Not Applicable,_Z,Not Applicable,1987,39.79976497,WB_CLEAR,Climate and Economic Analyses for Resilience in Water (CLEAR Water),0,Units,CUR,Currency,602,CCYY,A,Normal value,PU,Public
datastructure,WB.DATA360:DS_DATA360(1.2),I,A,Annual,IND,India,WB_CLEAR_AQUASTAT_4554,SDG 6.4.1. Services Water Use Efficiency (US$/m3),_T,Total,_T,All age ranges or no breakdown by age,_T,Total,USD_M3,US dollars per cubic metre,_Z,Not Applicable,_Z,Not Applicable,_Z,Not Applicable,1987,6.972623857,WB_CLEAR,Climate and Economic Analyses for Resilience in Water (CLEAR Water),0,Units,CUR,Currency,602,CCYY,A,Normal value,PU,Public
datastructure,WB.DATA360:DS_DATA360(1.2),I,A,Annual,IRQ,Iraq,WB_CLEAR_AQUASTAT_4554,SDG 6.4.1. Services Water Use Efficiency (US$/m3),_T,Total,_T,All age ranges or no breakdown by age,_T,Total,USD_M3,US dollars per cubic metre,_Z,Not Applicable,_Z,Not Applicable,_Z,Not Applicable,1987,37.42465895,WB_CLEAR,Climate and Economic Analyses for Resilience in Water (CLEAR Water),0,Units,CUR,Currency,602,CCYY,A,Normal value,PU,Public
datastructure,WB.DATA360:DS_DATA360(1.2),I,A,Annual,IRL,Ireland,WB_CLEAR_AQUASTAT_4554,SDG 6.4.1. Services Water Use Efficiency (US$/m3),_T,Total,_T,All age ranges or no breakdown by age,_T,Total,USD_M3,US dollars per cubic metre,_Z,Not Applicable,_Z,Not Applicable,_Z,Not Applicable,1987,87.71365309,WB_CLEAR,Climate and Economic Analyses for Resilience in Water (CLEAR Water),0,Units,CUR,Currency,602,CCYY,A,Normal value,PU,Public
datastructure,WB.DATA360:DS_DATA360(1.2),I,A,Annual,ISR,Israel,WB_CLEAR_AQUASTAT_4554,SDG 6.4.1. Services Water Use Efficiency (US$/m3),_T,Total,_T,All age ranges or no breakdown by age,_T,Total,USD_M3,US dollars per cubic metre,_Z,Not Applicable,_Z,Not Applicable,_Z,Not Applicable,1987,135.5412486,WB_CLEAR,Climate and Economic Analyses for Resilience in Water (CLEAR Water),0,Units,CUR,Currency,602,CCYY,A,Normal value,PU,Public
datastructure,WB.DATA360:DS_DATA360(1.2),I,A,Annual,ITA,Italy,WB_CLEAR_AQUASTAT_4554,SDG 6.4.1. Services Water Use Efficiency (US$/m3),_T,Total,_T,All age ranges or no breakdown by age,_T,Total,USD_M3,US dollars per cubic metre,_Z,Not Applicable,_Z,Not Applicable,_Z,Not Applicable,1987,126.0681389,WB_CLEAR,Climate and Economic Analyses for Resilience in Water (CLEAR Water),0,Units,CUR,Currency,602,CCYY,A,Normal value,PU,Public
datastructure,WB.DATA360:DS_DATA360(1.2),I,A,Annual,JPN,Japan,WB_CLEAR_AQUASTAT_4554,SDG 6.4.1. Services Water Use Efficiency (US$/m3),_T,Total,_T,All age ranges or no breakdown by age,_T,Total,USD_M3,US dollars per cubic metre,_Z,Not Applicable,_Z,Not Applicable,_Z,Not Applicable,1987,116.0411278,WB_CLEAR,Climate and Economic Analyses for Resilience in Water (CLEAR Water),0,Units,CUR,Currency,602,CCYY,A,Normal value,PU,Public
datastructure,WB.DATA360:DS_DATA360(1.2),I,A,Annual,JOR,Jordan,WB_CLEAR_AQUASTAT_4554,SDG 6.4.1. Services Water Use Efficiency (US$/m3),_T,Total,_T,All age ranges or no breakdown by age,_T,Total,USD_M3,US dollars per cubic metre,_Z,Not Applicable,_Z,Not Applicable,_Z,Not Applicable,1987,50.05596007,WB_CLEAR,Climate and Economic Analyses for Resilience in Water (CLEAR Water),0,Units,CUR,Currency,602,CCYY,A,Normal value,PU,Public
datastructure,WB.DATA360:DS_DATA360(1.2),I,A,Annual,LAO,Lao PDR,WB_CLEAR_AQUASTAT_4554,SDG 6.4.1. Services Water Use Efficiency (US$/m3),_T,Total,_T,All age ranges or no breakdown by age,_T,Total,USD_M3,US dollars per cubic metre,_Z,Not Applicable,_Z,Not Applicable,_Z,Not Applicable,1987,13.42993451,WB_CLEAR,Climate and Economic Analyses for Resilience in Water (CLEAR Water),0,Units,CUR,Currency,602,CCYY,A,Normal value,PU,Public
datastructure,WB.DATA360:DS_DATA360(1.2),I,A,Annual,LBN,Lebanon,WB_CLEAR_AQUASTAT_4554,SDG 6.4.1. Services Water Use Efficiency (US$/m3),_T,Total,_T,All age ranges or no breakdown by age,_T,Total,USD_M3,US dollars per cubic metre,_Z,Not Applicable,_Z,Not Applicable,_Z,Not Applicable,1987,83.77436681,WB_CLEAR,Climate and Economic Analyses for Resilience in Water (CLEAR Water),0,Units,CUR,Currency,602,CCYY,A,Normal value,PU,Public
datastructure,WB.DATA360:DS_DATA360(1.2),I,A,Annual,LSO,Lesotho,WB_CLEAR_AQUASTAT_4554,SDG 6.4.1. Services Water Use Efficiency (US$/m3),_T,Total,_T,All age ranges or no breakdown by age,_T,Total,USD_M3,US dollars per cubic metre,_Z,Not Applicable,_Z,Not Applicable,_Z,Not Applicable,1987,35.89141953,WB_CLEAR,Climate and Economic Analyses for Resilience in Water (CLEAR Water),0,Units,CUR,Currency,602,CCYY,A,Normal value,PU,Public
datastructure,WB.DATA360:DS_DATA360(1.2),I,A,Annual,LBR,Liberia,WB_CLEAR_AQUASTAT_4554,SDG 6.4.1. Services Water Use Efficiency (US$/m3),_T,Total,_T,All age ranges or no breakdown by age,_T,Total,USD_M3,US dollars per cubic metre,_Z,Not Applicable,_Z,Not Applicable,_Z,Not Applicable,1987,18.70548781,WB_CLEAR,Climate and Economic Analyses for Resilience in Water (CLEAR Water),0,Units,CUR,Currency,602,CCYY,A,Normal value,PU,Public
datastructure,WB.DATA360:DS_DATA360(1.2),I,A,Annual,LBY,Libya,WB_CLEAR_AQUASTAT_4554,SDG 6.4.1. Services Water Use Efficiency (US$/m3),_T,Total,_T,All age ranges or no breakdown by age,_T,Total,USD_M3,US dollars per cubic metre,_Z,Not Applicable,_Z,Not Applicable,_Z,Not Applicable,1987,80.27815288,WB_CLEAR,Climate and Economic Analyses for Resilience in Water (CLEAR Water),0,Units,CUR,Currency,602,CCYY,A,Normal value,PU,Public
datastructure,WB.DATA360:DS_DATA360(1.2),I,A,Annual,MDG,Madagascar,WB_CLEAR_AQUASTAT_4554,SDG 6.4.1. Services Water Use Efficiency (US$/m3),_T,Total,_T,All age ranges or no breakdown by age,_T,Total,USD_M3,US dollars per cubic metre,_Z,Not Applicable,_Z,Not Applicable,_Z,Not Applicable,1987,13.85322077,WB_CLEAR,Climate and Economic Analyses for Resilience in Water (CLEAR Water),0,Units,CUR,Currency,602,CCYY,A,Normal value,PU,Public
datastructure,WB.DATA360:DS_DATA360(1.2),I,A,Annual,MWI,Malawi,WB_CLEAR_AQUASTAT_4554,SDG 6.4.1. Services Water Use Efficiency (US$/m3),_T,Total,_T,All age ranges or no breakdown by age,_T,Total,USD_M3,US dollars per cubic metre,_Z,Not Applicable,_Z,Not Applicable,_Z,Not Applicable,1987,8.107750056,WB_CLEAR,Climate and Economic Analyses for Resilience in Water (CLEAR Water),0,Units,CUR,Currency,602,CCYY,A,Normal value,PU,Public
datastructure,WB.DATA360:DS_DATA360(1.2),I,A,Annual,MDV,Maldives,WB_CLEAR_AQUASTAT_4554,SDG 6.4.1. Services Water Use Efficiency (US$/m3),_T,Total,_T,All age ranges or no breakdown by age,_T,Total,USD_M3,US dollars per cubic metre,_Z,Not Applicable,_Z,Not Applicable,_Z,Not Applicable,1987,173.775056,WB_CLEAR,Climate and Economic Analyses for Resilience in Water (CLEAR Water),0,Units,CUR,Currency,602,CCYY,A,Normal value,PU,Public
datastructure,WB.DATA360:DS_DATA360(1.2),I,A,Annual,MLI,Mali,WB_CLEAR_AQUASTAT_4554,SDG 6.4.1. Services Water Use Efficiency (US$/m3),_T,Total,_T,All age ranges or no breakdown by age,_T,Total,USD_M3,US dollars per cubic metre,_Z,Not Applicable,_Z,Not Applicable,_Z,Not Applicable,1987,18.72242189,WB_CLEAR,Climate and Economic Analyses for Resilience in Water (CLEAR Water),0,Units,CUR,Currency,602,CCYY,A,Normal value,PU,Public
datastructure,WB.DATA360:DS_DATA360(1.2),I,A,Annual,MLT,Malta,WB_CLEAR_AQUASTAT_4554,SDG 6.4.1. Services Water Use Efficiency (US$/m3),_T,Total,_T,All age ranges or no breakdown by age,_T,Total,USD_M3,US dollars per cubic metre,_Z,Not Applicable,_Z,Not Applicable,_Z,Not Applicable,1987,59.98356033,WB_CLEAR,Climate and Economic Analyses for Resilience in Water (CLEAR Water),0,Units,CUR,Currency,602,CCYY,A,Normal value,PU,Public
datastructure,WB.DATA360:DS_DATA360(1.2),I,A,Annual,MRT,Mauritania,WB_CLEAR_AQUASTAT_4554,SDG 6.4.1. Services Water Use Efficiency (US$/m3),_T,Total,_T,All age ranges or no breakdown by age,_T,Total,USD_M3,US dollars per cubic metre,_Z,Not Applicable,_Z,Not Applicable,_Z,Not Applicable,1987,10.55454024,WB_CLEAR,Climate and Economic Analyses for Resilience in Water (CLEAR Water),0,Units,CUR,Currency,602,CCYY,A,Normal value,PU,Public
datastructure,WB.DATA360:DS_DATA360(1.2),I,A,Annual,MUS,Mauritius,WB_CLEAR_AQUASTAT_4554,SDG 6.4.1. Services Water Use Efficiency (US$/m3),_T,Total,_T,All age ranges or no breakdown by age,_T,Total,USD_M3,US dollars per cubic metre,_Z,Not Applicable,_Z,Not Applicable,_Z,Not Applicable,1987,17.20406157,WB_CLEAR,Climate and Economic Analyses for Resilience in Water (CLEAR Water),0,Units,CUR,Currency,602,CCYY,A,Normal value,PU,Public
datastructure,WB.DATA360:DS_DATA360(1.2),I,A,Annual,MMR,Myanmar,WB_CLEAR_AQUASTAT_4554,SDG 6.4.1. Services Water Use Efficiency (US$/m3),_T,Total,_T,All age ranges or no breakdown by age,_T,Total,USD_M3,US dollars per cubic metre,_Z,Not Applicable,_Z,Not Applicable,_Z,Not Applicable,1987,7.88359952,WB_CLEAR,Climate and Economic Analyses for Resilience in Water (CLEAR Water),0,Units,CUR,Currency,602,CCYY,A,Normal value,PU,Public
datastructure,WB.DATA360:DS_DATA360(1.2),I,A,Annual,NZL,New Zealand,WB_CLEAR_AQUASTAT_4554,SDG 6.4.1. Services Water Use Efficiency (US$/m3),_T,Total,_T,All age ranges or no breakdown by age,_T,Total,USD_M3,US dollars per cubic metre,_Z,Not Applicable,_Z,Not Applicable,_Z,Not Applicable,1987,53.66758739,WB_CLEAR,Climate and Economic Analyses for Resilience in Water (CLEAR Water),0,Units,CUR,Currency,602,CCYY,A,Normal value,PU,Public
datastructure,WB.DATA360:DS_DATA360(1.2),I,A,Annual,NGA,Nigeria,WB_CLEAR_AQUASTAT_4554,SDG 6.4.1. Services Water Use Efficiency (US$/m3),_T,Total,_T,All age ranges or no breakdown by age,_T,Total,USD_M3,US dollars per cubic metre,_Z,Not Applicable,_Z,Not Applicable,_Z,Not Applicable,1987,52.81950372,WB_CLEAR,Climate and Economic Analyses for Resilience in Water (CLEAR Water),0,Units,CUR,Currency,602,CCYY,A,Normal value,PU,Public
datastructure,WB.DATA360:DS_DATA360(1.2),I,A,Annual,PAK,Pakistan,WB_CLEAR_AQUASTAT_4554,SDG 6.4.1. Services Water Use Efficiency (US$/m3),_T,Total,_T,All age ranges or no breakdown by age,_T,Total,USD_M3,US dollars per cubic metre,_Z,Not Applicable,_Z,Not Applicable,_Z,Not Applicable,1987,18.6136485,WB_CLEAR,Climate and Economic Analyses for Resilience in Water (CLEAR Water),0,Units,CUR,Currency,602,CCYY,A,Normal value,PU,Public
datastructure,WB.DATA360:DS_DATA360(1.2),I,A,Annual,PNG,Papua New Guinea,WB_CLEAR_AQUASTAT_4554,SDG 6.4.1. Services Water Use Efficiency (US$/m3),_T,Total,_T,All age ranges or no breakdown by age,_T,Total,USD_M3,US dollars per cubic metre,_Z,Not Applicable,_Z,Not Applicable,_Z,Not Applicable,1987,178.3920112,WB_CLEAR,Climate and Economic Analyses for Resilience in Water (CLEAR Water),0,Units,CUR,Currency,602,CCYY,A,Normal value,PU,Public
datastructure,WB.DATA360:DS_DATA360(1.2),I,A,Annual,PRY,Paraguay,WB_CLEAR_AQUASTAT_4554,SDG 6.4.1. Services Water Use Efficiency (US$/m3),_T,Total,_T,All age ranges or no breakdown by age,_T,Total,USD_M3,US dollars per cubic metre,_Z,Not Applicable,_Z,Not Applicable,_Z,Not Applicable,1987,109.7432654,WB_CLEAR,Climate and Economic Analyses for Resilience in Water (CLEAR Water),0,Units,CUR,Currency,602,CCYY,A,Normal value,PU,Public
datastructure,WB.DATA360:DS_DATA360(1.2),I,A,Annual,QAT,Qatar,WB_CLEAR_AQUASTAT_4554,SDG 6.4.1. Services Water Use Efficiency (US$/m3),_T,Total,_T,All age ranges or no breakdown by age,_T,Total,USD_M3,US dollars per cubic metre,_Z,Not Applicable,_Z,Not Applicable,_Z,Not Applicable,1987,153.4893206,WB_CLEAR,Climate and Economic Analyses for Resilience in Water (CLEAR Water),0,Units,CUR,Currency,602,CCYY,A,Normal value,PU,Public
datastructure,WB.DATA360:DS_DATA360(1.2),I,A,Annual,KOR,"Korea, Rep.",WB_CLEAR_AQUASTAT_4554,SDG 6.4.1. Services Water Use Efficiency (US$/m3),_T,Total,_T,All age ranges or no breakdown by age,_T,Total,USD_M3,US dollars per cubic metre,_Z,Not Applicable,_Z,Not Applicable,_Z,Not Applicable,1987,36.88316693,WB_CLEAR,Climate and Economic Analyses for Resilience in Water (CLEAR Water),0,Units,CUR,Currency,602,CCYY,A,Normal value,PU,Public
datastructure,WB.DATA360:DS_DATA360(1.2),I,A,Annual,ROU,Romania,WB_CLEAR_AQUASTAT_4554,SDG 6.4.1. Services Water Use Efficiency (US$/m3),_T,Total,_T,All age ranges or no breakdown by age,_T,Total,USD_M3,US dollars per cubic metre,_Z,Not Applicable,_Z,Not Applicable,_Z,Not Applicable,1987,15.1339156,WB_CLEAR,Climate and Economic Analyses for Resilience in Water (CLEAR Water),0,Units,CUR,Currency,602,CCYY,A,Normal value,PU,Public
datastructure,WB.DATA360:DS_DATA360(1.2),I,A,Annual,RWA,Rwanda,WB_CLEAR_AQUASTAT_4554,SDG 6.4.1. Services Water Use Efficiency (US$/m3),_T,Total,_T,All age ranges or no breakdown by age,_T,Total,USD_M3,US dollars per cubic metre,_Z,Not Applicable,_Z,Not Applicable,_Z,Not Applicable,1987,22.41002283,WB_CLEAR,Climate and Economic Analyses for Resilience in Water (CLEAR Water),0,Units,CUR,Currency,602,CCYY,A,Normal value,PU,Public
datastructure,WB.DATA360:DS_DATA360(1.2),I,A,Annual,BOL,Bolivia,WB_CLEAR_AQUASTAT_4554,SDG 6.4.1. Services Water Use Efficiency (US$/m3),_T,Total,_T,All age ranges or no breakdown by age,_T,Total,USD_M3,US dollars per cubic metre,_Z,Not Applicable,_Z,Not Applicable,_Z,Not Applicable,1987,41.03573182,WB_CLEAR,Climate and Economic Analyses for Resilience in Water (CLEAR Water),0,Units,CUR,Currency,602,CCYY,A,Normal value,PU,Public
datastructure,WB.DATA360:DS_DATA360(1.2),I,A,Annual,BFA,Burkina Faso,WB_CLEAR_AQUASTAT_4554,SDG 6.4.1. Services Water Use Efficiency (US$/m3),_T,Total,_T,All age ranges or no breakdown by age,_T,Total,USD_M3,US dollars per cubic metre,_Z,Not Applicable,_Z,Not Applicable,_Z,Not Applicable,1987,22.36479873,WB_CLEAR,Climate and Economic Analyses for Resilience in Water (CLEAR Water),0,Units,CUR,Currency,602,CCYY,A,Normal value,PU,Public
datastructure,WB.DATA360:DS_DATA360(1.2),I,A,Annual,BDI,Burundi,WB_CLEAR_AQUASTAT_4554,SDG 6.4.1. Services Water Use Efficiency (US$/m3),_T,Total,_T,All age ranges or no breakdown by age,_T,Total,USD_M3,US dollars per cubic metre,_Z,Not Applicable,_Z,Not Applicable,_Z,Not Applicable,1987,14.65453826,WB_CLEAR,Climate and Economic Analyses for Resilience in Water (CLEAR Water),0,Units,CUR,Currency,602,CCYY,A,Normal value,PU,Public
datastructure,WB.DATA360:DS_DATA360(1.2),I,A,Annual,KHM,Cambodia,WB_CLEAR_AQUASTAT_4554,SDG 6.4.1. Services Water Use Efficiency (US$/m3),_T,Total,_T,All age ranges or no breakdown by age,_T,Total,USD_M3,US dollars per cubic metre,_Z,Not Applicable,_Z,Not Applicable,_Z,Not Applicable,1987,41.87863827,WB_CLEAR,Climate and Economic Analyses for Resilience in Water (CLEAR Water),0,Units,CUR,Currency,602,CCYY,A,Normal value,PU,Public
datastructure,WB.DATA360:DS_DATA360(1.2),I,A,Annual,SEN,Senegal,WB_CLEAR_AQUASTAT_4554,SDG 6.4.1. Services Water Use Efficiency (US$/m3),_T,Total,_T,All age ranges or no breakdown by age,_T,Total,USD_M3,US dollars per cubic metre,_Z,Not Applicable,_Z,Not Applicable,_Z,Not Applicable,1987,52.6790827,WB_CLEAR,Climate and Economic Analyses for Resilience in Water (CLEAR Water),0,Units,CUR,Currency,602,CCYY,A,Normal value,PU,Public
datastructure,WB.DATA360:DS_DATA360(1.2),I,A,Annual,SLE,Sierra Leone,WB_CLEAR_AQUASTAT_4554,SDG 6.4.1. Services Water Use Efficiency (US$/m3),_T,Total,_T,All age ranges or no breakdown by age,_T,Total,USD_M3,US dollars per cubic metre,_Z,Not Applicable,_Z,Not Applicable,_Z,Not Applicable,1987,45.20883557,WB_CLEAR,Climate and Economic Analyses for Resilience in Water (CLEAR Water),0,Units,CUR,Currency,602,CCYY,A,Normal value,PU,Public
datastructure,WB.DATA360:DS_DATA360(1.2),I,A,Annual,SGP,Singapore,WB_CLEAR_AQUASTAT_4554,SDG 6.4.1. Services Water Use Efficiency (US$/m3),_T,Total,_T,All age ranges or no breakdown by age,_T,Total,USD_M3,US dollars per cubic metre,_Z,Not Applicable,_Z,Not Applicable,_Z,Not Applicable,1987,73.59881276,WB_CLEAR,Climate and Economic Analyses for Resilience in Water (CLEAR Water),0,Units,CUR,Currency,602,CCYY,A,Normal value,PU,Public
datastructure,WB.DATA360:DS_DATA360(1.2),I,A,Annual,SOM,Somalia,WB_CLEAR_AQUASTAT_4554,SDG 6.4.1. Services Water Use Efficiency (US$/m3),_T,Total,_T,All age ranges or no breakdown by age,_T,Total,USD_M3,US dollars per cubic metre,_Z,Not Applicable,_Z,Not Applicable,_Z,Not Applicable,1987,13.76933047,WB_CLEAR,Climate and Economic Analyses for Resilience in Water (CLEAR Water),0,Units,CUR,Currency,602,CCYY,A,Normal value,PU,Public
datastructure,WB.DATA360:DS_DATA360(1.2),I,A,Annual,ESP,Spain,WB_CLEAR_AQUASTAT_4554,SDG 6.4.1. Services Water Use Efficiency (US$/m3),_T,Total,_T,All age ranges or no breakdown by age,_T,Total,USD_M3,US dollars per cubic metre,_Z,Not Applicable,_Z,Not Applicable,_Z,Not Applicable,1987,66.44649814,WB_CLEAR,Climate and Economic Analyses for Resilience in Water (CLEAR Water),0,Units,CUR,Currency,602,CCYY,A,Normal value,PU,Public
datastructure,WB.DATA360:DS_DATA360(1.2),I,A,Annual,SUR,Suriname,WB_CLEAR_AQUASTAT_4554,SDG 6.4.1. Services Water Use Efficiency (US$/m3),_T,Total,_T,All age ranges or no breakdown by age,_T,Total,USD_M3,US dollars per cubic metre,_Z,Not Applicable,_Z,Not Applicable,_Z,Not Applicable,1987,57.28977144,WB_CLEAR,Climate and Economic Analyses for Resilience in Water (CLEAR Water),0,Units,CUR,Currency,602,CCYY,A,Normal value,PU,Public
datastructure,WB.DATA360:DS_DATA360(1.2),I,A,Annual,SWE,Sweden,WB_CLEAR_AQUASTAT_4554,SDG 6.4.1. Services Water Use Efficiency (US$/m3),_T,Total,_T,All age ranges or no breakdown by age,_T,Total,USD_M3,US dollars per cubic metre,_Z,Not Applicable,_Z,Not Applicable,_Z,Not Applicable,1987,180.2129849,WB_CLEAR,Climate and Economic Analyses for Resilience in Water (CLEAR Water),0,Units,CUR,Currency,602,CCYY,A,Normal value,PU,Public
datastructure,WB.DATA360:DS_DATA360(1.2),I,A,Annual,CHE,Switzerland,WB_CLEAR_AQUASTAT_4554,SDG 6.4.1. Services Water Use Efficiency (US$/m3),_T,Total,_T,All age ranges or no breakdown by age,_T,Total,USD_M3,US dollars per cubic metre,_Z,Not Applicable,_Z,Not Applicable,_Z,Not Applicable,1987,239.9458355,WB_CLEAR,Climate and Economic Analyses for Resilience in Water (CLEAR Water),0,Units,CUR,Currency,602,CCYY,A,Normal value,PU,Public
datastructure,WB.DATA360:DS_DATA360(1.2),I,A,Annual,THA,Thailand,WB_CLEAR_AQUASTAT_4554,SDG 6.4.1. Services Water Use Efficiency (US$/m3),_T,Total,_T,All age ranges or no breakdown by age,_T,Total,USD_M3,US dollars per cubic metre,_Z,Not Applicable,_Z,Not Applicable,_Z,Not Applicable,1987,42.63292214,WB_CLEAR,Climate and Economic Analyses for Resilience in Water (CLEAR Water),0,Units,CUR,Currency,602,CCYY,A,Normal value,PU,Public
datastructure,WB.DATA360:DS_DATA360(1.2),I,A,Annual,TGO,Togo,WB_CLEAR_AQUASTAT_4554,SDG 6.4.1. Services Water Use Efficiency (US$/m3),_T,Total,_T,All age ranges or no breakdown by age,_T,Total,USD_M3,US dollars per cubic metre,_Z,Not Applicable,_Z,Not Applicable,_Z,Not Applicable,1987,13.74438776,WB_CLEAR,Climate and Economic Analyses for Resilience in Water (CLEAR Water),0,Units,CUR,Currency,602,CCYY,A,Normal value,PU,Public
datastructure,WB.DATA360:DS_DATA360(1.2),I,A,Annual,UGA,Uganda,WB_CLEAR_AQUASTAT_4554,SDG 6.4.1. Services Water Use Efficiency (US$/m3),_T,Total,_T,All age ranges or no breakdown by age,_T,Total,USD_M3,US dollars per cubic metre,_Z,Not Applicable,_Z,Not Applicable,_Z,Not Applicable,1987,12.32342893,WB_CLEAR,Climate and Economic Analyses for Resilience in Water (CLEAR Water),0,Units,CUR,Currency,602,CCYY,A,Normal value,PU,Public
datastructure,WB.DATA360:DS_DATA360(1.2),I,A,Annual,ARE,United Arab Emirates,WB_CLEAR_AQUASTAT_4554,SDG 6.4.1. Services Water Use Efficiency (US$/m3),_T,Total,_T,All age ranges or no breakdown by age,_T,Total,USD_M3,US dollars per cubic metre,_Z,Not Applicable,_Z,Not Applicable,_Z,Not Applicable,1987,137.289899,WB_CLEAR,Climate and Economic Analyses for Resilience in Water (CLEAR Water),0,Units,CUR,Currency,602,CCYY,A,Normal value,PU,Public
datastructure,WB.DATA360:DS_DATA360(1.2),I,A,Annual,GBR,United Kingdom,WB_CLEAR_AQUASTAT_4554,SDG 6.4.1. Services Water Use Efficiency (US$/m3),_T,Total,_T,All age ranges or no breakdown by age,_T,Total,USD_M3,US dollars per cubic metre,_Z,Not Applicable,_Z,Not Applicable,_Z,Not Applicable,1987,149.1008293,WB_CLEAR,Climate and Economic Analyses for Resilience in Water (CLEAR Water),0,Units,CUR,Currency,602,CCYY,A,Normal value,PU,Public
datastructure,WB.DATA360:DS_DATA360(1.2),I,A,Annual,TZA,Tanzania,WB_CLEAR_AQUASTAT_4554,SDG 6.4.1. Services Water Use Efficiency (US$/m3),_T,Total,_T,All age ranges or no breakdown by age,_T,Total,USD_M3,US dollars per cubic metre,_Z,Not Applicable,_Z,Not Applicable,_Z,Not Applicable,1987,17.71867754,WB_CLEAR,Climate and Economic Analyses for Resilience in Water (CLEAR Water),0,Units,CUR,Currency,602,CCYY,A,Normal value,PU,Public
datastructure,WB.DATA360:DS_DATA360(1.2),I,A,Annual,URY,Uruguay,WB_CLEAR_AQUASTAT_4554,SDG 6.4.1. Services Water Use Efficiency (US$/m3),_T,Total,_T,All age ranges or no breakdown by age,_T,Total,USD_M3,US dollars per cubic metre,_Z,Not Applicable,_Z,Not Applicable,_Z,Not Applicable,1987,45.01569364,WB_CLEAR,Climate and Economic Analyses for Resilience in Water (CLEAR Water),0,Units,CUR,Currency,602,CCYY,A,Normal value,PU,Public
datastructure,WB.DATA360:DS_DATA360(1.2),I,A,Annual,VEN,"Venezuela, RB",WB_CLEAR_AQUASTAT_4554,SDG 6.4.1. Services Water Use Efficiency (US$/m3),_T,Total,_T,All age ranges or no breakdown by age,_T,Total,USD_M3,US dollars per cubic metre,_Z,Not Applicable,_Z,Not Applicable,_Z,Not Applicable,1987,27.36128452,WB_CLEAR,Climate and Economic Analyses for Resilience in Water (CLEAR Water),0,Units,CUR,Currency,602,CCYY,A,Normal value,PU,Public
datastructure,WB.DATA360:DS_DATA360(1.2),I,A,Annual,VNM,Viet Nam,WB_CLEAR_AQUASTAT_4554,SDG 6.4.1. Services Water Use Efficiency (US$/m3),_T,Total,_T,All age ranges or no breakdown by age,_T,Total,USD_M3,US dollars per cubic metre,_Z,Not Applicable,_Z,Not Applicable,_Z,Not Applicable,1987,8.81511698,WB_CLEAR,Climate and Economic Analyses for Resilience in Water (CLEAR Water),0,Units,CUR,Currency,602,CCYY,A,Normal value,PU,Public
datastructure,WB.DATA360:DS_DATA360(1.2),I,A,Annual,ZWE,Zimbabwe,WB_CLEAR_AQUASTAT_4554,SDG 6.4.1. Services Water Use Efficiency (US$/m3),_T,Total,_T,All age ranges or no breakdown by age,_T,Total,USD_M3,US dollars per cubic metre,_Z,Not Applicable,_Z,Not Applicable,_Z,Not Applicable,1987,29.00227771,WB_CLEAR,Climate and Economic Analyses for Resilience in Water (CLEAR Water),0,Units,CUR,Currency,602,CCYY,A,Normal value,PU,Public
datastructure,WB.DATA360:DS_DATA360(1.2),I,A,Annual,CMR,Cameroon,WB_CLEAR_AQUASTAT_4554,SDG 6.4.1. Services Water Use Efficiency (US$/m3),_T,Total,_T,All age ranges or no breakdown by age,_T,Total,USD_M3,US dollars per cubic metre,_Z,Not Applicable,_Z,Not Applicable,_Z,Not Applicable,1987,48.54522778,WB_CLEAR,Climate and Economic Analyses for Resilience in Water (CLEAR Water),0,Units,CUR,Currency,602,CCYY,A,Normal value,PU,Public
datastructure,WB.DATA360:DS_DATA360(1.2),I,A,Annual,CAF,Central African Republic,WB_CLEAR_AQUASTAT_4554,SDG 6.4.1. Services Water Use Efficiency (US$/m3),_T,Total,_T,All age ranges or no breakdown by age,_T,Total,USD_M3,US dollars per cubic metre,_Z,Not Applicable,_Z,Not Applicable,_Z,Not Applicable,1987,48.61637822,WB_CLEAR,Climate and Economic Analyses for Resilience in Water (CLEAR Water),0,Units,CUR,Currency,602,CCYY,A,Normal value,PU,Public
datastructure,WB.DATA360:DS_DATA360(1.2),I,A,Annual,TCD,Chad,WB_CLEAR_AQUASTAT_4554,SDG 6.4.1. Services Water Use Efficiency (US$/m3),_T,Total,_T,All age ranges or no breakdown by age,_T,Total,USD_M3,US dollars per cubic metre,_Z,Not Applicable,_Z,Not Applicable,_Z,Not Applicable,1987,51.52148022,WB_CLEAR,Climate and Economic Analyses for Resilience in Water (CLEAR Water),0,Units,CUR,Currency,602,CCYY,A,Normal value,PU,Public
datastructure,WB.DATA360:DS_DATA360(1.2),I,A,Annual,CHN,China,WB_CLEAR_AQUASTAT_4554,SDG 6.4.1. Services Water Use Efficiency (US$/m3),_T,Total,_T,All age ranges or no breakdown by age,_T,Total,USD_M3,US dollars per cubic metre,_Z,Not Applicable,_Z,Not Applicable,_Z,Not Applicable,1987,8.120337221,WB_CLEAR,Climate and Economic Analyses for Resilience in Water (CLEAR Water),0,Units,CUR,Currency,602,CCYY,A,Normal value,PU,Public
datastructure,WB.DATA360:DS_DATA360(1.2),I,A,Annual,COG,"Congo, Rep.",WB_CLEAR_AQUASTAT_4554,SDG 6.4.1. Services Water Use Efficiency (US$/m3),_T,Total,_T,All age ranges or no breakdown by age,_T,Total,USD_M3,US dollars per cubic metre,_Z,Not Applicable,_Z,Not Applicable,_Z,Not Applicable,1987,162.1371289,WB_CLEAR,Climate and Economic Analyses for Resilience in Water (CLEAR Water),0,Units,CUR,Currency,602,CCYY,A,Normal value,PU,Public
datastructure,WB.DATA360:DS_DATA360(1.2),I,A,Annual,CIV,Cote d'Ivoire,WB_CLEAR_AQUASTAT_4554,SDG 6.4.1. Services Water Use Efficiency (US$/m3),_T,Total,_T,All age ranges or no breakdown by age,_T,Total,USD_M3,US dollars per cubic metre,_Z,Not Applicable,_Z,Not Applicable,_Z,Not Applicable,1987,46.0550056,WB_CLEAR,Climate and Economic Analyses for Resilience in Water (CLEAR Water),0,Units,CUR,Currency,602,CCYY,A,Normal value,PU,Public
datastructure,WB.DATA360:DS_DATA360(1.2),I,A,Annual,CUB,Cuba,WB_CLEAR_AQUASTAT_4554,SDG 6.4.1. Services Water Use Efficiency (US$/m3),_T,Total,_T,All age ranges or no breakdown by age,_T,Total,USD_M3,US dollars per cubic metre,_Z,Not Applicable,_Z,Not Applicable,_Z,Not Applicable,1987,30.32426539,WB_CLEAR,Climate and Economic Analyses for Resilience in Water (CLEAR Water),0,Units,CUR,Currency,602,CCYY,A,Normal value,PU,Public
datastructure,WB.DATA360:DS_DATA360(1.2),I,A,Annual,CYP,Cyprus,WB_CLEAR_AQUASTAT_4554,SDG 6.4.1. Services Water Use Efficiency (US$/m3),_T,Total,_T,All age ranges or no breakdown by age,_T,Total,USD_M3,US dollars per cubic metre,_Z,Not Applicable,_Z,Not Applicable,_Z,Not Applicable,1987,102.3235746,WB_CLEAR,Climate and Economic Analyses for Resilience in Water (CLEAR Water),0,Units,CUR,Currency,602,CCYY,A,Normal value,PU,Public
datastructure,WB.DATA360:DS_DATA360(1.2),I,A,Annual,DNK,Denmark,WB_CLEAR_AQUASTAT_4554,SDG 6.4.1. Services Water Use Efficiency (US$/m3),_T,Total,_T,All age ranges or no breakdown by age,_T,Total,USD_M3,US dollars per cubic metre,_Z,Not Applicable,_Z,Not Applicable,_Z,Not Applicable,1987,263.8504086,WB_CLEAR,Climate and Economic Analyses for Resilience in Water (CLEAR Water),0,Units,CUR,Currency,602,CCYY,A,Normal value,PU,Public
datastructure,WB.DATA360:DS_DATA360(1.2),I,A,Annual,DJI,Djibouti,WB_CLEAR_AQUASTAT_4554,SDG 6.4.1. Services Water Use Efficiency (US$/m3),_T,Total,_T,All age ranges or no breakdown by age,_T,Total,USD_M3,US dollars per cubic metre,_Z,Not Applicable,_Z,Not Applicable,_Z,Not Applicable,1987,151.0129131,WB_CLEAR,Climate and Economic Analyses for Resilience in Water (CLEAR Water),0,Units,CUR,Currency,602,CCYY,A,Normal value,PU,Public
datastructure,WB.DATA360:DS_DATA360(1.2),I,A,Annual,GNQ,Equatorial Guinea,WB_CLEAR_AQUASTAT_4554,SDG 6.4.1. Services Water Use Efficiency (US$/m3),_T,Total,_T,All age ranges or no breakdown by age,_T,Total,USD_M3,US dollars per cubic metre,_Z,Not Applicable,_Z,Not Applicable,_Z,Not Applicable,1987,32.59768634,WB_CLEAR,Climate and Economic Analyses for Resilience in Water (CLEAR Water),0,Units,CUR,Currency,602,CCYY,A,Normal value,PU,Public
datastructure,WB.DATA360:DS_DATA360(1.2),I,A,Annual,SWZ,Eswatini,WB_CLEAR_AQUASTAT_4554,SDG 6.4.1. Services Water Use Efficiency (US$/m3),_T,Total,_T,All age ranges or no breakdown by age,_T,Total,USD_M3,US dollars per cubic metre,_Z,Not Applicable,_Z,Not Applicable,_Z,Not Applicable,1987,55.53869329,WB_CLEAR,Climate and Economic Analyses for Resilience in Water (CLEAR Water),0,Units,CUR,Currency,602,CCYY,A,Normal value,PU,Public
datastructure,WB.DATA360:DS_DATA360(1.2),I,A,Annual,FJI,Fiji,WB_CLEAR_AQUASTAT_4554,SDG 6.4.1. Services Water Use Efficiency (US$/m3),_T,Total,_T,All age ranges or no breakdown by age,_T,Total,USD_M3,US dollars per cubic metre,_Z,Not Applicable,_Z,Not Applicable,_Z,Not Applicable,1987,202.0424979,WB_CLEAR,Climate and Economic Analyses for Resilience in Water (CLEAR Water),0,Units,CUR,Currency,602,CCYY,A,Normal value,PU,Public
datastructure,WB.DATA360:DS_DATA360(1.2),I,A,Annual,AFG,Afghanistan,WB_CLEAR_AQUASTAT_4554,SDG 6.4.1. Services Water Use Efficiency (US$/m3),_T,Total,_T,All age ranges or no breakdown by age,_T,Total,USD_M3,US dollars per cubic metre,_Z,Not Applicable,_Z,Not Applicable,_Z,Not Applicable,1987,11.33526353,WB_CLEAR,Climate and Economic Analyses for Resilience in Water (CLEAR Water),0,Units,CUR,Currency,602,CCYY,A,Normal value,PU,Public
datastructure,WB.DATA360:DS_DATA360(1.2),I,A,Annual,DZA,Algeria,WB_CLEAR_AQUASTAT_4554,SDG 6.4.1. Services Water Use Efficiency (US$/m3),_T,Total,_T,All age ranges or no breakdown by age,_T,Total,USD_M3,US dollars per cubic metre,_Z,Not Applicable,_Z,Not Applicable,_Z,Not Applicable,1987,37.98280692,WB_CLEAR,Climate and Economic Analyses for Resilience in Water (CLEAR Water),0,Units,CUR,Currency,602,CCYY,A,Normal value,PU,Public
datastructure,WB.DATA360:DS_DATA360(1.2),I,A,Annual,AGO,Angola,WB_CLEAR_AQUASTAT_4554,SDG 6.4.1. Services Water Use Efficiency (US$/m3),_T,Total,_T,All age ranges or no breakdown by age,_T,Total,USD_M3,US dollars per cubic metre,_Z,Not Applicable,_Z,Not Applicable,_Z,Not Applicable,1987,222.803922,WB_CLEAR,Climate and Economic Analyses for Resilience in Water (CLEAR Water),0,Units,CUR,Currency,602,CCYY,A,Normal value,PU,Public
datastructure,WB.DATA360:DS_DATA360(1.2),I,A,Annual,AUT,Austria,WB_CLEAR_AQUASTAT_4554,SDG 6.4.1. Services Water Use Efficiency (US$/m3),_T,Total,_T,All age ranges or no breakdown by age,_T,Total,USD_M3,US dollars per cubic metre,_Z,Not Applicable,_Z,Not Applicable,_Z,Not Applicable,1987,182.5154218,WB_CLEAR,Climate and Economic Analyses for Resilience in Water (CLEAR Water),0,Units,CUR,Currency,602,CCYY,A,Normal value,PU,Public
datastructure,WB.DATA360:DS_DATA360(1.2),I,A,Annual,CHL,Chile,WB_CLEAR_AQUASTAT_4554,SDG 6.4.1. Services Water Use Efficiency (US$/m3),_T,Total,_T,All age ranges or no breakdown by age,_T,Total,USD_M3,US dollars per cubic metre,_Z,Not Applicable,_Z,Not Applicable,_Z,Not Applicable,1987,28.32891955,WB_CLEAR,Climate and Economic Analyses for Resilience in Water (CLEAR Water),0,Units,CUR,Currency,602,CCYY,A,Normal value,PU,Public
datastructure,WB.DATA360:DS_DATA360(1.2),I,A,Annual,AZE,Azerbaijan,WB_CLEAR_AQUASTAT_4554,SDG 6.4.1. Services Water Use Efficiency (US$/m3),_T,Total,_T,All age ranges or no breakdown by age,_T,Total,USD_M3,US dollars per cubic metre,_Z,Not Applicable,_Z,Not Applicable,_Z,Not Applicable,1992,5.123433162,WB_CLEAR,Climate and Economic Analyses for Resilience in Water (CLEAR Water),0,Units,CUR,Currency,602,CCYY,A,Normal value,PU,Public
datastructure,WB.DATA360:DS_DATA360(1.2),I,A,Annual,BHR,Bahrain,WB_CLEAR_AQUASTAT_4554,SDG 6.4.1. Services Water Use Efficiency (US$/m3),_T,Total,_T,All age ranges or no breakdown by age,_T,Total,USD_M3,US dollars per cubic metre,_Z,Not Applicable,_Z,Not Applicable,_Z,Not Applicable,1992,67.55045126,WB_CLEAR,Climate and Economic Analyses for Resilience in Water (CLEAR Water),0,Units,CUR,Currency,602,CCYY,A,Normal value,PU,Public
datastructure,WB.DATA360:DS_DATA360(1.2),I,A,Annual,BGD,Bangladesh,WB_CLEAR_AQUASTAT_4554,SDG 6.4.1. Services Water Use Efficiency (US$/m3),_T,Total,_T,All age ranges or no breakdown by age,_T,Total,USD_M3,US dollars per cubic metre,_Z,Not Applicable,_Z,Not Applicable,_Z,Not Applicable,1992,13.96838007,WB_CLEAR,Climate and Economic Analyses for Resilience in Water (CLEAR Water),0,Units,CUR,Currency,602,CCYY,A,Normal value,PU,Public
datastructure,WB.DATA360:DS_DATA360(1.2),I,A,Annual,BEL,Belgium,WB_CLEAR_AQUASTAT_4554,SDG 6.4.1. Services Water Use Efficiency (US$/m3),_T,Total,_T,All age ranges or no breakdown by age,_T,Total,USD_M3,US dollars per cubic metre,_Z,Not Applicable,_Z,Not Applicable,_Z,Not Applicable,1992,253.5744657,WB_CLEAR,Climate and Economic Analyses for Resilience in Water (CLEAR Water),0,Units,CUR,Currency,602,CCYY,A,Normal value,PU,Public
datastructure,WB.DATA360:DS_DATA360(1.2),I,A,Annual,BLZ,Belize,WB_CLEAR_AQUASTAT_4554,SDG 6.4.1. Services Water Use Efficiency (US$/m3),_T,Total,_T,All age ranges or no breakdown by age,_T,Total,USD_M3,US dollars per cubic metre,_Z,Not Applicable,_Z,Not Applicable,_Z,Not Applicable,1992,55.54464112,WB_CLEAR,Climate and Economic Analyses for Resilience in Water (CLEAR Water),0,Units,CUR,Currency,602,CCYY,A,Normal value,PU,Public
datastructure,WB.DATA360:DS_DATA360(1.2),I,A,Annual,BEN,Benin,WB_CLEAR_AQUASTAT_4554,SDG 6.4.1. Services Water Use Efficiency (US$/m3),_T,Total,_T,All age ranges or no breakdown by age,_T,Total,USD_M3,US dollars per cubic metre,_Z,Not Applicable,_Z,Not Applicable,_Z,Not Applicable,1992,46.26159028,WB_CLEAR,Climate and Economic Analyses for Resilience in Water (CLEAR Water),0,Units,CUR,Currency,602,CCYY,A,Normal value,PU,Public
datastructure,WB.DATA360:DS_DATA360(1.2),I,A,Annual,BTN,Bhutan,WB_CLEAR_AQUASTAT_4554,SDG 6.4.1. Services Water Use Efficiency (US$/m3),_T,Total,_T,All age ranges or no breakdown by age,_T,Total,USD_M3,US dollars per cubic metre,_Z,Not Applicable,_Z,Not Applicable,_Z,Not Applicable,1992,18.87052503,WB_CLEAR,Climate and Economic Analyses for Resilience in Water (CLEAR Water),0,Units,CUR,Currency,602,CCYY,A,Normal value,PU,Public
datastructure,WB.DATA360:DS_DATA360(1.2),I,A,Annual,FIN,Finland,WB_CLEAR_AQUASTAT_4554,SDG 6.4.1. Services Water Use Efficiency (US$/m3),_T,Total,_T,All age ranges or no breakdown by age,_T,Total,USD_M3,US dollars per cubic metre,_Z,Not Applicable,_Z,Not Applicable,_Z,Not Applicable,1992,200.6339046,WB_CLEAR,Climate and Economic Analyses for Resilience in Water (CLEAR Water),0,Units,CUR,Currency,602,CCYY,A,Normal value,PU,Public
datastructure,WB.DATA360:DS_DATA360(1.2),I,A,Annual,FRA,France,WB_CLEAR_AQUASTAT_4554,SDG 6.4.1. Services Water Use Efficiency (US$/m3),_T,Total,_T,All age ranges or no breakdown by age,_T,Total,USD_M3,US dollars per cubic metre,_Z,Not Applicable,_Z,Not Applicable,_Z,Not Applicable,1992,188.854688,WB_CLEAR,Climate and Economic Analyses for Resilience in Water (CLEAR Water),0,Units,CUR,Currency,602,CCYY,A,Normal value,PU,Public
datastructure,WB.DATA360:DS_DATA360(1.2),I,A,Annual,GAB,Gabon,WB_CLEAR_AQUASTAT_4554,SDG 6.4.1. Services Water Use Efficiency (US$/m3),_T,Total,_T,All age ranges or no breakdown by age,_T,Total,USD_M3,US dollars per cubic metre,_Z,Not Applicable,_Z,Not Applicable,_Z,Not Applicable,1992,78.53267475,WB_CLEAR,Climate and Economic Analyses for Resilience in Water (CLEAR Water),0,Units,CUR,Currency,602,CCYY,A,Normal value,PU,Public
datastructure,WB.DATA360:DS_DATA360(1.2),I,A,Annual,GMB,"Gambia, The",WB_CLEAR_AQUASTAT_4554,SDG 6.4.1. Services Water Use Efficiency (US$/m3),_T,Total,_T,All age ranges or no breakdown by age,_T,Total,USD_M3,US dollars per cubic metre,_Z,Not Applicable,_Z,Not Applicable,_Z,Not Applicable,1992,32.71104733,WB_CLEAR,Climate and Economic Analyses for Resilience in Water (CLEAR Water),0,Units,CUR,Currency,602,CCYY,A,Normal value,PU,Public
datastructure,WB.DATA360:DS_DATA360(1.2),I,A,Annual,GEO,Georgia,WB_CLEAR_AQUASTAT_4554,SDG 6.4.1. Services Water Use Efficiency (US$/m3),_T,Total,_T,All age ranges or no breakdown by age,_T,Total,USD_M3,US dollars per cubic metre,_Z,Not Applicable,_Z,Not Applicable,_Z,Not Applicable,1992,2.812836054,WB_CLEAR,Climate and Economic Analyses for Resilience in Water (CLEAR Water),0,Units,CUR,Currency,602,CCYY,A,Normal value,PU,Public
datastructure,WB.DATA360:DS_DATA360(1.2),I,A,Annual,GHA,Ghana,WB_CLEAR_AQUASTAT_4554,SDG 6.4.1. Services Water Use Efficiency (US$/m3),_T,Total,_T,All age ranges or no breakdown by age,_T,Total,USD_M3,US dollars per cubic metre,_Z,Not Applicable,_Z,Not Applicable,_Z,Not Applicable,1992,29.08931997,WB_CLEAR,Climate and Economic Analyses for Resilience in Water (CLEAR Water),0,Units,CUR,Currency,602,CCYY,A,Normal value,PU,Public
datastructure,WB.DATA360:DS_DATA360(1.2),I,A,Annual,GRC,Greece,WB_CLEAR_AQUASTAT_4554,SDG 6.4.1. Services Water Use Efficiency (US$/m3),_T,Total,_T,All age ranges or no breakdown by age,_T,Total,USD_M3,US dollars per cubic metre,_Z,Not Applicable,_Z,Not Applicable,_Z,Not Applicable,1992,138.3351539,WB_CLEAR,Climate and Economic Analyses for Resilience in Water (CLEAR Water),0,Units,CUR,Currency,602,CCYY,A,Normal value,PU,Public
datastructure,WB.DATA360:DS_DATA360(1.2),I,A,Annual,GTM,Guatemala,WB_CLEAR_AQUASTAT_4554,SDG 6.4.1. Services Water Use Efficiency (US$/m3),_T,Total,_T,All age ranges or no breakdown by age,_T,Total,USD_M3,US dollars per cubic metre,_Z,Not Applicable,_Z,Not Applicable,_Z,Not Applicable,1992,152.2635483,WB_CLEAR,Climate and Economic Analyses for Resilience in Water (CLEAR Water),0,Units,CUR,Currency,602,CCYY,A,Normal value,PU,Public
datastructure,WB.DATA360:DS_DATA360(1.2),I,A,Annual,GIN,Guinea,WB_CLEAR_AQUASTAT_4554,SDG 6.4.1. Services Water Use Efficiency (US$/m3),_T,Total,_T,All age ranges or no breakdown by age,_T,Total,USD_M3,US dollars per cubic metre,_Z,Not Applicable,_Z,Not Applicable,_Z,Not Applicable,1992,18.54287502,WB_CLEAR,Climate and Economic Analyses for Resilience in Water (CLEAR Water),0,Units,CUR,Currency,602,CCYY,A,Normal value,PU,Public
datastructure,WB.DATA360:DS_DATA360(1.2),I,A,Annual,GNB,Guinea-Bissau,WB_CLEAR_AQUASTAT_4554,SDG 6.4.1. Services Water Use Efficiency (US$/m3),_T,Total,_T,All age ranges or no breakdown by age,_T,Total,USD_M3,US dollars per cubic metre,_Z,Not Applicable,_Z,Not Applicable,_Z,Not Applicable,1992,20.93103692,WB_CLEAR,Climate and Economic Analyses for Resilience in Water (CLEAR Water),0,Units,CUR,Currency,602,CCYY,A,Normal value,PU,Public
datastructure,WB.DATA360:DS_DATA360(1.2),I,A,Annual,GUY,Guyana,WB_CLEAR_AQUASTAT_4554,SDG 6.4.1. Services Water Use Efficiency (US$/m3),_T,Total,_T,All age ranges or no breakdown by age,_T,Total,USD_M3,US dollars per cubic metre,_Z,Not Applicable,_Z,Not Applicable,_Z,Not Applicable,1992,27.95269448,WB_CLEAR,Climate and Economic Analyses for Resilience in Water (CLEAR Water),0,Units,CUR,Currency,602,CCYY,A,Normal value,PU,Public
datastructure,WB.DATA360:DS_DATA360(1.2),I,A,Annual,HTI,Haiti,WB_CLEAR_AQUASTAT_4554,SDG 6.4.1. Services Water Use Efficiency (US$/m3),_T,Total,_T,All age ranges or no breakdown by age,_T,Total,USD_M3,US dollars per cubic metre,_Z,Not Applicable,_Z,Not Applicable,_Z,Not Applicable,1992,43.78415089,WB_CLEAR,Climate and Economic Analyses for Resilience in Water (CLEAR Water),0,Units,CUR,Currency,602,CCYY,A,Normal value,PU,Public
datastructure,WB.DATA360:DS_DATA360(1.2),I,A,Annual,HND,Honduras,WB_CLEAR_AQUASTAT_4554,SDG 6.4.1. Services Water Use Efficiency (US$/m3),_T,Total,_T,All age ranges or no breakdown by age,_T,Total,USD_M3,US dollars per cubic metre,_Z,Not Applicable,_Z,Not Applicable,_Z,Not Applicable,1992,76.54912731,WB_CLEAR,Climate and Economic Analyses for Resilience in Water (CLEAR Water),0,Units,CUR,Currency,602,CCYY,A,Normal value,PU,Public
datastructure,WB.DATA360:DS_DATA360(1.2),I,A,Annual,HUN,Hungary,WB_CLEAR_AQUASTAT_4554,SDG 6.4.1. Services Water Use Efficiency (US$/m3),_T,Total,_T,All age ranges or no breakdown by age,_T,Total,USD_M3,US dollars per cubic metre,_Z,Not Applicable,_Z,Not Applicable,_Z,Not Applicable,1992,42.94415379,WB_CLEAR,Climate and Economic Analyses for Resilience in Water (CLEAR Water),0,Units,CUR,Currency,602,CCYY,A,Normal value,PU,Public
datastructure,WB.DATA360:DS_DATA360(1.2),I,A,Annual,ISL,Iceland,WB_CLEAR_AQUASTAT_4554,SDG 6.4.1. Services Water Use Efficiency (US$/m3),_T,Total,_T,All age ranges or no breakdown by age,_T,Total,USD_M3,US dollars per cubic metre,_Z,Not Applicable,_Z,Not Applicable,_Z,Not Applicable,1992,55.41371102,WB_CLEAR,Climate and Economic Analyses for Resilience in Water (CLEAR Water),0,Units,CUR,Currency,602,CCYY,A,Normal value,PU,Public
datastructure,WB.DATA360:DS_DATA360(1.2),I,A,Annual,IND,India,WB_CLEAR_AQUASTAT_4554,SDG 6.4.1. Services Water Use Efficiency (US$/m3),_T,Total,_T,All age ranges or no breakdown by age,_T,Total,USD_M3,US dollars per cubic metre,_Z,Not Applicable,_Z,Not Applicable,_Z,Not Applicable,1992,6.707538017,WB_CLEAR,Climate and Economic Analyses for Resilience in Water (CLEAR Water),0,Units,CUR,Currency,602,CCYY,A,Normal value,PU,Public
datastructure,WB.DATA360:DS_DATA360(1.2),I,A,Annual,IDN,Indonesia,WB_CLEAR_AQUASTAT_4554,SDG 6.4.1. Services Water Use Efficiency (US$/m3),_T,Total,_T,All age ranges or no breakdown by age,_T,Total,USD_M3,US dollars per cubic metre,_Z,Not Applicable,_Z,Not Applicable,_Z,Not Applicable,1992,23.13717018,WB_CLEAR,Climate and Economic Analyses for Resilience in Water (CLEAR Water),0,Units,CUR,Currency,602,CCYY,A,Normal value,PU,Public
datastructure,WB.DATA360:DS_DATA360(1.2),I,A,Annual,IRQ,Iraq,WB_CLEAR_AQUASTAT_4554,SDG 6.4.1. Services Water Use Efficiency (US$/m3),_T,Total,_T,All age ranges or no breakdown by age,_T,Total,USD_M3,US dollars per cubic metre,_Z,Not Applicable,_Z,Not Applicable,_Z,Not Applicable,1992,4.121529131,WB_CLEAR,Climate and Economic Analyses for Resilience in Water (CLEAR Water),0,Units,CUR,Currency,602,CCYY,A,Normal value,PU,Public
datastructure,WB.DATA360:DS_DATA360(1.2),I,A,Annual,IRL,Ireland,WB_CLEAR_AQUASTAT_4554,SDG 6.4.1. Services Water Use Efficiency (US$/m3),_T,Total,_T,All age ranges or no breakdown by age,_T,Total,USD_M3,US dollars per cubic metre,_Z,Not Applicable,_Z,Not Applicable,_Z,Not Applicable,1992,109.4291413,WB_CLEAR,Climate and Economic Analyses for Resilience in Water (CLEAR Water),0,Units,CUR,Currency,602,CCYY,A,Normal value,PU,Public
datastructure,WB.DATA360:DS_DATA360(1.2),I,A,Annual,ISR,Israel,WB_CLEAR_AQUASTAT_4554,SDG 6.4.1. Services Water Use Efficiency (US$/m3),_T,Total,_T,All age ranges or no breakdown by age,_T,Total,USD_M3,US dollars per cubic metre,_Z,Not Applicable,_Z,Not Applicable,_Z,Not Applicable,1992,150.0275965,WB_CLEAR,Climate and Economic Analyses for Resilience in Water (CLEAR Water),0,Units,CUR,Currency,602,CCYY,A,Normal value,PU,Public
datastructure,WB.DATA360:DS_DATA360(1.2),I,A,Annual,ITA,Italy,WB_CLEAR_AQUASTAT_4554,SDG 6.4.1. Services Water Use Efficiency (US$/m3),_T,Total,_T,All age ranges or no breakdown by age,_T,Total,USD_M3,US dollars per cubic metre,_Z,Not Applicable,_Z,Not Applicable,_Z,Not Applicable,1992,142.497513,WB_CLEAR,Climate and Economic Analyses for Resilience in Water (CLEAR Water),0,Units,CUR,Currency,602,CCYY,A,Normal value,PU,Public
datastructure,WB.DATA360:DS_DATA360(1.2),I,A,Annual,JPN,Japan,WB_CLEAR_AQUASTAT_4554,SDG 6.4.1. Services Water Use Efficiency (US$/m3),_T,Total,_T,All age ranges or no breakdown by age,_T,Total,USD_M3,US dollars per cubic metre,_Z,Not Applicable,_Z,Not Applicable,_Z,Not Applicable,1992,132.7422663,WB_CLEAR,Climate and Economic Analyses for Resilience in Water (CLEAR Water),0,Units,CUR,Currency,602,CCYY,A,Normal value,PU,Public
datastructure,WB.DATA360:DS_DATA360(1.2),I,A,Annual,JOR,Jordan,WB_CLEAR_AQUASTAT_4554,SDG 6.4.1. Services Water Use Efficiency (US$/m3),_T,Total,_T,All age ranges or no breakdown by age,_T,Total,USD_M3,US dollars per cubic metre,_Z,Not Applicable,_Z,Not Applicable,_Z,Not Applicable,1992,36.31034153,WB_CLEAR,Climate and Economic Analyses for Resilience in Water (CLEAR Water),0,Units,CUR,Currency,602,CCYY,A,Normal value,PU,Public
datastructure,WB.DATA360:DS_DATA360(1.2),I,A,Annual,KEN,Kenya,WB_CLEAR_AQUASTAT_4554,SDG 6.4.1. Services Water Use Efficiency (US$/m3),_T,Total,_T,All age ranges or no breakdown by age,_T,Total,USD_M3,US dollars per cubic metre,_Z,Not Applicable,_Z,Not Applicable,_Z,Not Applicable,1992,31.53651489,WB_CLEAR,Climate and Economic Analyses for Resilience in Water (CLEAR Water),0,Units,CUR,Currency,602,CCYY,A,Normal value,PU,Public
datastructure,WB.DATA360:DS_DATA360(1.2),I,A,Annual,LAO,Lao PDR,WB_CLEAR_AQUASTAT_4554,SDG 6.4.1. Services Water Use Efficiency (US$/m3),_T,Total,_T,All age ranges or no breakdown by age,_T,Total,USD_M3,US dollars per cubic metre,_Z,Not Applicable,_Z,Not Applicable,_Z,Not Applicable,1992,12.8784366,WB_CLEAR,Climate and Economic Analyses for Resilience in Water (CLEAR Water),0,Units,CUR,Currency,602,CCYY,A,Normal value,PU,Public
datastructure,WB.DATA360:DS_DATA360(1.2),I,A,Annual,LBN,Lebanon,WB_CLEAR_AQUASTAT_4554,SDG 6.4.1. Services Water Use Efficiency (US$/m3),_T,Total,_T,All age ranges or no breakdown by age,_T,Total,USD_M3,US dollars per cubic metre,_Z,Not Applicable,_Z,Not Applicable,_Z,Not Applicable,1992,43.52485341,WB_CLEAR,Climate and Economic Analyses for Resilience in Water (CLEAR Water),0,Units,CUR,Currency,602,CCYY,A,Normal value,PU,Public
datastructure,WB.DATA360:DS_DATA360(1.2),I,A,Annual,LSO,Lesotho,WB_CLEAR_AQUASTAT_4554,SDG 6.4.1. Services Water Use Efficiency (US$/m3),_T,Total,_T,All age ranges or no breakdown by age,_T,Total,USD_M3,US dollars per cubic metre,_Z,Not Applicable,_Z,Not Applicable,_Z,Not Applicable,1992,38.82428337,WB_CLEAR,Climate and Economic Analyses for Resilience in Water (CLEAR Water),0,Units,CUR,Currency,602,CCYY,A,Normal value,PU,Public
datastructure,WB.DATA360:DS_DATA360(1.2),I,A,Annual,LBR,Liberia,WB_CLEAR_AQUASTAT_4554,SDG 6.4.1. Services Water Use Efficiency (US$/m3),_T,Total,_T,All age ranges or no breakdown by age,_T,Total,USD_M3,US dollars per cubic metre,_Z,Not Applicable,_Z,Not Applicable,_Z,Not Applicable,1992,3.382056407,WB_CLEAR,Climate and Economic Analyses for Resilience in Water (CLEAR Water),0,Units,CUR,Currency,602,CCYY,A,Normal value,PU,Public
datastructure,WB.DATA360:DS_DATA360(1.2),I,A,Annual,LBY,Libya,WB_CLEAR_AQUASTAT_4554,SDG 6.4.1. Services Water Use Efficiency (US$/m3),_T,Total,_T,All age ranges or no breakdown by age,_T,Total,USD_M3,US dollars per cubic metre,_Z,Not Applicable,_Z,Not Applicable,_Z,Not Applicable,1992,122.0766545,WB_CLEAR,Climate and Economic Analyses for Resilience in Water (CLEAR Water),0,Units,CUR,Currency,602,CCYY,A,Normal value,PU,Public
datastructure,WB.DATA360:DS_DATA360(1.2),I,A,Annual,LUX,Luxembourg,WB_CLEAR_AQUASTAT_4554,SDG 6.4.1. Services Water Use Efficiency (US$/m3),_T,Total,_T,All age ranges or no breakdown by age,_T,Total,USD_M3,US dollars per cubic metre,_Z,Not Applicable,_Z,Not Applicable,_Z,Not Applicable,1992,347.9698855,WB_CLEAR,Climate and Economic Analyses for Resilience in Water (CLEAR Water),0,Units,CUR,Currency,602,CCYY,A,Normal value,PU,Public
datastructure,WB.DATA360:DS_DATA360(1.2),I,A,Annual,MDG,Madagascar,WB_CLEAR_AQUASTAT_4554,SDG 6.4.1. Services Water Use Efficiency (US$/m3),_T,Total,_T,All age ranges or no breakdown by age,_T,Total,USD_M3,US dollars per cubic metre,_Z,Not Applicable,_Z,Not Applicable,_Z,Not Applicable,1992,14.03842025,WB_CLEAR,Climate and Economic Analyses for Resilience in Water (CLEAR Water),0,Units,CUR,Currency,602,CCYY,A,Normal value,PU,Public
datastructure,WB.DATA360:DS_DATA360(1.2),I,A,Annual,MWI,Malawi,WB_CLEAR_AQUASTAT_4554,SDG 6.4.1. Services Water Use Efficiency (US$/m3),_T,Total,_T,All age ranges or no breakdown by age,_T,Total,USD_M3,US dollars per cubic metre,_Z,Not Applicable,_Z,Not Applicable,_Z,Not Applicable,1992,8.248550345,WB_CLEAR,Climate and Economic Analyses for Resilience in Water (CLEAR Water),0,Units,CUR,Currency,602,CCYY,A,Normal value,PU,Public
datastructure,WB.DATA360:DS_DATA360(1.2),I,A,Annual,MYS,Malaysia,WB_CLEAR_AQUASTAT_4554,SDG 6.4.1. Services Water Use Efficiency (US$/m3),_T,Total,_T,All age ranges or no breakdown by age,_T,Total,USD_M3,US dollars per cubic metre,_Z,Not Applicable,_Z,Not Applicable,_Z,Not Applicable,1992,41.45047331,WB_CLEAR,Climate and Economic Analyses for Resilience in Water (CLEAR Water),0,Units,CUR,Currency,602,CCYY,A,Normal value,PU,Public
datastructure,WB.DATA360:DS_DATA360(1.2),I,A,Annual,MDV,Maldives,WB_CLEAR_AQUASTAT_4554,SDG 6.4.1. Services Water Use Efficiency (US$/m3),_T,Total,_T,All age ranges or no breakdown by age,_T,Total,USD_M3,US dollars per cubic metre,_Z,Not Applicable,_Z,Not Applicable,_Z,Not Applicable,1992,212.9720219,WB_CLEAR,Climate and Economic Analyses for Resilience in Water (CLEAR Water),0,Units,CUR,Currency,602,CCYY,A,Normal value,PU,Public
datastructure,WB.DATA360:DS_DATA360(1.2),I,A,Annual,MLI,Mali,WB_CLEAR_AQUASTAT_4554,SDG 6.4.1. Services Water Use Efficiency (US$/m3),_T,Total,_T,All age ranges or no breakdown by age,_T,Total,USD_M3,US dollars per cubic metre,_Z,Not Applicable,_Z,Not Applicable,_Z,Not Applicable,1992,12.15488683,WB_CLEAR,Climate and Economic Analyses for Resilience in Water (CLEAR Water),0,Units,CUR,Currency,602,CCYY,A,Normal value,PU,Public
datastructure,WB.DATA360:DS_DATA360(1.2),I,A,Annual,MLT,Malta,WB_CLEAR_AQUASTAT_4554,SDG 6.4.1. Services Water Use Efficiency (US$/m3),_T,Total,_T,All age ranges or no breakdown by age,_T,Total,USD_M3,US dollars per cubic metre,_Z,Not Applicable,_Z,Not Applicable,_Z,Not Applicable,1992,64.71710948,WB_CLEAR,Climate and Economic Analyses for Resilience in Water (CLEAR Water),0,Units,CUR,Currency,602,CCYY,A,Normal value,PU,Public
datastructure,WB.DATA360:DS_DATA360(1.2),I,A,Annual,MRT,Mauritania,WB_CLEAR_AQUASTAT_4554,SDG 6.4.1. Services Water Use Efficiency (US$/m3),_T,Total,_T,All age ranges or no breakdown by age,_T,Total,USD_M3,US dollars per cubic metre,_Z,Not Applicable,_Z,Not Applicable,_Z,Not Applicable,1992,12.74068861,WB_CLEAR,Climate and Economic Analyses for Resilience in Water (CLEAR Water),0,Units,CUR,Currency,602,CCYY,A,Normal value,PU,Public
datastructure,WB.DATA360:DS_DATA360(1.2),I,A,Annual,MUS,Mauritius,WB_CLEAR_AQUASTAT_4554,SDG 6.4.1. Services Water Use Efficiency (US$/m3),_T,Total,_T,All age ranges or no breakdown by age,_T,Total,USD_M3,US dollars per cubic metre,_Z,Not Applicable,_Z,Not Applicable,_Z,Not Applicable,1992,21.23753325,WB_CLEAR,Climate and Economic Analyses for Resilience in Water (CLEAR Water),0,Units,CUR,Currency,602,CCYY,A,Normal value,PU,Public
datastructure,WB.DATA360:DS_DATA360(1.2),I,A,Annual,MCO,Monaco,WB_CLEAR_AQUASTAT_4554,SDG 6.4.1. Services Water Use Efficiency (US$/m3),_T,Total,_T,All age ranges or no breakdown by age,_T,Total,USD_M3,US dollars per cubic metre,_Z,Not Applicable,_Z,Not Applicable,_Z,Not Applicable,1992,449.8440054,WB_CLEAR,Climate and Economic Analyses for Resilience in Water (CLEAR Water),0,Units,CUR,Currency,602,CCYY,A,Normal value,PU,Public
datastructure,WB.DATA360:DS_DATA360(1.2),I,A,Annual,MAR,Morocco,WB_CLEAR_AQUASTAT_4554,SDG 6.4.1. Services Water Use Efficiency (US$/m3),_T,Total,_T,All age ranges or no breakdown by age,_T,Total,USD_M3,US dollars per cubic metre,_Z,Not Applicable,_Z,Not Applicable,_Z,Not Applicable,1992,35.73173986,WB_CLEAR,Climate and Economic Analyses for Resilience in Water (CLEAR Water),0,Units,CUR,Currency,602,CCYY,A,Normal value,PU,Public
datastructure,WB.DATA360:DS_DATA360(1.2),I,A,Annual,MOZ,Mozambique,WB_CLEAR_AQUASTAT_4554,SDG 6.4.1. Services Water Use Efficiency (US$/m3),_T,Total,_T,All age ranges or no breakdown by age,_T,Total,USD_M3,US dollars per cubic metre,_Z,Not Applicable,_Z,Not Applicable,_Z,Not Applicable,1992,14.17227712,WB_CLEAR,Climate and Economic Analyses for Resilience in Water (CLEAR Water),0,Units,CUR,Currency,602,CCYY,A,Normal value,PU,Public
datastructure,WB.DATA360:DS_DATA360(1.2),I,A,Annual,MMR,Myanmar,WB_CLEAR_AQUASTAT_4554,SDG 6.4.1. Services Water Use Efficiency (US$/m3),_T,Total,_T,All age ranges or no breakdown by age,_T,Total,USD_M3,US dollars per cubic metre,_Z,Not Applicable,_Z,Not Applicable,_Z,Not Applicable,1992,1.348597954,WB_CLEAR,Climate and Economic Analyses for Resilience in Water (CLEAR Water),0,Units,CUR,Currency,602,CCYY,A,Normal value,PU,Public
datastructure,WB.DATA360:DS_DATA360(1.2),I,A,Annual,NAM,Namibia,WB_CLEAR_AQUASTAT_4554,SDG 6.4.1. Services Water Use Efficiency (US$/m3),_T,Total,_T,All age ranges or no breakdown by age,_T,Total,USD_M3,US dollars per cubic metre,_Z,Not Applicable,_Z,Not Applicable,_Z,Not Applicable,1992,38.74978763,WB_CLEAR,Climate and Economic Analyses for Resilience in Water (CLEAR Water),0,Units,CUR,Currency,602,CCYY,A,Normal value,PU,Public
datastructure,WB.DATA360:DS_DATA360(1.2),I,A,Annual,NLD,Netherlands,WB_CLEAR_AQUASTAT_4554,SDG 6.4.1. Services Water Use Efficiency (US$/m3),_T,Total,_T,All age ranges or no breakdown by age,_T,Total,USD_M3,US dollars per cubic metre,_Z,Not Applicable,_Z,Not Applicable,_Z,Not Applicable,1992,247.9109742,WB_CLEAR,Climate and Economic Analyses for Resilience in Water (CLEAR Water),0,Units,CUR,Currency,602,CCYY,A,Normal value,PU,Public
datastructure,WB.DATA360:DS_DATA360(1.2),I,A,Annual,NZL,New Zealand,WB_CLEAR_AQUASTAT_4554,SDG 6.4.1. Services Water Use Efficiency (US$/m3),_T,Total,_T,All age ranges or no breakdown by age,_T,Total,USD_M3,US dollars per cubic metre,_Z,Not Applicable,_Z,Not Applicable,_Z,Not Applicable,1992,46.92351272,WB_CLEAR,Climate and Economic Analyses for Resilience in Water (CLEAR Water),0,Units,CUR,Currency,602,CCYY,A,Normal value,PU,Public
datastructure,WB.DATA360:DS_DATA360(1.2),I,A,Annual,NER,Niger,WB_CLEAR_AQUASTAT_4554,SDG 6.4.1. Services Water Use Efficiency (US$/m3),_T,Total,_T,All age ranges or no breakdown by age,_T,Total,USD_M3,US dollars per cubic metre,_Z,Not Applicable,_Z,Not Applicable,_Z,Not Applicable,1992,13.30532996,WB_CLEAR,Climate and Economic Analyses for Resilience in Water (CLEAR Water),0,Units,CUR,Currency,602,CCYY,A,Normal value,PU,Public
datastructure,WB.DATA360:DS_DATA360(1.2),I,A,Annual,NGA,Nigeria,WB_CLEAR_AQUASTAT_4554,SDG 6.4.1. Services Water Use Efficiency (US$/m3),_T,Total,_T,All age ranges or no breakdown by age,_T,Total,USD_M3,US dollars per cubic metre,_Z,Not Applicable,_Z,Not Applicable,_Z,Not Applicable,1992,34.96040273,WB_CLEAR,Climate and Economic Analyses for Resilience in Water (CLEAR Water),0,Units,CUR,Currency,602,CCYY,A,Normal value,PU,Public
datastructure,WB.DATA360:DS_DATA360(1.2),I,A,Annual,NOR,Norway,WB_CLEAR_AQUASTAT_4554,SDG 6.4.1. Services Water Use Efficiency (US$/m3),_T,Total,_T,All age ranges or no breakdown by age,_T,Total,USD_M3,US dollars per cubic metre,_Z,Not Applicable,_Z,Not Applicable,_Z,Not Applicable,1992,180.55932,WB_CLEAR,Climate and Economic Analyses for Resilience in Water (CLEAR Water),0,Units,CUR,Currency,602,CCYY,A,Normal value,PU,Public
datastructure,WB.DATA360:DS_DATA360(1.2),I,A,Annual,OMN,Oman,WB_CLEAR_AQUASTAT_4554,SDG 6.4.1. Services Water Use Efficiency (US$/m3),_T,Total,_T,All age ranges or no breakdown by age,_T,Total,USD_M3,US dollars per cubic metre,_Z,Not Applicable,_Z,Not Applicable,_Z,Not Applicable,1992,227.9893688,WB_CLEAR,Climate and Economic Analyses for Resilience in Water (CLEAR Water),0,Units,CUR,Currency,602,CCYY,A,Normal value,PU,Public
datastructure,WB.DATA360:DS_DATA360(1.2),I,A,Annual,PAK,Pakistan,WB_CLEAR_AQUASTAT_4554,SDG 6.4.1. Services Water Use Efficiency (US$/m3),_T,Total,_T,All age ranges or no breakdown by age,_T,Total,USD_M3,US dollars per cubic metre,_Z,Not Applicable,_Z,Not Applicable,_Z,Not Applicable,1992,18.9134358,WB_CLEAR,Climate and Economic Analyses for Resilience in Water (CLEAR Water),0,Units,CUR,Currency,602,CCYY,A,Normal value,PU,Public
datastructure,WB.DATA360:DS_DATA360(1.2),I,A,Annual,PNG,Papua New Guinea,WB_CLEAR_AQUASTAT_4554,SDG 6.4.1. Services Water Use Efficiency (US$/m3),_T,Total,_T,All age ranges or no breakdown by age,_T,Total,USD_M3,US dollars per cubic metre,_Z,Not Applicable,_Z,Not Applicable,_Z,Not Applicable,1992,72.20199038,WB_CLEAR,Climate and Economic Analyses for Resilience in Water (CLEAR Water),0,Units,CUR,Currency,602,CCYY,A,Normal value,PU,Public
datastructure,WB.DATA360:DS_DATA360(1.2),I,A,Annual,PRY,Paraguay,WB_CLEAR_AQUASTAT_4554,SDG 6.4.1. Services Water Use Efficiency (US$/m3),_T,Total,_T,All age ranges or no breakdown by age,_T,Total,USD_M3,US dollars per cubic metre,_Z,Not Applicable,_Z,Not Applicable,_Z,Not Applicable,1992,101.4744495,WB_CLEAR,Climate and Economic Analyses for Resilience in Water (CLEAR Water),0,Units,CUR,Currency,602,CCYY,A,Normal value,PU,Public
datastructure,WB.DATA360:DS_DATA360(1.2),I,A,Annual,PER,Peru,WB_CLEAR_AQUASTAT_4554,SDG 6.4.1. Services Water Use Efficiency (US$/m3),_T,Total,_T,All age ranges or no breakdown by age,_T,Total,USD_M3,US dollars per cubic metre,_Z,Not Applicable,_Z,Not Applicable,_Z,Not Applicable,1992,28.70428273,WB_CLEAR,Climate and Economic Analyses for Resilience in Water (CLEAR Water),0,Units,CUR,Currency,602,CCYY,A,Normal value,PU,Public
datastructure,WB.DATA360:DS_DATA360(1.2),I,A,Annual,POL,Poland,WB_CLEAR_AQUASTAT_4554,SDG 6.4.1. Services Water Use Efficiency (US$/m3),_T,Total,_T,All age ranges or no breakdown by age,_T,Total,USD_M3,US dollars per cubic metre,_Z,Not Applicable,_Z,Not Applicable,_Z,Not Applicable,1992,33.92374304,WB_CLEAR,Climate and Economic Analyses for Resilience in Water (CLEAR Water),0,Units,CUR,Currency,602,CCYY,A,Normal value,PU,Public
datastructure,WB.DATA360:DS_DATA360(1.2),I,A,Annual,PRT,Portugal,WB_CLEAR_AQUASTAT_4554,SDG 6.4.1. Services Water Use Efficiency (US$/m3),_T,Total,_T,All age ranges or no breakdown by age,_T,Total,USD_M3,US dollars per cubic metre,_Z,Not Applicable,_Z,Not Applicable,_Z,Not Applicable,1992,198.2370594,WB_CLEAR,Climate and Economic Analyses for Resilience in Water (CLEAR Water),0,Units,CUR,Currency,602,CCYY,A,Normal value,PU,Public
datastructure,WB.DATA360:DS_DATA360(1.2),I,A,Annual,PRI,Puerto Rico,WB_CLEAR_AQUASTAT_4554,SDG 6.4.1. Services Water Use Efficiency (US$/m3),_T,Total,_T,All age ranges or no breakdown by age,_T,Total,USD_M3,US dollars per cubic metre,_Z,Not Applicable,_Z,Not Applicable,_Z,Not Applicable,1992,67.74228446,WB_CLEAR,Climate and Economic Analyses for Resilience in Water (CLEAR Water),0,Units,CUR,Currency,602,CCYY,A,Normal value,PU,Public
datastructure,WB.DATA360:DS_DATA360(1.2),I,A,Annual,QAT,Qatar,WB_CLEAR_AQUASTAT_4554,SDG 6.4.1. Services Water Use Efficiency (US$/m3),_T,Total,_T,All age ranges or no breakdown by age,_T,Total,USD_M3,US dollars per cubic metre,_Z,Not Applicable,_Z,Not Applicable,_Z,Not Applicable,1992,152.7383584,WB_CLEAR,Climate and Economic Analyses for Resilience in Water (CLEAR Water),0,Units,CUR,Currency,602,CCYY,A,Normal value,PU,Public
datastructure,WB.DATA360:DS_DATA360(1.2),I,A,Annual,KOR,"Korea, Rep.",WB_CLEAR_AQUASTAT_4554,SDG 6.4.1. Services Water Use Efficiency (US$/m3),_T,Total,_T,All age ranges or no breakdown by age,_T,Total,USD_M3,US dollars per cubic metre,_Z,Not Applicable,_Z,Not Applicable,_Z,Not Applicable,1992,47.02772665,WB_CLEAR,Climate and Economic Analyses for Resilience in Water (CLEAR Water),0,Units,CUR,Currency,602,CCYY,A,Normal value,PU,Public
datastructure,WB.DATA360:DS_DATA360(1.2),I,A,Annual,MDA,Moldova,WB_CLEAR_AQUASTAT_4554,SDG 6.4.1. Services Water Use Efficiency (US$/m3),_T,Total,_T,All age ranges or no breakdown by age,_T,Total,USD_M3,US dollars per cubic metre,_Z,Not Applicable,_Z,Not Applicable,_Z,Not Applicable,1992,6.696970939,WB_CLEAR,Climate and Economic Analyses for Resilience in Water (CLEAR Water),0,Units,CUR,Currency,602,CCYY,A,Normal value,PU,Public
datastructure,WB.DATA360:DS_DATA360(1.2),I,A,Annual,ROU,Romania,WB_CLEAR_AQUASTAT_4554,SDG 6.4.1. Services Water Use Efficiency (US$/m3),_T,Total,_T,All age ranges or no breakdown by age,_T,Total,USD_M3,US dollars per cubic metre,_Z,Not Applicable,_Z,Not Applicable,_Z,Not Applicable,1992,19.79937006,WB_CLEAR,Climate and Economic Analyses for Resilience in Water (CLEAR Water),0,Units,CUR,Currency,602,CCYY,A,Normal value,PU,Public
datastructure,WB.DATA360:DS_DATA360(1.2),I,A,Annual,RWA,Rwanda,WB_CLEAR_AQUASTAT_4554,SDG 6.4.1. Services Water Use Efficiency (US$/m3),_T,Total,_T,All age ranges or no breakdown by age,_T,Total,USD_M3,US dollars per cubic metre,_Z,Not Applicable,_Z,Not Applicable,_Z,Not Applicable,1992,27.54255379,WB_CLEAR,Climate and Economic Analyses for Resilience in Water (CLEAR Water),0,Units,CUR,Currency,602,CCYY,A,Normal value,PU,Public
datastructure,WB.DATA360:DS_DATA360(1.2),I,A,Annual,BOL,Bolivia,WB_CLEAR_AQUASTAT_4554,SDG 6.4.1. Services Water Use Efficiency (US$/m3),_T,Total,_T,All age ranges or no breakdown by age,_T,Total,USD_M3,US dollars per cubic metre,_Z,Not Applicable,_Z,Not Applicable,_Z,Not Applicable,1992,50.70302748,WB_CLEAR,Climate and Economic Analyses for Resilience in Water (CLEAR Water),0,Units,CUR,Currency,602,CCYY,A,Normal value,PU,Public
datastructure,WB.DATA360:DS_DATA360(1.2),I,A,Annual,BWA,Botswana,WB_CLEAR_AQUASTAT_4554,SDG 6.4.1. Services Water Use Efficiency (US$/m3),_T,Total,_T,All age ranges or no breakdown by age,_T,Total,USD_M3,US dollars per cubic metre,_Z,Not Applicable,_Z,Not Applicable,_Z,Not Applicable,1992,59.69783469,WB_CLEAR,Climate and Economic Analyses for Resilience in Water (CLEAR Water),0,Units,CUR,Currency,602,CCYY,A,Normal value,PU,Public
datastructure,WB.DATA360:DS_DATA360(1.2),I,A,Annual,BGR,Bulgaria,WB_CLEAR_AQUASTAT_4554,SDG 6.4.1. Services Water Use Efficiency (US$/m3),_T,Total,_T,All age ranges or no breakdown by age,_T,Total,USD_M3,US dollars per cubic metre,_Z,Not Applicable,_Z,Not Applicable,_Z,Not Applicable,1992,25.70352489,WB_CLEAR,Climate and Economic Analyses for Resilience in Water (CLEAR Water),0,Units,CUR,Currency,602,CCYY,A,Normal value,PU,Public
datastructure,WB.DATA360:DS_DATA360(1.2),I,A,Annual,BFA,Burkina Faso,WB_CLEAR_AQUASTAT_4554,SDG 6.4.1. Services Water Use Efficiency (US$/m3),_T,Total,_T,All age ranges or no breakdown by age,_T,Total,USD_M3,US dollars per cubic metre,_Z,Not Applicable,_Z,Not Applicable,_Z,Not Applicable,1992,23.48067271,WB_CLEAR,Climate and Economic Analyses for Resilience in Water (CLEAR Water),0,Units,CUR,Currency,602,CCYY,A,Normal value,PU,Public
datastructure,WB.DATA360:DS_DATA360(1.2),I,A,Annual,BDI,Burundi,WB_CLEAR_AQUASTAT_4554,SDG 6.4.1. Services Water Use Efficiency (US$/m3),_T,Total,_T,All age ranges or no breakdown by age,_T,Total,USD_M3,US dollars per cubic metre,_Z,Not Applicable,_Z,Not Applicable,_Z,Not Applicable,1992,13.15489835,WB_CLEAR,Climate and Economic Analyses for Resilience in Water (CLEAR Water),0,Units,CUR,Currency,602,CCYY,A,Normal value,PU,Public
datastructure,WB.DATA360:DS_DATA360(1.2),I,A,Annual,KHM,Cambodia,WB_CLEAR_AQUASTAT_4554,SDG 6.4.1. Services Water Use Efficiency (US$/m3),_T,Total,_T,All age ranges or no breakdown by age,_T,Total,USD_M3,US dollars per cubic metre,_Z,Not Applicable,_Z,Not Applicable,_Z,Not Applicable,1992,34.76454394,WB_CLEAR,Climate and Economic Analyses for Resilience in Water (CLEAR Water),0,Units,CUR,Currency,602,CCYY,A,Normal value,PU,Public
datastructure,WB.DATA360:DS_DATA360(1.2),I,A,Annual,SAU,Saudi Arabia,WB_CLEAR_AQUASTAT_4554,SDG 6.4.1. Services Water Use Efficiency (US$/m3),_T,Total,_T,All age ranges or no breakdown by age,_T,Total,USD_M3,US dollars per cubic metre,_Z,Not Applicable,_Z,Not Applicable,_Z,Not Applicable,1992,99.5762896,WB_CLEAR,Climate and Economic Analyses for Resilience in Water (CLEAR Water),0,Units,CUR,Currency,602,CCYY,A,Normal value,PU,Public
datastructure,WB.DATA360:DS_DATA360(1.2),I,A,Annual,SEN,Senegal,WB_CLEAR_AQUASTAT_4554,SDG 6.4.1. Services Water Use Efficiency (US$/m3),_T,Total,_T,All age ranges or no breakdown by age,_T,Total,USD_M3,US dollars per cubic metre,_Z,Not Applicable,_Z,Not Applicable,_Z,Not Applicable,1992,50.49964288,WB_CLEAR,Climate and Economic Analyses for Resilience in Water (CLEAR Water),0,Units,CUR,Currency,602,CCYY,A,Normal value,PU,Public
datastructure,WB.DATA360:DS_DATA360(1.2),I,A,Annual,SYC,Seychelles,WB_CLEAR_AQUASTAT_4554,SDG 6.4.1. Services Water Use Efficiency (US$/m3),_T,Total,_T,All age ranges or no breakdown by age,_T,Total,USD_M3,US dollars per cubic metre,_Z,Not Applicable,_Z,Not Applicable,_Z,Not Applicable,1992,40.76750778,WB_CLEAR,Climate and Economic Analyses for Resilience in Water (CLEAR Water),0,Units,CUR,Currency,602,CCYY,A,Normal value,PU,Public
datastructure,WB.DATA360:DS_DATA360(1.2),I,A,Annual,SLE,Sierra Leone,WB_CLEAR_AQUASTAT_4554,SDG 6.4.1. Services Water Use Efficiency (US$/m3),_T,Total,_T,All age ranges or no breakdown by age,_T,Total,USD_M3,US dollars per cubic metre,_Z,Not Applicable,_Z,Not Applicable,_Z,Not Applicable,1992,21.23336569,WB_CLEAR,Climate and Economic Analyses for Resilience in Water (CLEAR Water),0,Units,CUR,Currency,602,CCYY,A,Normal value,PU,Public
datastructure,WB.DATA360:DS_DATA360(1.2),I,A,Annual,SGP,Singapore,WB_CLEAR_AQUASTAT_4554,SDG 6.4.1. Services Water Use Efficiency (US$/m3),_T,Total,_T,All age ranges or no breakdown by age,_T,Total,USD_M3,US dollars per cubic metre,_Z,Not Applicable,_Z,Not Applicable,_Z,Not Applicable,1992,82.96948379,WB_CLEAR,Climate and Economic Analyses for Resilience in Water (CLEAR Water),0,Units,CUR,Currency,602,CCYY,A,Normal value,PU,Public
datastructure,WB.DATA360:DS_DATA360(1.2),I,A,Annual,SVN,Slovenia,WB_CLEAR_AQUASTAT_4554,SDG 6.4.1. Services Water Use Efficiency (US$/m3),_T,Total,_T,All age ranges or no breakdown by age,_T,Total,USD_M3,US dollars per cubic metre,_Z,Not Applicable,_Z,Not Applicable,_Z,Not Applicable,1992,45.96118328,WB_CLEAR,Climate and Economic Analyses for Resilience in Water (CLEAR Water),0,Units,CUR,Currency,602,CCYY,A,Normal value,PU,Public
datastructure,WB.DATA360:DS_DATA360(1.2),I,A,Annual,SOM,Somalia,WB_CLEAR_AQUASTAT_4554,SDG 6.4.1. Services Water Use Efficiency (US$/m3),_T,Total,_T,All age ranges or no breakdown by age,_T,Total,USD_M3,US dollars per cubic metre,_Z,Not Applicable,_Z,Not Applicable,_Z,Not Applicable,1992,18.63155464,WB_CLEAR,Climate and Economic Analyses for Resilience in Water (CLEAR Water),0,Units,CUR,Currency,602,CCYY,A,Normal value,PU,Public
datastructure,WB.DATA360:DS_DATA360(1.2),I,A,Annual,ZAF,South Africa,WB_CLEAR_AQUASTAT_4554,SDG 6.4.1. Services Water Use Efficiency (US$/m3),_T,Total,_T,All age ranges or no breakdown by age,_T,Total,USD_M3,US dollars per cubic metre,_Z,Not Applicable,_Z,Not Applicable,_Z,Not Applicable,1992,36.93072858,WB_CLEAR,Climate and Economic Analyses for Resilience in Water (CLEAR Water),0,Units,CUR,Currency,602,CCYY,A,Normal value,PU,Public
datastructure,WB.DATA360:DS_DATA360(1.2),I,A,Annual,ESP,Spain,WB_CLEAR_AQUASTAT_4554,SDG 6.4.1. Services Water Use Efficiency (US$/m3),_T,Total,_T,All age ranges or no breakdown by age,_T,Total,USD_M3,US dollars per cubic metre,_Z,Not Applicable,_Z,Not Applicable,_Z,Not Applicable,1992,74.24699536,WB_CLEAR,Climate and Economic Analyses for Resilience in Water (CLEAR Water),0,Units,CUR,Currency,602,CCYY,A,Normal value,PU,Public
datastructure,WB.DATA360:DS_DATA360(1.2),I,A,Annual,LKA,Sri Lanka,WB_CLEAR_AQUASTAT_4554,SDG 6.4.1. Services Water Use Efficiency (US$/m3),_T,Total,_T,All age ranges or no breakdown by age,_T,Total,USD_M3,US dollars per cubic metre,_Z,Not Applicable,_Z,Not Applicable,_Z,Not Applicable,1992,33.45749863,WB_CLEAR,Climate and Economic Analyses for Resilience in Water (CLEAR Water),0,Units,CUR,Currency,602,CCYY,A,Normal value,PU,Public
datastructure,WB.DATA360:DS_DATA360(1.2),I,A,Annual,SUR,Suriname,WB_CLEAR_AQUASTAT_4554,SDG 6.4.1. Services Water Use Efficiency (US$/m3),_T,Total,_T,All age ranges or no breakdown by age,_T,Total,USD_M3,US dollars per cubic metre,_Z,Not Applicable,_Z,Not Applicable,_Z,Not Applicable,1992,60.34433524,WB_CLEAR,Climate and Economic Analyses for Resilience in Water (CLEAR Water),0,Units,CUR,Currency,602,CCYY,A,Normal value,PU,Public
datastructure,WB.DATA360:DS_DATA360(1.2),I,A,Annual,SWE,Sweden,WB_CLEAR_AQUASTAT_4554,SDG 6.4.1. Services Water Use Efficiency (US$/m3),_T,Total,_T,All age ranges or no breakdown by age,_T,Total,USD_M3,US dollars per cubic metre,_Z,Not Applicable,_Z,Not Applicable,_Z,Not Applicable,1992,173.0948066,WB_CLEAR,Climate and Economic Analyses for Resilience in Water (CLEAR Water),0,Units,CUR,Currency,602,CCYY,A,Normal value,PU,Public
datastructure,WB.DATA360:DS_DATA360(1.2),I,A,Annual,CHE,Switzerland,WB_CLEAR_AQUASTAT_4554,SDG 6.4.1. Services Water Use Efficiency (US$/m3),_T,Total,_T,All age ranges or no breakdown by age,_T,Total,USD_M3,US dollars per cubic metre,_Z,Not Applicable,_Z,Not Applicable,_Z,Not Applicable,1992,272.8988339,WB_CLEAR,Climate and Economic Analyses for Resilience in Water (CLEAR Water),0,Units,CUR,Currency,602,CCYY,A,Normal value,PU,Public
datastructure,WB.DATA360:DS_DATA360(1.2),I,A,Annual,THA,Thailand,WB_CLEAR_AQUASTAT_4554,SDG 6.4.1. Services Water Use Efficiency (US$/m3),_T,Total,_T,All age ranges or no breakdown by age,_T,Total,USD_M3,US dollars per cubic metre,_Z,Not Applicable,_Z,Not Applicable,_Z,Not Applicable,1992,57.1713593,WB_CLEAR,Climate and Economic Analyses for Resilience in Water (CLEAR Water),0,Units,CUR,Currency,602,CCYY,A,Normal value,PU,Public
datastructure,WB.DATA360:DS_DATA360(1.2),I,A,Annual,TGO,Togo,WB_CLEAR_AQUASTAT_4554,SDG 6.4.1. Services Water Use Efficiency (US$/m3),_T,Total,_T,All age ranges or no breakdown by age,_T,Total,USD_M3,US dollars per cubic metre,_Z,Not Applicable,_Z,Not Applicable,_Z,Not Applicable,1992,11.00506207,WB_CLEAR,Climate and Economic Analyses for Resilience in Water (CLEAR Water),0,Units,CUR,Currency,602,CCYY,A,Normal value,PU,Public
datastructure,WB.DATA360:DS_DATA360(1.2),I,A,Annual,TUN,Tunisia,WB_CLEAR_AQUASTAT_4554,SDG 6.4.1. Services Water Use Efficiency (US$/m3),_T,Total,_T,All age ranges or no breakdown by age,_T,Total,USD_M3,US dollars per cubic metre,_Z,Not Applicable,_Z,Not Applicable,_Z,Not Applicable,1992,33.60887575,WB_CLEAR,Climate and Economic Analyses for Resilience in Water (CLEAR Water),0,Units,CUR,Currency,602,CCYY,A,Normal value,PU,Public
datastructure,WB.DATA360:DS_DATA360(1.2),I,A,Annual,TUR,Turkiye,WB_CLEAR_AQUASTAT_4554,SDG 6.4.1. Services Water Use Efficiency (US$/m3),_T,Total,_T,All age ranges or no breakdown by age,_T,Total,USD_M3,US dollars per cubic metre,_Z,Not Applicable,_Z,Not Applicable,_Z,Not Applicable,1992,27.33947981,WB_CLEAR,Climate and Economic Analyses for Resilience in Water (CLEAR Water),0,Units,CUR,Currency,602,CCYY,A,Normal value,PU,Public
datastructure,WB.DATA360:DS_DATA360(1.2),I,A,Annual,UGA,Uganda,WB_CLEAR_AQUASTAT_4554,SDG 6.4.1. Services Water Use Efficiency (US$/m3),_T,Total,_T,All age ranges or no breakdown by age,_T,Total,USD_M3,US dollars per cubic metre,_Z,Not Applicable,_Z,Not Applicable,_Z,Not Applicable,1992,16.58959092,WB_CLEAR,Climate and Economic Analyses for Resilience in Water (CLEAR Water),0,Units,CUR,Currency,602,CCYY,A,Normal value,PU,Public
datastructure,WB.DATA360:DS_DATA360(1.2),I,A,Annual,UKR,Ukraine,WB_CLEAR_AQUASTAT_4554,SDG 6.4.1. Services Water Use Efficiency (US$/m3),_T,Total,_T,All age ranges or no breakdown by age,_T,Total,USD_M3,US dollars per cubic metre,_Z,Not Applicable,_Z,Not Applicable,_Z,Not Applicable,1992,9.758214865,WB_CLEAR,Climate and Economic Analyses for Resilience in Water (CLEAR Water),0,Units,CUR,Currency,602,CCYY,A,Normal value,PU,Public
datastructure,WB.DATA360:DS_DATA360(1.2),I,A,Annual,ARE,United Arab Emirates,WB_CLEAR_AQUASTAT_4554,SDG 6.4.1. Services Water Use Efficiency (US$/m3),_T,Total,_T,All age ranges or no breakdown by age,_T,Total,USD_M3,US dollars per cubic metre,_Z,Not Applicable,_Z,Not Applicable,_Z,Not Applicable,1992,125.2874307,WB_CLEAR,Climate and Economic Analyses for Resilience in Water (CLEAR Water),0,Units,CUR,Currency,602,CCYY,A,Normal value,PU,Public
datastructure,WB.DATA360:DS_DATA360(1.2),I,A,Annual,GBR,United Kingdom,WB_CLEAR_AQUASTAT_4554,SDG 6.4.1. Services Water Use Efficiency (US$/m3),_T,Total,_T,All age ranges or no breakdown by age,_T,Total,USD_M3,US dollars per cubic metre,_Z,Not Applicable,_Z,Not Applicable,_Z,Not Applicable,1992,174.6516649,WB_CLEAR,Climate and Economic Analyses for Resilience in Water (CLEAR Water),0,Units,CUR,Currency,602,CCYY,A,Normal value,PU,Public
datastructure,WB.DATA360:DS_DATA360(1.2),I,A,Annual,TZA,Tanzania,WB_CLEAR_AQUASTAT_4554,SDG 6.4.1. Services Water Use Efficiency (US$/m3),_T,Total,_T,All age ranges or no breakdown by age,_T,Total,USD_M3,US dollars per cubic metre,_Z,Not Applicable,_Z,Not Applicable,_Z,Not Applicable,1992,18.70707475,WB_CLEAR,Climate and Economic Analyses for Resilience in Water (CLEAR Water),0,Units,CUR,Currency,602,CCYY,A,Normal value,PU,Public
datastructure,WB.DATA360:DS_DATA360(1.2),I,A,Annual,URY,Uruguay,WB_CLEAR_AQUASTAT_4554,SDG 6.4.1. Services Water Use Efficiency (US$/m3),_T,Total,_T,All age ranges or no breakdown by age,_T,Total,USD_M3,US dollars per cubic metre,_Z,Not Applicable,_Z,Not Applicable,_Z,Not Applicable,1992,50.40960352,WB_CLEAR,Climate and Economic Analyses for Resilience in Water (CLEAR Water),0,Units,CUR,Currency,602,CCYY,A,Normal value,PU,Public
datastructure,WB.DATA360:DS_DATA360(1.2),I,A,Annual,VEN,"Venezuela, RB",WB_CLEAR_AQUASTAT_4554,SDG 6.4.1. Services Water Use Efficiency (US$/m3),_T,Total,_T,All age ranges or no breakdown by age,_T,Total,USD_M3,US dollars per cubic metre,_Z,Not Applicable,_Z,Not Applicable,_Z,Not Applicable,1992,28.85576327,WB_CLEAR,Climate and Economic Analyses for Resilience in Water (CLEAR Water),0,Units,CUR,Currency,602,CCYY,A,Normal value,PU,Public
datastructure,WB.DATA360:DS_DATA360(1.2),I,A,Annual,VNM,Viet Nam,WB_CLEAR_AQUASTAT_4554,SDG 6.4.1. Services Water Use Efficiency (US$/m3),_T,Total,_T,All age ranges or no breakdown by age,_T,Total,USD_M3,US dollars per cubic metre,_Z,Not Applicable,_Z,Not Applicable,_Z,Not Applicable,1992,14.44728468,WB_CLEAR,Climate and Economic Analyses for Resilience in Water (CLEAR Water),0,Units,CUR,Currency,602,CCYY,A,Normal value,PU,Public
datastructure,WB.DATA360:DS_DATA360(1.2),I,A,Annual,YEM,"Yemen, Rep.",WB_CLEAR_AQUASTAT_4554,SDG 6.4.1. Services Water Use Efficiency (US$/m3),_T,Total,_T,All age ranges or no breakdown by age,_T,Total,USD_M3,US dollars per cubic metre,_Z,Not Applicable,_Z,Not Applicable,_Z,Not Applicable,1992,44.81463535,WB_CLEAR,Climate and Economic Analyses for Resilience in Water (CLEAR Water),0,Units,CUR,Currency,602,CCYY,A,Normal value,PU,Public
datastructure,WB.DATA360:DS_DATA360(1.2),I,A,Annual,ZMB,Zambia,WB_CLEAR_AQUASTAT_4554,SDG 6.4.1. Services Water Use Efficiency (US$/m3),_T,Total,_T,All age ranges or no breakdown by age,_T,Total,USD_M3,US dollars per cubic metre,_Z,Not Applicable,_Z,Not Applicable,_Z,Not Applicable,1992,6.158610648,WB_CLEAR,Climate and Economic Analyses for Resilience in Water (CLEAR Water),0,Units,CUR,Currency,602,CCYY,A,Normal value,PU,Public
datastructure,WB.DATA360:DS_DATA360(1.2),I,A,Annual,ZWE,Zimbabwe,WB_CLEAR_AQUASTAT_4554,SDG 6.4.1. Services Water Use Efficiency (US$/m3),_T,Total,_T,All age ranges or no breakdown by age,_T,Total,USD_M3,US dollars per cubic metre,_Z,Not Applicable,_Z,Not Applicable,_Z,Not Applicable,1992,19.05621712,WB_CLEAR,Climate and Economic Analyses for Resilience in Water (CLEAR Water),0,Units,CUR,Currency,602,CCYY,A,Normal value,PU,Public
datastructure,WB.DATA360:DS_DATA360(1.2),I,A,Annual,USA,United States,WB_CLEAR_AQUASTAT_4554,SDG 6.4.1. Services Water Use Efficiency (US$/m3),_T,Total,_T,All age ranges or no breakdown by age,_T,Total,USD_M3,US dollars per cubic metre,_Z,Not Applicable,_Z,Not Applicable,_Z,Not Applicable,1992,127.0180892,WB_CLEAR,Climate and Economic Analyses for Resilience in Water (CLEAR Water),0,Units,CUR,Currency,602,CCYY,A,Normal value,PU,Public
datastructure,WB.DATA360:DS_DATA360(1.2),I,A,Annual,CMR,Cameroon,WB_CLEAR_AQUASTAT_4554,SDG 6.4.1. Services Water Use Efficiency (US$/m3),_T,Total,_T,All age ranges or no breakdown by age,_T,Total,USD_M3,US dollars per cubic metre,_Z,Not Applicable,_Z,Not Applicable,_Z,Not Applicable,1992,38.46020084,WB_CLEAR,Climate and Economic Analyses for Resilience in Water (CLEAR Water),0,Units,CUR,Currency,602,CCYY,A,Normal value,PU,Public
datastructure,WB.DATA360:DS_DATA360(1.2),I,A,Annual,CAF,Central African Republic,WB_CLEAR_AQUASTAT_4554,SDG 6.4.1. Services Water Use Efficiency (US$/m3),_T,Total,_T,All age ranges or no breakdown by age,_T,Total,USD_M3,US dollars per cubic metre,_Z,Not Applicable,_Z,Not Applicable,_Z,Not Applicable,1992,21.966025,WB_CLEAR,Climate and Economic Analyses for Resilience in Water (CLEAR Water),0,Units,CUR,Currency,602,CCYY,A,Normal value,PU,Public
datastructure,WB.DATA360:DS_DATA360(1.2),I,A,Annual,TCD,Chad,WB_CLEAR_AQUASTAT_4554,SDG 6.4.1. Services Water Use Efficiency (US$/m3),_T,Total,_T,All age ranges or no breakdown by age,_T,Total,USD_M3,US dollars per cubic metre,_Z,Not Applicable,_Z,Not Applicable,_Z,Not Applicable,1992,34.84673948,WB_CLEAR,Climate and Economic Analyses for Resilience in Water (CLEAR Water),0,Units,CUR,Currency,602,CCYY,A,Normal value,PU,Public
datastructure,WB.DATA360:DS_DATA360(1.2),I,A,Annual,CHN,China,WB_CLEAR_AQUASTAT_4554,SDG 6.4.1. Services Water Use Efficiency (US$/m3),_T,Total,_T,All age ranges or no breakdown by age,_T,Total,USD_M3,US dollars per cubic metre,_Z,Not Applicable,_Z,Not Applicable,_Z,Not Applicable,1992,16.08302249,WB_CLEAR,Climate and Economic Analyses for Resilience in Water (CLEAR Water),0,Units,CUR,Currency,602,CCYY,A,Normal value,PU,Public
datastructure,WB.DATA360:DS_DATA360(1.2),I,A,Annual,COG,"Congo, Rep.",WB_CLEAR_AQUASTAT_4554,SDG 6.4.1. Services Water Use Efficiency (US$/m3),_T,Total,_T,All age ranges or no breakdown by age,_T,Total,USD_M3,US dollars per cubic metre,_Z,Not Applicable,_Z,Not Applicable,_Z,Not Applicable,1992,168.493856,WB_CLEAR,Climate and Economic Analyses for Resilience in Water (CLEAR Water),0,Units,CUR,Currency,602,CCYY,A,Normal value,PU,Public
datastructure,WB.DATA360:DS_DATA360(1.2),I,A,Annual,CIV,Cote d'Ivoire,WB_CLEAR_AQUASTAT_4554,SDG 6.4.1. Services Water Use Efficiency (US$/m3),_T,Total,_T,All age ranges or no breakdown by age,_T,Total,USD_M3,US dollars per cubic metre,_Z,Not Applicable,_Z,Not Applicable,_Z,Not Applicable,1992,40.31141239,WB_CLEAR,Climate and Economic Analyses for Resilience in Water (CLEAR Water),0,Units,CUR,Currency,602,CCYY,A,Normal value,PU,Public
datastructure,WB.DATA360:DS_DATA360(1.2),I,A,Annual,CUB,Cuba,WB_CLEAR_AQUASTAT_4554,SDG 6.4.1. Services Water Use Efficiency (US$/m3),_T,Total,_T,All age ranges or no breakdown by age,_T,Total,USD_M3,US dollars per cubic metre,_Z,Not Applicable,_Z,Not Applicable,_Z,Not Applicable,1992,19.50779485,WB_CLEAR,Climate and Economic Analyses for Resilience in Water (CLEAR Water),0,Units,CUR,Currency,602,CCYY,A,Normal value,PU,Public
datastructure,WB.DATA360:DS_DATA360(1.2),I,A,Annual,CYP,Cyprus,WB_CLEAR_AQUASTAT_4554,SDG 6.4.1. Services Water Use Efficiency (US$/m3),_T,Total,_T,All age ranges or no breakdown by age,_T,Total,USD_M3,US dollars per cubic metre,_Z,Not Applicable,_Z,Not Applicable,_Z,Not Applicable,1992,139.8377258,WB_CLEAR,Climate and Economic Analyses for Resilience in Water (CLEAR Water),0,Units,CUR,Currency,602,CCYY,A,Normal value,PU,Public
datastructure,WB.DATA360:DS_DATA360(1.2),I,A,Annual,COD,"Congo, Dem. Rep.",WB_CLEAR_AQUASTAT_4554,SDG 6.4.1. Services Water Use Efficiency (US$/m3),_T,Total,_T,All age ranges or no breakdown by age,_T,Total,USD_M3,US dollars per cubic metre,_Z,Not Applicable,_Z,Not Applicable,_Z,Not Applicable,1992,34.19682349,WB_CLEAR,Climate and Economic Analyses for Resilience in Water (CLEAR Water),0,Units,CUR,Currency,602,CCYY,A,Normal value,PU,Public
datastructure,WB.DATA360:DS_DATA360(1.2),I,A,Annual,DNK,Denmark,WB_CLEAR_AQUASTAT_4554,SDG 6.4.1. Services Water Use Efficiency (US$/m3),_T,Total,_T,All age ranges or no breakdown by age,_T,Total,USD_M3,US dollars per cubic metre,_Z,Not Applicable,_Z,Not Applicable,_Z,Not Applicable,1992,245.5540954,WB_CLEAR,Climate and Economic Analyses for Resilience in Water (CLEAR Water),0,Units,CUR,Currency,602,CCYY,A,Normal value,PU,Public
datastructure,WB.DATA360:DS_DATA360(1.2),I,A,Annual,DJI,Djibouti,WB_CLEAR_AQUASTAT_4554,SDG 6.4.1. Services Water Use Efficiency (US$/m3),_T,Total,_T,All age ranges or no breakdown by age,_T,Total,USD_M3,US dollars per cubic metre,_Z,Not Applicable,_Z,Not Applicable,_Z,Not Applicable,1992,66.46815437,WB_CLEAR,Climate and Economic Analyses for Resilience in Water (CLEAR Water),0,Units,CUR,Currency,602,CCYY,A,Normal value,PU,Public
datastructure,WB.DATA360:DS_DATA360(1.2),I,A,Annual,SLV,El Salvador,WB_CLEAR_AQUASTAT_4554,SDG 6.4.1. Services Water Use Efficiency (US$/m3),_T,Total,_T,All age ranges or no breakdown by age,_T,Total,USD_M3,US dollars per cubic metre,_Z,Not Applicable,_Z,Not Applicable,_Z,Not Applicable,1992,28.41880112,WB_CLEAR,Climate and Economic Analyses for Resilience in Water (CLEAR Water),0,Units,CUR,Currency,602,CCYY,A,Normal value,PU,Public
datastructure,WB.DATA360:DS_DATA360(1.2),I,A,Annual,GNQ,Equatorial Guinea,WB_CLEAR_AQUASTAT_4554,SDG 6.4.1. Services Water Use Efficiency (US$/m3),_T,Total,_T,All age ranges or no breakdown by age,_T,Total,USD_M3,US dollars per cubic metre,_Z,Not Applicable,_Z,Not Applicable,_Z,Not Applicable,1992,33.92445177,WB_CLEAR,Climate and Economic Analyses for Resilience in Water (CLEAR Water),0,Units,CUR,Currency,602,CCYY,A,Normal value,PU,Public
datastructure,WB.DATA360:DS_DATA360(1.2),I,A,Annual,SWZ,Eswatini,WB_CLEAR_AQUASTAT_4554,SDG 6.4.1. Services Water Use Efficiency (US$/m3),_T,Total,_T,All age ranges or no breakdown by age,_T,Total,USD_M3,US dollars per cubic metre,_Z,Not Applicable,_Z,Not Applicable,_Z,Not Applicable,1992,59.14090799,WB_CLEAR,Climate and Economic Analyses for Resilience in Water (CLEAR Water),0,Units,CUR,Currency,602,CCYY,A,Normal value,PU,Public
datastructure,WB.DATA360:DS_DATA360(1.2),I,A,Annual,FJI,Fiji,WB_CLEAR_AQUASTAT_4554,SDG 6.4.1. Services Water Use Efficiency (US$/m3),_T,Total,_T,All age ranges or no breakdown by age,_T,Total,USD_M3,US dollars per cubic metre,_Z,Not Applicable,_Z,Not Applicable,_Z,Not Applicable,1992,125.9269376,WB_CLEAR,Climate and Economic Analyses for Resilience in Water (CLEAR Water),0,Units,CUR,Currency,602,CCYY,A,Normal value,PU,Public
datastructure,WB.DATA360:DS_DATA360(1.2),I,A,Annual,AFG,Afghanistan,WB_CLEAR_AQUASTAT_4554,SDG 6.4.1. Services Water Use Efficiency (US$/m3),_T,Total,_T,All age ranges or no breakdown by age,_T,Total,USD_M3,US dollars per cubic metre,_Z,Not Applicable,_Z,Not Applicable,_Z,Not Applicable,1992,10.23717106,WB_CLEAR,Climate and Economic Analyses for Resilience in Water (CLEAR Water),0,Units,CUR,Currency,602,CCYY,A,Normal value,PU,Public
datastructure,WB.DATA360:DS_DATA360(1.2),I,A,Annual,ALB,Albania,WB_CLEAR_AQUASTAT_4554,SDG 6.4.1. Services Water Use Efficiency (US$/m3),_T,Total,_T,All age ranges or no breakdown by age,_T,Total,USD_M3,US dollars per cubic metre,_Z,Not Applicable,_Z,Not Applicable,_Z,Not Applicable,1992,4.675210568,WB_CLEAR,Climate and Economic Analyses for Resilience in Water (CLEAR Water),0,Units,CUR,Currency,602,CCYY,A,Normal value,PU,Public
datastructure,WB.DATA360:DS_DATA360(1.2),I,A,Annual,DZA,Algeria,WB_CLEAR_AQUASTAT_4554,SDG 6.4.1. Services Water Use Efficiency (US$/m3),_T,Total,_T,All age ranges or no breakdown by age,_T,Total,USD_M3,US dollars per cubic metre,_Z,Not Applicable,_Z,Not Applicable,_Z,Not Applicable,1992,26.25001827,WB_CLEAR,Climate and Economic Analyses for Resilience in Water (CLEAR Water),0,Units,CUR,Currency,602,CCYY,A,Normal value,PU,Public
datastructure,WB.DATA360:DS_DATA360(1.2),I,A,Annual,AGO,Angola,WB_CLEAR_AQUASTAT_4554,SDG 6.4.1. Services Water Use Efficiency (US$/m3),_T,Total,_T,All age ranges or no breakdown by age,_T,Total,USD_M3,US dollars per cubic metre,_Z,Not Applicable,_Z,Not Applicable,_Z,Not Applicable,1992,84.90910847,WB_CLEAR,Climate and Economic Analyses for Resilience in Water (CLEAR Water),0,Units,CUR,Currency,602,CCYY,A,Normal value,PU,Public
datastructure,WB.DATA360:DS_DATA360(1.2),I,A,Annual,ATG,Antigua and Barbuda,WB_CLEAR_AQUASTAT_4554,SDG 6.4.1. Services Water Use Efficiency (US$/m3),_T,Total,_T,All age ranges or no breakdown by age,_T,Total,USD_M3,US dollars per cubic metre,_Z,Not Applicable,_Z,Not Applicable,_Z,Not Applicable,1992,176.9487422,WB_CLEAR,Climate and Economic Analyses for Resilience in Water (CLEAR Water),0,Units,CUR,Currency,602,CCYY,A,Normal value,PU,Public
datastructure,WB.DATA360:DS_DATA360(1.2),I,A,Annual,AUT,Austria,WB_CLEAR_AQUASTAT_4554,SDG 6.4.1. Services Water Use Efficiency (US$/m3),_T,Total,_T,All age ranges or no breakdown by age,_T,Total,USD_M3,US dollars per cubic metre,_Z,Not Applicable,_Z,Not Applicable,_Z,Not Applicable,1992,224.5649287,WB_CLEAR,Climate and Economic Analyses for Resilience in Water (CLEAR Water),0,Units,CUR,Currency,602,CCYY,A,Normal value,PU,Public
datastructure,WB.DATA360:DS_DATA360(1.2),I,A,Annual,CHL,Chile,WB_CLEAR_AQUASTAT_4554,SDG 6.4.1. Services Water Use Efficiency (US$/m3),_T,Total,_T,All age ranges or no breakdown by age,_T,Total,USD_M3,US dollars per cubic metre,_Z,Not Applicable,_Z,Not Applicable,_Z,Not Applicable,1992,39.474956,WB_CLEAR,Climate and Economic Analyses for Resilience in Water (CLEAR Water),0,Units,CUR,Currency,602,CCYY,A,Normal value,PU,Public
datastructure,WB.DATA360:DS_DATA360(1.2),I,A,Annual,DEU,Germany,WB_CLEAR_AQUASTAT_4554,SDG 6.4.1. Services Water Use Efficiency (US$/m3),_T,Total,_T,All age ranges or no breakdown by age,_T,Total,USD_M3,US dollars per cubic metre,_Z,Not Applicable,_Z,Not Applicable,_Z,Not Applicable,1992,140.0196897,WB_CLEAR,Climate and Economic Analyses for Resilience in Water (CLEAR Water),0,Units,CUR,Currency,602,CCYY,A,Normal value,PU,Public
datastructure,WB.DATA360:DS_DATA360(1.2),I,A,Annual,CAN,Canada,WB_CLEAR_AQUASTAT_4554,SDG 6.4.1. Services Water Use Efficiency (US$/m3),_T,Total,_T,All age ranges or no breakdown by age,_T,Total,USD_M3,US dollars per cubic metre,_Z,Not Applicable,_Z,Not Applicable,_Z,Not Applicable,1992,113.3477186,WB_CLEAR,Climate and Economic Analyses for Resilience in Water (CLEAR Water),0,Units,CUR,Currency,602,CCYY,A,Normal value,PU,Public
datastructure,WB.DATA360:DS_DATA360(1.2),I,A,Annual,DEU,Germany,WB_CLEAR_AQUASTAT_4554,SDG 6.4.1. Services Water Use Efficiency (US$/m3),_T,Total,_T,All age ranges or no breakdown by age,_T,Total,USD_M3,US dollars per cubic metre,_Z,Not Applicable,_Z,Not Applicable,_Z,Not Applicable,1997,149.1741905,WB_CLEAR,Climate and Economic Analyses for Resilience in Water (CLEAR Water),0,Units,CUR,Currency,602,CCYY,A,Normal value,PU,Public
datastructure,WB.DATA360:DS_DATA360(1.2),I,A,Annual,CHL,Chile,WB_CLEAR_AQUASTAT_4554,SDG 6.4.1. Services Water Use Efficiency (US$/m3),_T,Total,_T,All age ranges or no breakdown by age,_T,Total,USD_M3,US dollars per cubic metre,_Z,Not Applicable,_Z,Not Applicable,_Z,Not Applicable,1997,61.58719965,WB_CLEAR,Climate and Economic Analyses for Resilience in Water (CLEAR Water),0,Units,CUR,Currency,602,CCYY,A,Normal value,PU,Public
datastructure,WB.DATA360:DS_DATA360(1.2),I,A,Annual,CAN,Canada,WB_CLEAR_AQUASTAT_4554,SDG 6.4.1. Services Water Use Efficiency (US$/m3),_T,Total,_T,All age ranges or no breakdown by age,_T,Total,USD_M3,US dollars per cubic metre,_Z,Not Applicable,_Z,Not Applicable,_Z,Not Applicable,1997,125.5698642,WB_CLEAR,Climate and Economic Analyses for Resilience in Water (CLEAR Water),0,Units,CUR,Currency,602,CCYY,A,Normal value,PU,Public
datastructure,WB.DATA360:DS_DATA360(1.2),I,A,Annual,AZE,Azerbaijan,WB_CLEAR_AQUASTAT_4554,SDG 6.4.1. Services Water Use Efficiency (US$/m3),_T,Total,_T,All age ranges or no breakdown by age,_T,Total,USD_M3,US dollars per cubic metre,_Z,Not Applicable,_Z,Not Applicable,_Z,Not Applicable,1997,10.17693694,WB_CLEAR,Climate and Economic Analyses for Resilience in Water (CLEAR Water),0,Units,CUR,Currency,602,CCYY,A,Normal value,PU,Public
datastructure,WB.DATA360:DS_DATA360(1.2),I,A,Annual,BHR,Bahrain,WB_CLEAR_AQUASTAT_4554,SDG 6.4.1. Services Water Use Efficiency (US$/m3),_T,Total,_T,All age ranges or no breakdown by age,_T,Total,USD_M3,US dollars per cubic metre,_Z,Not Applicable,_Z,Not Applicable,_Z,Not Applicable,1997,59.53725168,WB_CLEAR,Climate and Economic Analyses for Resilience in Water (CLEAR Water),0,Units,CUR,Currency,602,CCYY,A,Normal value,PU,Public
datastructure,WB.DATA360:DS_DATA360(1.2),I,A,Annual,BGD,Bangladesh,WB_CLEAR_AQUASTAT_4554,SDG 6.4.1. Services Water Use Efficiency (US$/m3),_T,Total,_T,All age ranges or no breakdown by age,_T,Total,USD_M3,US dollars per cubic metre,_Z,Not Applicable,_Z,Not Applicable,_Z,Not Applicable,1997,13.91994052,WB_CLEAR,Climate and Economic Analyses for Resilience in Water (CLEAR Water),0,Units,CUR,Currency,602,CCYY,A,Normal value,PU,Public
datastructure,WB.DATA360:DS_DATA360(1.2),I,A,Annual,BRB,Barbados,WB_CLEAR_AQUASTAT_4554,SDG 6.4.1. Services Water Use Efficiency (US$/m3),_T,Total,_T,All age ranges or no breakdown by age,_T,Total,USD_M3,US dollars per cubic metre,_Z,Not Applicable,_Z,Not Applicable,_Z,Not Applicable,1997,148.5490134,WB_CLEAR,Climate and Economic Analyses for Resilience in Water (CLEAR Water),0,Units,CUR,Currency,602,CCYY,A,Normal value,PU,Public
datastructure,WB.DATA360:DS_DATA360(1.2),I,A,Annual,BLR,Belarus,WB_CLEAR_AQUASTAT_4554,SDG 6.4.1. Services Water Use Efficiency (US$/m3),_T,Total,_T,All age ranges or no breakdown by age,_T,Total,USD_M3,US dollars per cubic metre,_Z,Not Applicable,_Z,Not Applicable,_Z,Not Applicable,1997,10.73014049,WB_CLEAR,Climate and Economic Analyses for Resilience in Water (CLEAR Water),0,Units,CUR,Currency,602,CCYY,A,Normal value,PU,Public
datastructure,WB.DATA360:DS_DATA360(1.2),I,A,Annual,BEL,Belgium,WB_CLEAR_AQUASTAT_4554,SDG 6.4.1. Services Water Use Efficiency (US$/m3),_T,Total,_T,All age ranges or no breakdown by age,_T,Total,USD_M3,US dollars per cubic metre,_Z,Not Applicable,_Z,Not Applicable,_Z,Not Applicable,1997,248.6016591,WB_CLEAR,Climate and Economic Analyses for Resilience in Water (CLEAR Water),0,Units,CUR,Currency,602,CCYY,A,Normal value,PU,Public
datastructure,WB.DATA360:DS_DATA360(1.2),I,A,Annual,BLZ,Belize,WB_CLEAR_AQUASTAT_4554,SDG 6.4.1. Services Water Use Efficiency (US$/m3),_T,Total,_T,All age ranges or no breakdown by age,_T,Total,USD_M3,US dollars per cubic metre,_Z,Not Applicable,_Z,Not Applicable,_Z,Not Applicable,1997,43.98665599,WB_CLEAR,Climate and Economic Analyses for Resilience in Water (CLEAR Water),0,Units,CUR,Currency,602,CCYY,A,Normal value,PU,Public
datastructure,WB.DATA360:DS_DATA360(1.2),I,A,Annual,BEN,Benin,WB_CLEAR_AQUASTAT_4554,SDG 6.4.1. Services Water Use Efficiency (US$/m3),_T,Total,_T,All age ranges or no breakdown by age,_T,Total,USD_M3,US dollars per cubic metre,_Z,Not Applicable,_Z,Not Applicable,_Z,Not Applicable,1997,39.55387513,WB_CLEAR,Climate and Economic Analyses for Resilience in Water (CLEAR Water),0,Units,CUR,Currency,602,CCYY,A,Normal value,PU,Public
datastructure,WB.DATA360:DS_DATA360(1.2),I,A,Annual,BTN,Bhutan,WB_CLEAR_AQUASTAT_4554,SDG 6.4.1. Services Water Use Efficiency (US$/m3),_T,Total,_T,All age ranges or no breakdown by age,_T,Total,USD_M3,US dollars per cubic metre,_Z,Not Applicable,_Z,Not Applicable,_Z,Not Applicable,1997,20.6493784,WB_CLEAR,Climate and Economic Analyses for Resilience in Water (CLEAR Water),0,Units,CUR,Currency,602,CCYY,A,Normal value,PU,Public
datastructure,WB.DATA360:DS_DATA360(1.2),I,A,Annual,FIN,Finland,WB_CLEAR_AQUASTAT_4554,SDG 6.4.1. Services Water Use Efficiency (US$/m3),_T,Total,_T,All age ranges or no breakdown by age,_T,Total,USD_M3,US dollars per cubic metre,_Z,Not Applicable,_Z,Not Applicable,_Z,Not Applicable,1997,244.1206263,WB_CLEAR,Climate and Economic Analyses for Resilience in Water (CLEAR Water),0,Units,CUR,Currency,602,CCYY,A,Normal value,PU,Public
datastructure,WB.DATA360:DS_DATA360(1.2),I,A,Annual,FRA,France,WB_CLEAR_AQUASTAT_4554,SDG 6.4.1. Services Water Use Efficiency (US$/m3),_T,Total,_T,All age ranges or no breakdown by age,_T,Total,USD_M3,US dollars per cubic metre,_Z,Not Applicable,_Z,Not Applicable,_Z,Not Applicable,1997,211.559527,WB_CLEAR,Climate and Economic Analyses for Resilience in Water (CLEAR Water),0,Units,CUR,Currency,602,CCYY,A,Normal value,PU,Public
datastructure,WB.DATA360:DS_DATA360(1.2),I,A,Annual,GAB,Gabon,WB_CLEAR_AQUASTAT_4554,SDG 6.4.1. Services Water Use Efficiency (US$/m3),_T,Total,_T,All age ranges or no breakdown by age,_T,Total,USD_M3,US dollars per cubic metre,_Z,Not Applicable,_Z,Not Applicable,_Z,Not Applicable,1997,59.63913983,WB_CLEAR,Climate and Economic Analyses for Resilience in Water (CLEAR Water),0,Units,CUR,Currency,602,CCYY,A,Normal value,PU,Public
datastructure,WB.DATA360:DS_DATA360(1.2),I,A,Annual,GMB,"Gambia, The",WB_CLEAR_AQUASTAT_4554,SDG 6.4.1. Services Water Use Efficiency (US$/m3),_T,Total,_T,All age ranges or no breakdown by age,_T,Total,USD_M3,US dollars per cubic metre,_Z,Not Applicable,_Z,Not Applicable,_Z,Not Applicable,1997,20.266256,WB_CLEAR,Climate and Economic Analyses for Resilience in Water (CLEAR Water),0,Units,CUR,Currency,602,CCYY,A,Normal value,PU,Public
datastructure,WB.DATA360:DS_DATA360(1.2),I,A,Annual,GEO,Georgia,WB_CLEAR_AQUASTAT_4554,SDG 6.4.1. Services Water Use Efficiency (US$/m3),_T,Total,_T,All age ranges or no breakdown by age,_T,Total,USD_M3,US dollars per cubic metre,_Z,Not Applicable,_Z,Not Applicable,_Z,Not Applicable,1997,7.098043417,WB_CLEAR,Climate and Economic Analyses for Resilience in Water (CLEAR Water),0,Units,CUR,Currency,602,CCYY,A,Normal value,PU,Public
datastructure,WB.DATA360:DS_DATA360(1.2),I,A,Annual,GHA,Ghana,WB_CLEAR_AQUASTAT_4554,SDG 6.4.1. Services Water Use Efficiency (US$/m3),_T,Total,_T,All age ranges or no breakdown by age,_T,Total,USD_M3,US dollars per cubic metre,_Z,Not Applicable,_Z,Not Applicable,_Z,Not Applicable,1997,30.31531823,WB_CLEAR,Climate and Economic Analyses for Resilience in Water (CLEAR Water),0,Units,CUR,Currency,602,CCYY,A,Normal value,PU,Public
datastructure,WB.DATA360:DS_DATA360(1.2),I,A,Annual,GRC,Greece,WB_CLEAR_AQUASTAT_4554,SDG 6.4.1. Services Water Use Efficiency (US$/m3),_T,Total,_T,All age ranges or no breakdown by age,_T,Total,USD_M3,US dollars per cubic metre,_Z,Not Applicable,_Z,Not Applicable,_Z,Not Applicable,1997,144.9145412,WB_CLEAR,Climate and Economic Analyses for Resilience in Water (CLEAR Water),0,Units,CUR,Currency,602,CCYY,A,Normal value,PU,Public
datastructure,WB.DATA360:DS_DATA360(1.2),I,A,Annual,GTM,Guatemala,WB_CLEAR_AQUASTAT_4554,SDG 6.4.1. Services Water Use Efficiency (US$/m3),_T,Total,_T,All age ranges or no breakdown by age,_T,Total,USD_M3,US dollars per cubic metre,_Z,Not Applicable,_Z,Not Applicable,_Z,Not Applicable,1997,64.81581957,WB_CLEAR,Climate and Economic Analyses for Resilience in Water (CLEAR Water),0,Units,CUR,Currency,602,CCYY,A,Normal value,PU,Public
datastructure,WB.DATA360:DS_DATA360(1.2),I,A,Annual,GIN,Guinea,WB_CLEAR_AQUASTAT_4554,SDG 6.4.1. Services Water Use Efficiency (US$/m3),_T,Total,_T,All age ranges or no breakdown by age,_T,Total,USD_M3,US dollars per cubic metre,_Z,Not Applicable,_Z,Not Applicable,_Z,Not Applicable,1997,12.06062616,WB_CLEAR,Climate and Economic Analyses for Resilience in Water (CLEAR Water),0,Units,CUR,Currency,602,CCYY,A,Normal value,PU,Public
datastructure,WB.DATA360:DS_DATA360(1.2),I,A,Annual,GNB,Guinea-Bissau,WB_CLEAR_AQUASTAT_4554,SDG 6.4.1. Services Water Use Efficiency (US$/m3),_T,Total,_T,All age ranges or no breakdown by age,_T,Total,USD_M3,US dollars per cubic metre,_Z,Not Applicable,_Z,Not Applicable,_Z,Not Applicable,1997,13.69305794,WB_CLEAR,Climate and Economic Analyses for Resilience in Water (CLEAR Water),0,Units,CUR,Currency,602,CCYY,A,Normal value,PU,Public
datastructure,WB.DATA360:DS_DATA360(1.2),I,A,Annual,GUY,Guyana,WB_CLEAR_AQUASTAT_4554,SDG 6.4.1. Services Water Use Efficiency (US$/m3),_T,Total,_T,All age ranges or no breakdown by age,_T,Total,USD_M3,US dollars per cubic metre,_Z,Not Applicable,_Z,Not Applicable,_Z,Not Applicable,1997,22.31331802,WB_CLEAR,Climate and Economic Analyses for Resilience in Water (CLEAR Water),0,Units,CUR,Currency,602,CCYY,A,Normal value,PU,Public
datastructure,WB.DATA360:DS_DATA360(1.2),I,A,Annual,HTI,Haiti,WB_CLEAR_AQUASTAT_4554,SDG 6.4.1. Services Water Use Efficiency (US$/m3),_T,Total,_T,All age ranges or no breakdown by age,_T,Total,USD_M3,US dollars per cubic metre,_Z,Not Applicable,_Z,Not Applicable,_Z,Not Applicable,1997,23.44389402,WB_CLEAR,Climate and Economic Analyses for Resilience in Water (CLEAR Water),0,Units,CUR,Currency,602,CCYY,A,Normal value,PU,Public
datastructure,WB.DATA360:DS_DATA360(1.2),I,A,Annual,HND,Honduras,WB_CLEAR_AQUASTAT_4554,SDG 6.4.1. Services Water Use Efficiency (US$/m3),_T,Total,_T,All age ranges or no breakdown by age,_T,Total,USD_M3,US dollars per cubic metre,_Z,Not Applicable,_Z,Not Applicable,_Z,Not Applicable,1997,30.47428852,WB_CLEAR,Climate and Economic Analyses for Resilience in Water (CLEAR Water),0,Units,CUR,Currency,602,CCYY,A,Normal value,PU,Public
datastructure,WB.DATA360:DS_DATA360(1.2),I,A,Annual,HUN,Hungary,WB_CLEAR_AQUASTAT_4554,SDG 6.4.1. Services Water Use Efficiency (US$/m3),_T,Total,_T,All age ranges or no breakdown by age,_T,Total,USD_M3,US dollars per cubic metre,_Z,Not Applicable,_Z,Not Applicable,_Z,Not Applicable,1997,54.83364184,WB_CLEAR,Climate and Economic Analyses for Resilience in Water (CLEAR Water),0,Units,CUR,Currency,602,CCYY,A,Normal value,PU,Public
datastructure,WB.DATA360:DS_DATA360(1.2),I,A,Annual,ISL,Iceland,WB_CLEAR_AQUASTAT_4554,SDG 6.4.1. Services Water Use Efficiency (US$/m3),_T,Total,_T,All age ranges or no breakdown by age,_T,Total,USD_M3,US dollars per cubic metre,_Z,Not Applicable,_Z,Not Applicable,_Z,Not Applicable,1997,67.88652852,WB_CLEAR,Climate and Economic Analyses for Resilience in Water (CLEAR Water),0,Units,CUR,Currency,602,CCYY,A,Normal value,PU,Public
datastructure,WB.DATA360:DS_DATA360(1.2),I,A,Annual,IND,India,WB_CLEAR_AQUASTAT_4554,SDG 6.4.1. Services Water Use Efficiency (US$/m3),_T,Total,_T,All age ranges or no breakdown by age,_T,Total,USD_M3,US dollars per cubic metre,_Z,Not Applicable,_Z,Not Applicable,_Z,Not Applicable,1997,7.511779829,WB_CLEAR,Climate and Economic Analyses for Resilience in Water (CLEAR Water),0,Units,CUR,Currency,602,CCYY,A,Normal value,PU,Public
datastructure,WB.DATA360:DS_DATA360(1.2),I,A,Annual,IDN,Indonesia,WB_CLEAR_AQUASTAT_4554,SDG 6.4.1. Services Water Use Efficiency (US$/m3),_T,Total,_T,All age ranges or no breakdown by age,_T,Total,USD_M3,US dollars per cubic metre,_Z,Not Applicable,_Z,Not Applicable,_Z,Not Applicable,1997,19.06006209,WB_CLEAR,Climate and Economic Analyses for Resilience in Water (CLEAR Water),0,Units,CUR,Currency,602,CCYY,A,Normal value,PU,Public
datastructure,WB.DATA360:DS_DATA360(1.2),I,A,Annual,IRN,"Iran, Islamic Rep.",WB_CLEAR_AQUASTAT_4554,SDG 6.4.1. Services Water Use Efficiency (US$/m3),_T,Total,_T,All age ranges or no breakdown by age,_T,Total,USD_M3,US dollars per cubic metre,_Z,Not Applicable,_Z,Not Applicable,_Z,Not Applicable,1997,23.49731884,WB_CLEAR,Climate and Economic Analyses for Resilience in Water (CLEAR Water),0,Units,CUR,Currency,602,CCYY,A,Normal value,PU,Public
datastructure,WB.DATA360:DS_DATA360(1.2),I,A,Annual,IRQ,Iraq,WB_CLEAR_AQUASTAT_4554,SDG 6.4.1. Services Water Use Efficiency (US$/m3),_T,Total,_T,All age ranges or no breakdown by age,_T,Total,USD_M3,US dollars per cubic metre,_Z,Not Applicable,_Z,Not Applicable,_Z,Not Applicable,1997,3.251128145,WB_CLEAR,Climate and Economic Analyses for Resilience in Water (CLEAR Water),0,Units,CUR,Currency,602,CCYY,A,Normal value,PU,Public
datastructure,WB.DATA360:DS_DATA360(1.2),I,A,Annual,IRL,Ireland,WB_CLEAR_AQUASTAT_4554,SDG 6.4.1. Services Water Use Efficiency (US$/m3),_T,Total,_T,All age ranges or no breakdown by age,_T,Total,USD_M3,US dollars per cubic metre,_Z,Not Applicable,_Z,Not Applicable,_Z,Not Applicable,1997,135.0298016,WB_CLEAR,Climate and Economic Analyses for Resilience in Water (CLEAR Water),0,Units,CUR,Currency,602,CCYY,A,Normal value,PU,Public
datastructure,WB.DATA360:DS_DATA360(1.2),I,A,Annual,ISR,Israel,WB_CLEAR_AQUASTAT_4554,SDG 6.4.1. Services Water Use Efficiency (US$/m3),_T,Total,_T,All age ranges or no breakdown by age,_T,Total,USD_M3,US dollars per cubic metre,_Z,Not Applicable,_Z,Not Applicable,_Z,Not Applicable,1997,181.1613301,WB_CLEAR,Climate and Economic Analyses for Resilience in Water (CLEAR Water),0,Units,CUR,Currency,602,CCYY,A,Normal value,PU,Public
datastructure,WB.DATA360:DS_DATA360(1.2),I,A,Annual,ITA,Italy,WB_CLEAR_AQUASTAT_4554,SDG 6.4.1. Services Water Use Efficiency (US$/m3),_T,Total,_T,All age ranges or no breakdown by age,_T,Total,USD_M3,US dollars per cubic metre,_Z,Not Applicable,_Z,Not Applicable,_Z,Not Applicable,1997,128.1887611,WB_CLEAR,Climate and Economic Analyses for Resilience in Water (CLEAR Water),0,Units,CUR,Currency,602,CCYY,A,Normal value,PU,Public
datastructure,WB.DATA360:DS_DATA360(1.2),I,A,Annual,JAM,Jamaica,WB_CLEAR_AQUASTAT_4554,SDG 6.4.1. Services Water Use Efficiency (US$/m3),_T,Total,_T,All age ranges or no breakdown by age,_T,Total,USD_M3,US dollars per cubic metre,_Z,Not Applicable,_Z,Not Applicable,_Z,Not Applicable,1997,40.20267236,WB_CLEAR,Climate and Economic Analyses for Resilience in Water (CLEAR Water),0,Units,CUR,Currency,602,CCYY,A,Normal value,PU,Public
datastructure,WB.DATA360:DS_DATA360(1.2),I,A,Annual,JPN,Japan,WB_CLEAR_AQUASTAT_4554,SDG 6.4.1. Services Water Use Efficiency (US$/m3),_T,Total,_T,All age ranges or no breakdown by age,_T,Total,USD_M3,US dollars per cubic metre,_Z,Not Applicable,_Z,Not Applicable,_Z,Not Applicable,1997,155.3597396,WB_CLEAR,Climate and Economic Analyses for Resilience in Water (CLEAR Water),0,Units,CUR,Currency,602,CCYY,A,Normal value,PU,Public
datastructure,WB.DATA360:DS_DATA360(1.2),I,A,Annual,JOR,Jordan,WB_CLEAR_AQUASTAT_4554,SDG 6.4.1. Services Water Use Efficiency (US$/m3),_T,Total,_T,All age ranges or no breakdown by age,_T,Total,USD_M3,US dollars per cubic metre,_Z,Not Applicable,_Z,Not Applicable,_Z,Not Applicable,1997,45.89784482,WB_CLEAR,Climate and Economic Analyses for Resilience in Water (CLEAR Water),0,Units,CUR,Currency,602,CCYY,A,Normal value,PU,Public
datastructure,WB.DATA360:DS_DATA360(1.2),I,A,Annual,KAZ,Kazakhstan,WB_CLEAR_AQUASTAT_4554,SDG 6.4.1. Services Water Use Efficiency (US$/m3),_T,Total,_T,All age ranges or no breakdown by age,_T,Total,USD_M3,US dollars per cubic metre,_Z,Not Applicable,_Z,Not Applicable,_Z,Not Applicable,1997,29.78454042,WB_CLEAR,Climate and Economic Analyses for Resilience in Water (CLEAR Water),0,Units,CUR,Currency,602,CCYY,A,Normal value,PU,Public
datastructure,WB.DATA360:DS_DATA360(1.2),I,A,Annual,KEN,Kenya,WB_CLEAR_AQUASTAT_4554,SDG 6.4.1. Services Water Use Efficiency (US$/m3),_T,Total,_T,All age ranges or no breakdown by age,_T,Total,USD_M3,US dollars per cubic metre,_Z,Not Applicable,_Z,Not Applicable,_Z,Not Applicable,1997,35.6906998,WB_CLEAR,Climate and Economic Analyses for Resilience in Water (CLEAR Water),0,Units,CUR,Currency,602,CCYY,A,Normal value,PU,Public
datastructure,WB.DATA360:DS_DATA360(1.2),I,A,Annual,KWT,Kuwait,WB_CLEAR_AQUASTAT_4554,SDG 6.4.1. Services Water Use Efficiency (US$/m3),_T,Total,_T,All age ranges or no breakdown by age,_T,Total,USD_M3,US dollars per cubic metre,_Z,Not Applicable,_Z,Not Applicable,_Z,Not Applicable,1997,90.99936298,WB_CLEAR,Climate and Economic Analyses for Resilience in Water (CLEAR Water),0,Units,CUR,Currency,602,CCYY,A,Normal value,PU,Public
datastructure,WB.DATA360:DS_DATA360(1.2),I,A,Annual,KGZ,Kyrgyz Republic,WB_CLEAR_AQUASTAT_4554,SDG 6.4.1. Services Water Use Efficiency (US$/m3),_T,Total,_T,All age ranges or no breakdown by age,_T,Total,USD_M3,US dollars per cubic metre,_Z,Not Applicable,_Z,Not Applicable,_Z,Not Applicable,1997,3.132922188,WB_CLEAR,Climate and Economic Analyses for Resilience in Water (CLEAR Water),0,Units,CUR,Currency,602,CCYY,A,Normal value,PU,Public
datastructure,WB.DATA360:DS_DATA360(1.2),I,A,Annual,LAO,Lao PDR,WB_CLEAR_AQUASTAT_4554,SDG 6.4.1. Services Water Use Efficiency (US$/m3),_T,Total,_T,All age ranges or no breakdown by age,_T,Total,USD_M3,US dollars per cubic metre,_Z,Not Applicable,_Z,Not Applicable,_Z,Not Applicable,1997,20.54432882,WB_CLEAR,Climate and Economic Analyses for Resilience in Water (CLEAR Water),0,Units,CUR,Currency,602,CCYY,A,Normal value,PU,Public
datastructure,WB.DATA360:DS_DATA360(1.2),I,A,Annual,LBN,Lebanon,WB_CLEAR_AQUASTAT_4554,SDG 6.4.1. Services Water Use Efficiency (US$/m3),_T,Total,_T,All age ranges or no breakdown by age,_T,Total,USD_M3,US dollars per cubic metre,_Z,Not Applicable,_Z,Not Applicable,_Z,Not Applicable,1997,48.43626663,WB_CLEAR,Climate and Economic Analyses for Resilience in Water (CLEAR Water),0,Units,CUR,Currency,602,CCYY,A,Normal value,PU,Public
datastructure,WB.DATA360:DS_DATA360(1.2),I,A,Annual,LSO,Lesotho,WB_CLEAR_AQUASTAT_4554,SDG 6.4.1. Services Water Use Efficiency (US$/m3),_T,Total,_T,All age ranges or no breakdown by age,_T,Total,USD_M3,US dollars per cubic metre,_Z,Not Applicable,_Z,Not Applicable,_Z,Not Applicable,1997,41.71725952,WB_CLEAR,Climate and Economic Analyses for Resilience in Water (CLEAR Water),0,Units,CUR,Currency,602,CCYY,A,Normal value,PU,Public
datastructure,WB.DATA360:DS_DATA360(1.2),I,A,Annual,LBR,Liberia,WB_CLEAR_AQUASTAT_4554,SDG 6.4.1. Services Water Use Efficiency (US$/m3),_T,Total,_T,All age ranges or no breakdown by age,_T,Total,USD_M3,US dollars per cubic metre,_Z,Not Applicable,_Z,Not Applicable,_Z,Not Applicable,1997,2.372786683,WB_CLEAR,Climate and Economic Analyses for Resilience in Water (CLEAR Water),0,Units,CUR,Currency,602,CCYY,A,Normal value,PU,Public
datastructure,WB.DATA360:DS_DATA360(1.2),I,A,Annual,LBY,Libya,WB_CLEAR_AQUASTAT_4554,SDG 6.4.1. Services Water Use Efficiency (US$/m3),_T,Total,_T,All age ranges or no breakdown by age,_T,Total,USD_M3,US dollars per cubic metre,_Z,Not Applicable,_Z,Not Applicable,_Z,Not Applicable,1997,96.4761966,WB_CLEAR,Climate and Economic Analyses for Resilience in Water (CLEAR Water),0,Units,CUR,Currency,602,CCYY,A,Normal value,PU,Public
datastructure,WB.DATA360:DS_DATA360(1.2),I,A,Annual,LTU,Lithuania,WB_CLEAR_AQUASTAT_4554,SDG 6.4.1. Services Water Use Efficiency (US$/m3),_T,Total,_T,All age ranges or no breakdown by age,_T,Total,USD_M3,US dollars per cubic metre,_Z,Not Applicable,_Z,Not Applicable,_Z,Not Applicable,1997,58.06236265,WB_CLEAR,Climate and Economic Analyses for Resilience in Water (CLEAR Water),0,Units,CUR,Currency,602,CCYY,A,Normal value,PU,Public
datastructure,WB.DATA360:DS_DATA360(1.2),I,A,Annual,LUX,Luxembourg,WB_CLEAR_AQUASTAT_4554,SDG 6.4.1. Services Water Use Efficiency (US$/m3),_T,Total,_T,All age ranges or no breakdown by age,_T,Total,USD_M3,US dollars per cubic metre,_Z,Not Applicable,_Z,Not Applicable,_Z,Not Applicable,1997,510.789705,WB_CLEAR,Climate and Economic Analyses for Resilience in Water (CLEAR Water),0,Units,CUR,Currency,602,CCYY,A,Normal value,PU,Public
datastructure,WB.DATA360:DS_DATA360(1.2),I,A,Annual,MDG,Madagascar,WB_CLEAR_AQUASTAT_4554,SDG 6.4.1. Services Water Use Efficiency (US$/m3),_T,Total,_T,All age ranges or no breakdown by age,_T,Total,USD_M3,US dollars per cubic metre,_Z,Not Applicable,_Z,Not Applicable,_Z,Not Applicable,1997,14.83981488,WB_CLEAR,Climate and Economic Analyses for Resilience in Water (CLEAR Water),0,Units,CUR,Currency,602,CCYY,A,Normal value,PU,Public
datastructure,WB.DATA360:DS_DATA360(1.2),I,A,Annual,MWI,Malawi,WB_CLEAR_AQUASTAT_4554,SDG 6.4.1. Services Water Use Efficiency (US$/m3),_T,Total,_T,All age ranges or no breakdown by age,_T,Total,USD_M3,US dollars per cubic metre,_Z,Not Applicable,_Z,Not Applicable,_Z,Not Applicable,1997,13.08933497,WB_CLEAR,Climate and Economic Analyses for Resilience in Water (CLEAR Water),0,Units,CUR,Currency,602,CCYY,A,Normal value,PU,Public
datastructure,WB.DATA360:DS_DATA360(1.2),I,A,Annual,MYS,Malaysia,WB_CLEAR_AQUASTAT_4554,SDG 6.4.1. Services Water Use Efficiency (US$/m3),_T,Total,_T,All age ranges or no breakdown by age,_T,Total,USD_M3,US dollars per cubic metre,_Z,Not Applicable,_Z,Not Applicable,_Z,Not Applicable,1997,52.62774605,WB_CLEAR,Climate and Economic Analyses for Resilience in Water (CLEAR Water),0,Units,CUR,Currency,602,CCYY,A,Normal value,PU,Public
datastructure,WB.DATA360:DS_DATA360(1.2),I,A,Annual,MDV,Maldives,WB_CLEAR_AQUASTAT_4554,SDG 6.4.1. Services Water Use Efficiency (US$/m3),_T,Total,_T,All age ranges or no breakdown by age,_T,Total,USD_M3,US dollars per cubic metre,_Z,Not Applicable,_Z,Not Applicable,_Z,Not Applicable,1997,224.7325388,WB_CLEAR,Climate and Economic Analyses for Resilience in Water (CLEAR Water),0,Units,CUR,Currency,602,CCYY,A,Normal value,PU,Public
datastructure,WB.DATA360:DS_DATA360(1.2),I,A,Annual,MLI,Mali,WB_CLEAR_AQUASTAT_4554,SDG 6.4.1. Services Water Use Efficiency (US$/m3),_T,Total,_T,All age ranges or no breakdown by age,_T,Total,USD_M3,US dollars per cubic metre,_Z,Not Applicable,_Z,Not Applicable,_Z,Not Applicable,1997,16.95079054,WB_CLEAR,Climate and Economic Analyses for Resilience in Water (CLEAR Water),0,Units,CUR,Currency,602,CCYY,A,Normal value,PU,Public
datastructure,WB.DATA360:DS_DATA360(1.2),I,A,Annual,MLT,Malta,WB_CLEAR_AQUASTAT_4554,SDG 6.4.1. Services Water Use Efficiency (US$/m3),_T,Total,_T,All age ranges or no breakdown by age,_T,Total,USD_M3,US dollars per cubic metre,_Z,Not Applicable,_Z,Not Applicable,_Z,Not Applicable,1997,79.69816489,WB_CLEAR,Climate and Economic Analyses for Resilience in Water (CLEAR Water),0,Units,CUR,Currency,602,CCYY,A,Normal value,PU,Public
datastructure,WB.DATA360:DS_DATA360(1.2),I,A,Annual,MRT,Mauritania,WB_CLEAR_AQUASTAT_4554,SDG 6.4.1. Services Water Use Efficiency (US$/m3),_T,Total,_T,All age ranges or no breakdown by age,_T,Total,USD_M3,US dollars per cubic metre,_Z,Not Applicable,_Z,Not Applicable,_Z,Not Applicable,1997,17.83628739,WB_CLEAR,Climate and Economic Analyses for Resilience in Water (CLEAR Water),0,Units,CUR,Currency,602,CCYY,A,Normal value,PU,Public
datastructure,WB.DATA360:DS_DATA360(1.2),I,A,Annual,MUS,Mauritius,WB_CLEAR_AQUASTAT_4554,SDG 6.4.1. Services Water Use Efficiency (US$/m3),_T,Total,_T,All age ranges or no breakdown by age,_T,Total,USD_M3,US dollars per cubic metre,_Z,Not Applicable,_Z,Not Applicable,_Z,Not Applicable,1997,26.9422138,WB_CLEAR,Climate and Economic Analyses for Resilience in Water (CLEAR Water),0,Units,CUR,Currency,602,CCYY,A,Normal value,PU,Public
datastructure,WB.DATA360:DS_DATA360(1.2),I,A,Annual,MCO,Monaco,WB_CLEAR_AQUASTAT_4554,SDG 6.4.1. Services Water Use Efficiency (US$/m3),_T,Total,_T,All age ranges or no breakdown by age,_T,Total,USD_M3,US dollars per cubic metre,_Z,Not Applicable,_Z,Not Applicable,_Z,Not Applicable,1997,525.3645056,WB_CLEAR,Climate and Economic Analyses for Resilience in Water (CLEAR Water),0,Units,CUR,Currency,602,CCYY,A,Normal value,PU,Public
datastructure,WB.DATA360:DS_DATA360(1.2),I,A,Annual,MNG,Mongolia,WB_CLEAR_AQUASTAT_4554,SDG 6.4.1. Services Water Use Efficiency (US$/m3),_T,Total,_T,All age ranges or no breakdown by age,_T,Total,USD_M3,US dollars per cubic metre,_Z,Not Applicable,_Z,Not Applicable,_Z,Not Applicable,1997,15.78712442,WB_CLEAR,Climate and Economic Analyses for Resilience in Water (CLEAR Water),0,Units,CUR,Currency,602,CCYY,A,Normal value,PU,Public
datastructure,WB.DATA360:DS_DATA360(1.2),I,A,Annual,MAR,Morocco,WB_CLEAR_AQUASTAT_4554,SDG 6.4.1. Services Water Use Efficiency (US$/m3),_T,Total,_T,All age ranges or no breakdown by age,_T,Total,USD_M3,US dollars per cubic metre,_Z,Not Applicable,_Z,Not Applicable,_Z,Not Applicable,1997,22.28092948,WB_CLEAR,Climate and Economic Analyses for Resilience in Water (CLEAR Water),0,Units,CUR,Currency,602,CCYY,A,Normal value,PU,Public
datastructure,WB.DATA360:DS_DATA360(1.2),I,A,Annual,MOZ,Mozambique,WB_CLEAR_AQUASTAT_4554,SDG 6.4.1. Services Water Use Efficiency (US$/m3),_T,Total,_T,All age ranges or no breakdown by age,_T,Total,USD_M3,US dollars per cubic metre,_Z,Not Applicable,_Z,Not Applicable,_Z,Not Applicable,1997,11.38513144,WB_CLEAR,Climate and Economic Analyses for Resilience in Water (CLEAR Water),0,Units,CUR,Currency,602,CCYY,A,Normal value,PU,Public
datastructure,WB.DATA360:DS_DATA360(1.2),I,A,Annual,MMR,Myanmar,WB_CLEAR_AQUASTAT_4554,SDG 6.4.1. Services Water Use Efficiency (US$/m3),_T,Total,_T,All age ranges or no breakdown by age,_T,Total,USD_M3,US dollars per cubic metre,_Z,Not Applicable,_Z,Not Applicable,_Z,Not Applicable,1997,1.028457932,WB_CLEAR,Climate and Economic Analyses for Resilience in Water (CLEAR Water),0,Units,CUR,Currency,602,CCYY,A,Normal value,PU,Public
datastructure,WB.DATA360:DS_DATA360(1.2),I,A,Annual,NAM,Namibia,WB_CLEAR_AQUASTAT_4554,SDG 6.4.1. Services Water Use Efficiency (US$/m3),_T,Total,_T,All age ranges or no breakdown by age,_T,Total,USD_M3,US dollars per cubic metre,_Z,Not Applicable,_Z,Not Applicable,_Z,Not Applicable,1997,44.64936371,WB_CLEAR,Climate and Economic Analyses for Resilience in Water (CLEAR Water),0,Units,CUR,Currency,602,CCYY,A,Normal value,PU,Public
datastructure,WB.DATA360:DS_DATA360(1.2),I,A,Annual,NPL,Nepal,WB_CLEAR_AQUASTAT_4554,SDG 6.4.1. Services Water Use Efficiency (US$/m3),_T,Total,_T,All age ranges or no breakdown by age,_T,Total,USD_M3,US dollars per cubic metre,_Z,Not Applicable,_Z,Not Applicable,_Z,Not Applicable,1997,19.38443569,WB_CLEAR,Climate and Economic Analyses for Resilience in Water (CLEAR Water),0,Units,CUR,Currency,602,CCYY,A,Normal value,PU,Public
datastructure,WB.DATA360:DS_DATA360(1.2),I,A,Annual,NLD,Netherlands,WB_CLEAR_AQUASTAT_4554,SDG 6.4.1. Services Water Use Efficiency (US$/m3),_T,Total,_T,All age ranges or no breakdown by age,_T,Total,USD_M3,US dollars per cubic metre,_Z,Not Applicable,_Z,Not Applicable,_Z,Not Applicable,1997,291.612618,WB_CLEAR,Climate and Economic Analyses for Resilience in Water (CLEAR Water),0,Units,CUR,Currency,602,CCYY,A,Normal value,PU,Public
datastructure,WB.DATA360:DS_DATA360(1.2),I,A,Annual,NZL,New Zealand,WB_CLEAR_AQUASTAT_4554,SDG 6.4.1. Services Water Use Efficiency (US$/m3),_T,Total,_T,All age ranges or no breakdown by age,_T,Total,USD_M3,US dollars per cubic metre,_Z,Not Applicable,_Z,Not Applicable,_Z,Not Applicable,1997,50.85826075,WB_CLEAR,Climate and Economic Analyses for Resilience in Water (CLEAR Water),0,Units,CUR,Currency,602,CCYY,A,Normal value,PU,Public
datastructure,WB.DATA360:DS_DATA360(1.2),I,A,Annual,NER,Niger,WB_CLEAR_AQUASTAT_4554,SDG 6.4.1. Services Water Use Efficiency (US$/m3),_T,Total,_T,All age ranges or no breakdown by age,_T,Total,USD_M3,US dollars per cubic metre,_Z,Not Applicable,_Z,Not Applicable,_Z,Not Applicable,1997,9.775958938,WB_CLEAR,Climate and Economic Analyses for Resilience in Water (CLEAR Water),0,Units,CUR,Currency,602,CCYY,A,Normal value,PU,Public
datastructure,WB.DATA360:DS_DATA360(1.2),I,A,Annual,NGA,Nigeria,WB_CLEAR_AQUASTAT_4554,SDG 6.4.1. Services Water Use Efficiency (US$/m3),_T,Total,_T,All age ranges or no breakdown by age,_T,Total,USD_M3,US dollars per cubic metre,_Z,Not Applicable,_Z,Not Applicable,_Z,Not Applicable,1997,22.15899056,WB_CLEAR,Climate and Economic Analyses for Resilience in Water (CLEAR Water),0,Units,CUR,Currency,602,CCYY,A,Normal value,PU,Public
datastructure,WB.DATA360:DS_DATA360(1.2),I,A,Annual,MKD,North Macedonia,WB_CLEAR_AQUASTAT_4554,SDG 6.4.1. Services Water Use Efficiency (US$/m3),_T,Total,_T,All age ranges or no breakdown by age,_T,Total,USD_M3,US dollars per cubic metre,_Z,Not Applicable,_Z,Not Applicable,_Z,Not Applicable,1997,16.55066691,WB_CLEAR,Climate and Economic Analyses for Resilience in Water (CLEAR Water),0,Units,CUR,Currency,602,CCYY,A,Normal value,PU,Public
datastructure,WB.DATA360:DS_DATA360(1.2),I,A,Annual,NOR,Norway,WB_CLEAR_AQUASTAT_4554,SDG 6.4.1. Services Water Use Efficiency (US$/m3),_T,Total,_T,All age ranges or no breakdown by age,_T,Total,USD_M3,US dollars per cubic metre,_Z,Not Applicable,_Z,Not Applicable,_Z,Not Applicable,1997,199.5846644,WB_CLEAR,Climate and Economic Analyses for Resilience in Water (CLEAR Water),0,Units,CUR,Currency,602,CCYY,A,Normal value,PU,Public
datastructure,WB.DATA360:DS_DATA360(1.2),I,A,Annual,OMN,Oman,WB_CLEAR_AQUASTAT_4554,SDG 6.4.1. Services Water Use Efficiency (US$/m3),_T,Total,_T,All age ranges or no breakdown by age,_T,Total,USD_M3,US dollars per cubic metre,_Z,Not Applicable,_Z,Not Applicable,_Z,Not Applicable,1997,207.7766134,WB_CLEAR,Climate and Economic Analyses for Resilience in Water (CLEAR Water),0,Units,CUR,Currency,602,CCYY,A,Normal value,PU,Public
datastructure,WB.DATA360:DS_DATA360(1.2),I,A,Annual,PAK,Pakistan,WB_CLEAR_AQUASTAT_4554,SDG 6.4.1. Services Water Use Efficiency (US$/m3),_T,Total,_T,All age ranges or no breakdown by age,_T,Total,USD_M3,US dollars per cubic metre,_Z,Not Applicable,_Z,Not Applicable,_Z,Not Applicable,1997,13.52313565,WB_CLEAR,Climate and Economic Analyses for Resilience in Water (CLEAR Water),0,Units,CUR,Currency,602,CCYY,A,Normal value,PU,Public
datastructure,WB.DATA360:DS_DATA360(1.2),I,A,Annual,PNG,Papua New Guinea,WB_CLEAR_AQUASTAT_4554,SDG 6.4.1. Services Water Use Efficiency (US$/m3),_T,Total,_T,All age ranges or no breakdown by age,_T,Total,USD_M3,US dollars per cubic metre,_Z,Not Applicable,_Z,Not Applicable,_Z,Not Applicable,1997,52.72899037,WB_CLEAR,Climate and Economic Analyses for Resilience in Water (CLEAR Water),0,Units,CUR,Currency,602,CCYY,A,Normal value,PU,Public
datastructure,WB.DATA360:DS_DATA360(1.2),I,A,Annual,PRY,Paraguay,WB_CLEAR_AQUASTAT_4554,SDG 6.4.1. Services Water Use Efficiency (US$/m3),_T,Total,_T,All age ranges or no breakdown by age,_T,Total,USD_M3,US dollars per cubic metre,_Z,Not Applicable,_Z,Not Applicable,_Z,Not Applicable,1997,113.2682538,WB_CLEAR,Climate and Economic Analyses for Resilience in Water (CLEAR Water),0,Units,CUR,Currency,602,CCYY,A,Normal value,PU,Public
datastructure,WB.DATA360:DS_DATA360(1.2),I,A,Annual,PER,Peru,WB_CLEAR_AQUASTAT_4554,SDG 6.4.1. Services Water Use Efficiency (US$/m3),_T,Total,_T,All age ranges or no breakdown by age,_T,Total,USD_M3,US dollars per cubic metre,_Z,Not Applicable,_Z,Not Applicable,_Z,Not Applicable,1997,36.89302636,WB_CLEAR,Climate and Economic Analyses for Resilience in Water (CLEAR Water),0,Units,CUR,Currency,602,CCYY,A,Normal value,PU,Public
datastructure,WB.DATA360:DS_DATA360(1.2),I,A,Annual,PHL,Philippines,WB_CLEAR_AQUASTAT_4554,SDG 6.4.1. Services Water Use Efficiency (US$/m3),_T,Total,_T,All age ranges or no breakdown by age,_T,Total,USD_M3,US dollars per cubic metre,_Z,Not Applicable,_Z,Not Applicable,_Z,Not Applicable,1997,14.11911615,WB_CLEAR,Climate and Economic Analyses for Resilience in Water (CLEAR Water),0,Units,CUR,Currency,602,CCYY,A,Normal value,PU,Public
datastructure,WB.DATA360:DS_DATA360(1.2),I,A,Annual,POL,Poland,WB_CLEAR_AQUASTAT_4554,SDG 6.4.1. Services Water Use Efficiency (US$/m3),_T,Total,_T,All age ranges or no breakdown by age,_T,Total,USD_M3,US dollars per cubic metre,_Z,Not Applicable,_Z,Not Applicable,_Z,Not Applicable,1997,59.2080999,WB_CLEAR,Climate and Economic Analyses for Resilience in Water (CLEAR Water),0,Units,CUR,Currency,602,CCYY,A,Normal value,PU,Public
datastructure,WB.DATA360:DS_DATA360(1.2),I,A,Annual,PRT,Portugal,WB_CLEAR_AQUASTAT_4554,SDG 6.4.1. Services Water Use Efficiency (US$/m3),_T,Total,_T,All age ranges or no breakdown by age,_T,Total,USD_M3,US dollars per cubic metre,_Z,Not Applicable,_Z,Not Applicable,_Z,Not Applicable,1997,129.35189,WB_CLEAR,Climate and Economic Analyses for Resilience in Water (CLEAR Water),0,Units,CUR,Currency,602,CCYY,A,Normal value,PU,Public
datastructure,WB.DATA360:DS_DATA360(1.2),I,A,Annual,PRI,Puerto Rico,WB_CLEAR_AQUASTAT_4554,SDG 6.4.1. Services Water Use Efficiency (US$/m3),_T,Total,_T,All age ranges or no breakdown by age,_T,Total,USD_M3,US dollars per cubic metre,_Z,Not Applicable,_Z,Not Applicable,_Z,Not Applicable,1997,76.01570585,WB_CLEAR,Climate and Economic Analyses for Resilience in Water (CLEAR Water),0,Units,CUR,Currency,602,CCYY,A,Normal value,PU,Public
datastructure,WB.DATA360:DS_DATA360(1.2),I,A,Annual,QAT,Qatar,WB_CLEAR_AQUASTAT_4554,SDG 6.4.1. Services Water Use Efficiency (US$/m3),_T,Total,_T,All age ranges or no breakdown by age,_T,Total,USD_M3,US dollars per cubic metre,_Z,Not Applicable,_Z,Not Applicable,_Z,Not Applicable,1997,173.6055794,WB_CLEAR,Climate and Economic Analyses for Resilience in Water (CLEAR Water),0,Units,CUR,Currency,602,CCYY,A,Normal value,PU,Public
datastructure,WB.DATA360:DS_DATA360(1.2),I,A,Annual,KOR,"Korea, Rep.",WB_CLEAR_AQUASTAT_4554,SDG 6.4.1. Services Water Use Efficiency (US$/m3),_T,Total,_T,All age ranges or no breakdown by age,_T,Total,USD_M3,US dollars per cubic metre,_Z,Not Applicable,_Z,Not Applicable,_Z,Not Applicable,1997,53.51240191,WB_CLEAR,Climate and Economic Analyses for Resilience in Water (CLEAR Water),0,Units,CUR,Currency,602,CCYY,A,Normal value,PU,Public
datastructure,WB.DATA360:DS_DATA360(1.2),I,A,Annual,MDA,Moldova,WB_CLEAR_AQUASTAT_4554,SDG 6.4.1. Services Water Use Efficiency (US$/m3),_T,Total,_T,All age ranges or no breakdown by age,_T,Total,USD_M3,US dollars per cubic metre,_Z,Not Applicable,_Z,Not Applicable,_Z,Not Applicable,1997,8.207629636,WB_CLEAR,Climate and Economic Analyses for Resilience in Water (CLEAR Water),0,Units,CUR,Currency,602,CCYY,A,Normal value,PU,Public
datastructure,WB.DATA360:DS_DATA360(1.2),I,A,Annual,ROU,Romania,WB_CLEAR_AQUASTAT_4554,SDG 6.4.1. Services Water Use Efficiency (US$/m3),_T,Total,_T,All age ranges or no breakdown by age,_T,Total,USD_M3,US dollars per cubic metre,_Z,Not Applicable,_Z,Not Applicable,_Z,Not Applicable,1997,21.47693868,WB_CLEAR,Climate and Economic Analyses for Resilience in Water (CLEAR Water),0,Units,CUR,Currency,602,CCYY,A,Normal value,PU,Public
datastructure,WB.DATA360:DS_DATA360(1.2),I,A,Annual,RUS,Russian Federation,WB_CLEAR_AQUASTAT_4554,SDG 6.4.1. Services Water Use Efficiency (US$/m3),_T,Total,_T,All age ranges or no breakdown by age,_T,Total,USD_M3,US dollars per cubic metre,_Z,Not Applicable,_Z,Not Applicable,_Z,Not Applicable,1997,25.02058944,WB_CLEAR,Climate and Economic Analyses for Resilience in Water (CLEAR Water),0,Units,CUR,Currency,602,CCYY,A,Normal value,PU,Public
datastructure,WB.DATA360:DS_DATA360(1.2),I,A,Annual,RWA,Rwanda,WB_CLEAR_AQUASTAT_4554,SDG 6.4.1. Services Water Use Efficiency (US$/m3),_T,Total,_T,All age ranges or no breakdown by age,_T,Total,USD_M3,US dollars per cubic metre,_Z,Not Applicable,_Z,Not Applicable,_Z,Not Applicable,1997,21.53205659,WB_CLEAR,Climate and Economic Analyses for Resilience in Water (CLEAR Water),0,Units,CUR,Currency,602,CCYY,A,Normal value,PU,Public
datastructure,WB.DATA360:DS_DATA360(1.2),I,A,Annual,BOL,Bolivia,WB_CLEAR_AQUASTAT_4554,SDG 6.4.1. Services Water Use Efficiency (US$/m3),_T,Total,_T,All age ranges or no breakdown by age,_T,Total,USD_M3,US dollars per cubic metre,_Z,Not Applicable,_Z,Not Applicable,_Z,Not Applicable,1997,64.34967201,WB_CLEAR,Climate and Economic Analyses for Resilience in Water (CLEAR Water),0,Units,CUR,Currency,602,CCYY,A,Normal value,PU,Public
datastructure,WB.DATA360:DS_DATA360(1.2),I,A,Annual,BWA,Botswana,WB_CLEAR_AQUASTAT_4554,SDG 6.4.1. Services Water Use Efficiency (US$/m3),_T,Total,_T,All age ranges or no breakdown by age,_T,Total,USD_M3,US dollars per cubic metre,_Z,Not Applicable,_Z,Not Applicable,_Z,Not Applicable,1997,49.15678898,WB_CLEAR,Climate and Economic Analyses for Resilience in Water (CLEAR Water),0,Units,CUR,Currency,602,CCYY,A,Normal value,PU,Public
datastructure,WB.DATA360:DS_DATA360(1.2),I,A,Annual,BRA,Brazil,WB_CLEAR_AQUASTAT_4554,SDG 6.4.1. Services Water Use Efficiency (US$/m3),_T,Total,_T,All age ranges or no breakdown by age,_T,Total,USD_M3,US dollars per cubic metre,_Z,Not Applicable,_Z,Not Applicable,_Z,Not Applicable,1997,62.64321182,WB_CLEAR,Climate and Economic Analyses for Resilience in Water (CLEAR Water),0,Units,CUR,Currency,602,CCYY,A,Normal value,PU,Public
datastructure,WB.DATA360:DS_DATA360(1.2),I,A,Annual,BGR,Bulgaria,WB_CLEAR_AQUASTAT_4554,SDG 6.4.1. Services Water Use Efficiency (US$/m3),_T,Total,_T,All age ranges or no breakdown by age,_T,Total,USD_M3,US dollars per cubic metre,_Z,Not Applicable,_Z,Not Applicable,_Z,Not Applicable,1997,15.94759614,WB_CLEAR,Climate and Economic Analyses for Resilience in Water (CLEAR Water),0,Units,CUR,Currency,602,CCYY,A,Normal value,PU,Public
datastructure,WB.DATA360:DS_DATA360(1.2),I,A,Annual,BFA,Burkina Faso,WB_CLEAR_AQUASTAT_4554,SDG 6.4.1. Services Water Use Efficiency (US$/m3),_T,Total,_T,All age ranges or no breakdown by age,_T,Total,USD_M3,US dollars per cubic metre,_Z,Not Applicable,_Z,Not Applicable,_Z,Not Applicable,1997,19.83390294,WB_CLEAR,Climate and Economic Analyses for Resilience in Water (CLEAR Water),0,Units,CUR,Currency,602,CCYY,A,Normal value,PU,Public
datastructure,WB.DATA360:DS_DATA360(1.2),I,A,Annual,BDI,Burundi,WB_CLEAR_AQUASTAT_4554,SDG 6.4.1. Services Water Use Efficiency (US$/m3),_T,Total,_T,All age ranges or no breakdown by age,_T,Total,USD_M3,US dollars per cubic metre,_Z,Not Applicable,_Z,Not Applicable,_Z,Not Applicable,1997,10.05964772,WB_CLEAR,Climate and Economic Analyses for Resilience in Water (CLEAR Water),0,Units,CUR,Currency,602,CCYY,A,Normal value,PU,Public
datastructure,WB.DATA360:DS_DATA360(1.2),I,A,Annual,KHM,Cambodia,WB_CLEAR_AQUASTAT_4554,SDG 6.4.1. Services Water Use Efficiency (US$/m3),_T,Total,_T,All age ranges or no breakdown by age,_T,Total,USD_M3,US dollars per cubic metre,_Z,Not Applicable,_Z,Not Applicable,_Z,Not Applicable,1997,25.7427223,WB_CLEAR,Climate and Economic Analyses for Resilience in Water (CLEAR Water),0,Units,CUR,Currency,602,CCYY,A,Normal value,PU,Public
datastructure,WB.DATA360:DS_DATA360(1.2),I,A,Annual,SAU,Saudi Arabia,WB_CLEAR_AQUASTAT_4554,SDG 6.4.1. Services Water Use Efficiency (US$/m3),_T,Total,_T,All age ranges or no breakdown by age,_T,Total,USD_M3,US dollars per cubic metre,_Z,Not Applicable,_Z,Not Applicable,_Z,Not Applicable,1997,80.52781304,WB_CLEAR,Climate and Economic Analyses for Resilience in Water (CLEAR Water),0,Units,CUR,Currency,602,CCYY,A,Normal value,PU,Public
datastructure,WB.DATA360:DS_DATA360(1.2),I,A,Annual,SEN,Senegal,WB_CLEAR_AQUASTAT_4554,SDG 6.4.1. Services Water Use Efficiency (US$/m3),_T,Total,_T,All age ranges or no breakdown by age,_T,Total,USD_M3,US dollars per cubic metre,_Z,Not Applicable,_Z,Not Applicable,_Z,Not Applicable,1997,47.18802639,WB_CLEAR,Climate and Economic Analyses for Resilience in Water (CLEAR Water),0,Units,CUR,Currency,602,CCYY,A,Normal value,PU,Public
datastructure,WB.DATA360:DS_DATA360(1.2),I,A,Annual,SYC,Seychelles,WB_CLEAR_AQUASTAT_4554,SDG 6.4.1. Services Water Use Efficiency (US$/m3),_T,Total,_T,All age ranges or no breakdown by age,_T,Total,USD_M3,US dollars per cubic metre,_Z,Not Applicable,_Z,Not Applicable,_Z,Not Applicable,1997,50.59643128,WB_CLEAR,Climate and Economic Analyses for Resilience in Water (CLEAR Water),0,Units,CUR,Currency,602,CCYY,A,Normal value,PU,Public
datastructure,WB.DATA360:DS_DATA360(1.2),I,A,Annual,SLE,Sierra Leone,WB_CLEAR_AQUASTAT_4554,SDG 6.4.1. Services Water Use Efficiency (US$/m3),_T,Total,_T,All age ranges or no breakdown by age,_T,Total,USD_M3,US dollars per cubic metre,_Z,Not Applicable,_Z,Not Applicable,_Z,Not Applicable,1997,8.393724262,WB_CLEAR,Climate and Economic Analyses for Resilience in Water (CLEAR Water),0,Units,CUR,Currency,602,CCYY,A,Normal value,PU,Public
datastructure,WB.DATA360:DS_DATA360(1.2),I,A,Annual,SGP,Singapore,WB_CLEAR_AQUASTAT_4554,SDG 6.4.1. Services Water Use Efficiency (US$/m3),_T,Total,_T,All age ranges or no breakdown by age,_T,Total,USD_M3,US dollars per cubic metre,_Z,Not Applicable,_Z,Not Applicable,_Z,Not Applicable,1997,102.7572218,WB_CLEAR,Climate and Economic Analyses for Resilience in Water (CLEAR Water),0,Units,CUR,Currency,602,CCYY,A,Normal value,PU,Public
datastructure,WB.DATA360:DS_DATA360(1.2),I,A,Annual,SVK,Slovak Republic,WB_CLEAR_AQUASTAT_4554,SDG 6.4.1. Services Water Use Efficiency (US$/m3),_T,Total,_T,All age ranges or no breakdown by age,_T,Total,USD_M3,US dollars per cubic metre,_Z,Not Applicable,_Z,Not Applicable,_Z,Not Applicable,1997,59.13146234,WB_CLEAR,Climate and Economic Analyses for Resilience in Water (CLEAR Water),0,Units,CUR,Currency,602,CCYY,A,Normal value,PU,Public
datastructure,WB.DATA360:DS_DATA360(1.2),I,A,Annual,SVN,Slovenia,WB_CLEAR_AQUASTAT_4554,SDG 6.4.1. Services Water Use Efficiency (US$/m3),_T,Total,_T,All age ranges or no breakdown by age,_T,Total,USD_M3,US dollars per cubic metre,_Z,Not Applicable,_Z,Not Applicable,_Z,Not Applicable,1997,61.83192136,WB_CLEAR,Climate and Economic Analyses for Resilience in Water (CLEAR Water),0,Units,CUR,Currency,602,CCYY,A,Normal value,PU,Public
datastructure,WB.DATA360:DS_DATA360(1.2),I,A,Annual,SOM,Somalia,WB_CLEAR_AQUASTAT_4554,SDG 6.4.1. Services Water Use Efficiency (US$/m3),_T,Total,_T,All age ranges or no breakdown by age,_T,Total,USD_M3,US dollars per cubic metre,_Z,Not Applicable,_Z,Not Applicable,_Z,Not Applicable,1997,22.39437666,WB_CLEAR,Climate and Economic Analyses for Resilience in Water (CLEAR Water),0,Units,CUR,Currency,602,CCYY,A,Normal value,PU,Public
datastructure,WB.DATA360:DS_DATA360(1.2),I,A,Annual,ZAF,South Africa,WB_CLEAR_AQUASTAT_4554,SDG 6.4.1. Services Water Use Efficiency (US$/m3),_T,Total,_T,All age ranges or no breakdown by age,_T,Total,USD_M3,US dollars per cubic metre,_Z,Not Applicable,_Z,Not Applicable,_Z,Not Applicable,1997,33.8623116,WB_CLEAR,Climate and Economic Analyses for Resilience in Water (CLEAR Water),0,Units,CUR,Currency,602,CCYY,A,Normal value,PU,Public
datastructure,WB.DATA360:DS_DATA360(1.2),I,A,Annual,ESP,Spain,WB_CLEAR_AQUASTAT_4554,SDG 6.4.1. Services Water Use Efficiency (US$/m3),_T,Total,_T,All age ranges or no breakdown by age,_T,Total,USD_M3,US dollars per cubic metre,_Z,Not Applicable,_Z,Not Applicable,_Z,Not Applicable,1997,117.1445434,WB_CLEAR,Climate and Economic Analyses for Resilience in Water (CLEAR Water),0,Units,CUR,Currency,602,CCYY,A,Normal value,PU,Public
datastructure,WB.DATA360:DS_DATA360(1.2),I,A,Annual,LKA,Sri Lanka,WB_CLEAR_AQUASTAT_4554,SDG 6.4.1. Services Water Use Efficiency (US$/m3),_T,Total,_T,All age ranges or no breakdown by age,_T,Total,USD_M3,US dollars per cubic metre,_Z,Not Applicable,_Z,Not Applicable,_Z,Not Applicable,1997,29.54905653,WB_CLEAR,Climate and Economic Analyses for Resilience in Water (CLEAR Water),0,Units,CUR,Currency,602,CCYY,A,Normal value,PU,Public
datastructure,WB.DATA360:DS_DATA360(1.2),I,A,Annual,SUR,Suriname,WB_CLEAR_AQUASTAT_4554,SDG 6.4.1. Services Water Use Efficiency (US$/m3),_T,Total,_T,All age ranges or no breakdown by age,_T,Total,USD_M3,US dollars per cubic metre,_Z,Not Applicable,_Z,Not Applicable,_Z,Not Applicable,1997,47.87380728,WB_CLEAR,Climate and Economic Analyses for Resilience in Water (CLEAR Water),0,Units,CUR,Currency,602,CCYY,A,Normal value,PU,Public
datastructure,WB.DATA360:DS_DATA360(1.2),I,A,Annual,SWE,Sweden,WB_CLEAR_AQUASTAT_4554,SDG 6.4.1. Services Water Use Efficiency (US$/m3),_T,Total,_T,All age ranges or no breakdown by age,_T,Total,USD_M3,US dollars per cubic metre,_Z,Not Applicable,_Z,Not Applicable,_Z,Not Applicable,1997,189.1578418,WB_CLEAR,Climate and Economic Analyses for Resilience in Water (CLEAR Water),0,Units,CUR,Currency,602,CCYY,A,Normal value,PU,Public
datastructure,WB.DATA360:DS_DATA360(1.2),I,A,Annual,CHE,Switzerland,WB_CLEAR_AQUASTAT_4554,SDG 6.4.1. Services Water Use Efficiency (US$/m3),_T,Total,_T,All age ranges or no breakdown by age,_T,Total,USD_M3,US dollars per cubic metre,_Z,Not Applicable,_Z,Not Applicable,_Z,Not Applicable,1997,319.6859909,WB_CLEAR,Climate and Economic Analyses for Resilience in Water (CLEAR Water),0,Units,CUR,Currency,602,CCYY,A,Normal value,PU,Public
datastructure,WB.DATA360:DS_DATA360(1.2),I,A,Annual,SYR,Syrian Arab Republic,WB_CLEAR_AQUASTAT_4554,SDG 6.4.1. Services Water Use Efficiency (US$/m3),_T,Total,_T,All age ranges or no breakdown by age,_T,Total,USD_M3,US dollars per cubic metre,_Z,Not Applicable,_Z,Not Applicable,_Z,Not Applicable,1997,9.944983077,WB_CLEAR,Climate and Economic Analyses for Resilience in Water (CLEAR Water),0,Units,CUR,Currency,602,CCYY,A,Normal value,PU,Public
datastructure,WB.DATA360:DS_DATA360(1.2),I,A,Annual,TJK,Tajikistan,WB_CLEAR_AQUASTAT_4554,SDG 6.4.1. Services Water Use Efficiency (US$/m3),_T,Total,_T,All age ranges or no breakdown by age,_T,Total,USD_M3,US dollars per cubic metre,_Z,Not Applicable,_Z,Not Applicable,_Z,Not Applicable,1997,1.599382864,WB_CLEAR,Climate and Economic Analyses for Resilience in Water (CLEAR Water),0,Units,CUR,Currency,602,CCYY,A,Normal value,PU,Public
datastructure,WB.DATA360:DS_DATA360(1.2),I,A,Annual,THA,Thailand,WB_CLEAR_AQUASTAT_4554,SDG 6.4.1. Services Water Use Efficiency (US$/m3),_T,Total,_T,All age ranges or no breakdown by age,_T,Total,USD_M3,US dollars per cubic metre,_Z,Not Applicable,_Z,Not Applicable,_Z,Not Applicable,1997,62.24664663,WB_CLEAR,Climate and Economic Analyses for Resilience in Water (CLEAR Water),0,Units,CUR,Currency,602,CCYY,A,Normal value,PU,Public
datastructure,WB.DATA360:DS_DATA360(1.2),I,A,Annual,TGO,Togo,WB_CLEAR_AQUASTAT_4554,SDG 6.4.1. Services Water Use Efficiency (US$/m3),_T,Total,_T,All age ranges or no breakdown by age,_T,Total,USD_M3,US dollars per cubic metre,_Z,Not Applicable,_Z,Not Applicable,_Z,Not Applicable,1997,10.16075577,WB_CLEAR,Climate and Economic Analyses for Resilience in Water (CLEAR Water),0,Units,CUR,Currency,602,CCYY,A,Normal value,PU,Public
datastructure,WB.DATA360:DS_DATA360(1.2),I,A,Annual,TTO,Trinidad and Tobago,WB_CLEAR_AQUASTAT_4554,SDG 6.4.1. Services Water Use Efficiency (US$/m3),_T,Total,_T,All age ranges or no breakdown by age,_T,Total,USD_M3,US dollars per cubic metre,_Z,Not Applicable,_Z,Not Applicable,_Z,Not Applicable,1997,35.75583867,WB_CLEAR,Climate and Economic Analyses for Resilience in Water (CLEAR Water),0,Units,CUR,Currency,602,CCYY,A,Normal value,PU,Public
datastructure,WB.DATA360:DS_DATA360(1.2),I,A,Annual,TUN,Tunisia,WB_CLEAR_AQUASTAT_4554,SDG 6.4.1. Services Water Use Efficiency (US$/m3),_T,Total,_T,All age ranges or no breakdown by age,_T,Total,USD_M3,US dollars per cubic metre,_Z,Not Applicable,_Z,Not Applicable,_Z,Not Applicable,1997,36.9997419,WB_CLEAR,Climate and Economic Analyses for Resilience in Water (CLEAR Water),0,Units,CUR,Currency,602,CCYY,A,Normal value,PU,Public
datastructure,WB.DATA360:DS_DATA360(1.2),I,A,Annual,TUR,Turkiye,WB_CLEAR_AQUASTAT_4554,SDG 6.4.1. Services Water Use Efficiency (US$/m3),_T,Total,_T,All age ranges or no breakdown by age,_T,Total,USD_M3,US dollars per cubic metre,_Z,Not Applicable,_Z,Not Applicable,_Z,Not Applicable,1997,42.45019072,WB_CLEAR,Climate and Economic Analyses for Resilience in Water (CLEAR Water),0,Units,CUR,Currency,602,CCYY,A,Normal value,PU,Public
datastructure,WB.DATA360:DS_DATA360(1.2),I,A,Annual,TKM,Turkmenistan,WB_CLEAR_AQUASTAT_4554,SDG 6.4.1. Services Water Use Efficiency (US$/m3),_T,Total,_T,All age ranges or no breakdown by age,_T,Total,USD_M3,US dollars per cubic metre,_Z,Not Applicable,_Z,Not Applicable,_Z,Not Applicable,1997,4.952931094,WB_CLEAR,Climate and Economic Analyses for Resilience in Water (CLEAR Water),0,Units,CUR,Currency,602,CCYY,A,Normal value,PU,Public
datastructure,WB.DATA360:DS_DATA360(1.2),I,A,Annual,UGA,Uganda,WB_CLEAR_AQUASTAT_4554,SDG 6.4.1. Services Water Use Efficiency (US$/m3),_T,Total,_T,All age ranges or no breakdown by age,_T,Total,USD_M3,US dollars per cubic metre,_Z,Not Applicable,_Z,Not Applicable,_Z,Not Applicable,1997,24.70001792,WB_CLEAR,Climate and Economic Analyses for Resilience in Water (CLEAR Water),0,Units,CUR,Currency,602,CCYY,A,Normal value,PU,Public
datastructure,WB.DATA360:DS_DATA360(1.2),I,A,Annual,UKR,Ukraine,WB_CLEAR_AQUASTAT_4554,SDG 6.4.1. Services Water Use Efficiency (US$/m3),_T,Total,_T,All age ranges or no breakdown by age,_T,Total,USD_M3,US dollars per cubic metre,_Z,Not Applicable,_Z,Not Applicable,_Z,Not Applicable,1997,8.018089555,WB_CLEAR,Climate and Economic Analyses for Resilience in Water (CLEAR Water),0,Units,CUR,Currency,602,CCYY,A,Normal value,PU,Public
datastructure,WB.DATA360:DS_DATA360(1.2),I,A,Annual,ARE,United Arab Emirates,WB_CLEAR_AQUASTAT_4554,SDG 6.4.1. Services Water Use Efficiency (US$/m3),_T,Total,_T,All age ranges or no breakdown by age,_T,Total,USD_M3,US dollars per cubic metre,_Z,Not Applicable,_Z,Not Applicable,_Z,Not Applicable,1997,160.9898765,WB_CLEAR,Climate and Economic Analyses for Resilience in Water (CLEAR Water),0,Units,CUR,Currency,602,CCYY,A,Normal value,PU,Public
datastructure,WB.DATA360:DS_DATA360(1.2),I,A,Annual,GBR,United Kingdom,WB_CLEAR_AQUASTAT_4554,SDG 6.4.1. Services Water Use Efficiency (US$/m3),_T,Total,_T,All age ranges or no breakdown by age,_T,Total,USD_M3,US dollars per cubic metre,_Z,Not Applicable,_Z,Not Applicable,_Z,Not Applicable,1997,191.4764206,WB_CLEAR,Climate and Economic Analyses for Resilience in Water (CLEAR Water),0,Units,CUR,Currency,602,CCYY,A,Normal value,PU,Public
datastructure,WB.DATA360:DS_DATA360(1.2),I,A,Annual,TZA,Tanzania,WB_CLEAR_AQUASTAT_4554,SDG 6.4.1. Services Water Use Efficiency (US$/m3),_T,Total,_T,All age ranges or no breakdown by age,_T,Total,USD_M3,US dollars per cubic metre,_Z,Not Applicable,_Z,Not Applicable,_Z,Not Applicable,1997,17.88729578,WB_CLEAR,Climate and Economic Analyses for Resilience in Water (CLEAR Water),0,Units,CUR,Currency,602,CCYY,A,Normal value,PU,Public
datastructure,WB.DATA360:DS_DATA360(1.2),I,A,Annual,URY,Uruguay,WB_CLEAR_AQUASTAT_4554,SDG 6.4.1. Services Water Use Efficiency (US$/m3),_T,Total,_T,All age ranges or no breakdown by age,_T,Total,USD_M3,US dollars per cubic metre,_Z,Not Applicable,_Z,Not Applicable,_Z,Not Applicable,1997,57.0720491,WB_CLEAR,Climate and Economic Analyses for Resilience in Water (CLEAR Water),0,Units,CUR,Currency,602,CCYY,A,Normal value,PU,Public
datastructure,WB.DATA360:DS_DATA360(1.2),I,A,Annual,UZB,Uzbekistan,WB_CLEAR_AQUASTAT_4554,SDG 6.4.1. Services Water Use Efficiency (US$/m3),_T,Total,_T,All age ranges or no breakdown by age,_T,Total,USD_M3,US dollars per cubic metre,_Z,Not Applicable,_Z,Not Applicable,_Z,Not Applicable,1997,2.763810859,WB_CLEAR,Climate and Economic Analyses for Resilience in Water (CLEAR Water),0,Units,CUR,Currency,602,CCYY,A,Normal value,PU,Public
datastructure,WB.DATA360:DS_DATA360(1.2),I,A,Annual,VEN,"Venezuela, RB",WB_CLEAR_AQUASTAT_4554,SDG 6.4.1. Services Water Use Efficiency (US$/m3),_T,Total,_T,All age ranges or no breakdown by age,_T,Total,USD_M3,US dollars per cubic metre,_Z,Not Applicable,_Z,Not Applicable,_Z,Not Applicable,1997,27.93500892,WB_CLEAR,Climate and Economic Analyses for Resilience in Water (CLEAR Water),0,Units,CUR,Currency,602,CCYY,A,Normal value,PU,Public
datastructure,WB.DATA360:DS_DATA360(1.2),I,A,Annual,VNM,Viet Nam,WB_CLEAR_AQUASTAT_4554,SDG 6.4.1. Services Water Use Efficiency (US$/m3),_T,Total,_T,All age ranges or no breakdown by age,_T,Total,USD_M3,US dollars per cubic metre,_Z,Not Applicable,_Z,Not Applicable,_Z,Not Applicable,1997,29.28639491,WB_CLEAR,Climate and Economic Analyses for Resilience in Water (CLEAR Water),0,Units,CUR,Currency,602,CCYY,A,Normal value,PU,Public
datastructure,WB.DATA360:DS_DATA360(1.2),I,A,Annual,YEM,"Yemen, Rep.",WB_CLEAR_AQUASTAT_4554,SDG 6.4.1. Services Water Use Efficiency (US$/m3),_T,Total,_T,All age ranges or no breakdown by age,_T,Total,USD_M3,US dollars per cubic metre,_Z,Not Applicable,_Z,Not Applicable,_Z,Not Applicable,1997,47.80395259,WB_CLEAR,Climate and Economic Analyses for Resilience in Water (CLEAR Water),0,Units,CUR,Currency,602,CCYY,A,Normal value,PU,Public
datastructure,WB.DATA360:DS_DATA360(1.2),I,A,Annual,ZMB,Zambia,WB_CLEAR_AQUASTAT_4554,SDG 6.4.1. Services Water Use Efficiency (US$/m3),_T,Total,_T,All age ranges or no breakdown by age,_T,Total,USD_M3,US dollars per cubic metre,_Z,Not Applicable,_Z,Not Applicable,_Z,Not Applicable,1997,12.90737467,WB_CLEAR,Climate and Economic Analyses for Resilience in Water (CLEAR Water),0,Units,CUR,Currency,602,CCYY,A,Normal value,PU,Public
datastructure,WB.DATA360:DS_DATA360(1.2),I,A,Annual,ZWE,Zimbabwe,WB_CLEAR_AQUASTAT_4554,SDG 6.4.1. Services Water Use Efficiency (US$/m3),_T,Total,_T,All age ranges or no breakdown by age,_T,Total,USD_M3,US dollars per cubic metre,_Z,Not Applicable,_Z,Not Applicable,_Z,Not Applicable,1997,15.74108208,WB_CLEAR,Climate and Economic Analyses for Resilience in Water (CLEAR Water),0,Units,CUR,Currency,602,CCYY,A,Normal value,PU,Public
datastructure,WB.DATA360:DS_DATA360(1.2),I,A,Annual,USA,United States,WB_CLEAR_AQUASTAT_4554,SDG 6.4.1. Services Water Use Efficiency (US$/m3),_T,Total,_T,All age ranges or no breakdown by age,_T,Total,USD_M3,US dollars per cubic metre,_Z,Not Applicable,_Z,Not Applicable,_Z,Not Applicable,1997,148.3750268,WB_CLEAR,Climate and Economic Analyses for Resilience in Water (CLEAR Water),0,Units,CUR,Currency,602,CCYY,A,Normal value,PU,Public
datastructure,WB.DATA360:DS_DATA360(1.2),I,A,Annual,CMR,Cameroon,WB_CLEAR_AQUASTAT_4554,SDG 6.4.1. Services Water Use Efficiency (US$/m3),_T,Total,_T,All age ranges or no breakdown by age,_T,Total,USD_M3,US dollars per cubic metre,_Z,Not Applicable,_Z,Not Applicable,_Z,Not Applicable,1997,43.2599004,WB_CLEAR,Climate and Economic Analyses for Resilience in Water (CLEAR Water),0,Units,CUR,Currency,602,CCYY,A,Normal value,PU,Public
datastructure,WB.DATA360:DS_DATA360(1.2),I,A,Annual,CAF,Central African Republic,WB_CLEAR_AQUASTAT_4554,SDG 6.4.1. Services Water Use Efficiency (US$/m3),_T,Total,_T,All age ranges or no breakdown by age,_T,Total,USD_M3,US dollars per cubic metre,_Z,Not Applicable,_Z,Not Applicable,_Z,Not Applicable,1997,13.6495061,WB_CLEAR,Climate and Economic Analyses for Resilience in Water (CLEAR Water),0,Units,CUR,Currency,602,CCYY,A,Normal value,PU,Public
datastructure,WB.DATA360:DS_DATA360(1.2),I,A,Annual,TCD,Chad,WB_CLEAR_AQUASTAT_4554,SDG 6.4.1. Services Water Use Efficiency (US$/m3),_T,Total,_T,All age ranges or no breakdown by age,_T,Total,USD_M3,US dollars per cubic metre,_Z,Not Applicable,_Z,Not Applicable,_Z,Not Applicable,1997,25.40652655,WB_CLEAR,Climate and Economic Analyses for Resilience in Water (CLEAR Water),0,Units,CUR,Currency,602,CCYY,A,Normal value,PU,Public
datastructure,WB.DATA360:DS_DATA360(1.2),I,A,Annual,CHN,China,WB_CLEAR_AQUASTAT_4554,SDG 6.4.1. Services Water Use Efficiency (US$/m3),_T,Total,_T,All age ranges or no breakdown by age,_T,Total,USD_M3,US dollars per cubic metre,_Z,Not Applicable,_Z,Not Applicable,_Z,Not Applicable,1997,17.7155529,WB_CLEAR,Climate and Economic Analyses for Resilience in Water (CLEAR Water),0,Units,CUR,Currency,602,CCYY,A,Normal value,PU,Public
datastructure,WB.DATA360:DS_DATA360(1.2),I,A,Annual,COG,"Congo, Rep.",WB_CLEAR_AQUASTAT_4554,SDG 6.4.1. Services Water Use Efficiency (US$/m3),_T,Total,_T,All age ranges or no breakdown by age,_T,Total,USD_M3,US dollars per cubic metre,_Z,Not Applicable,_Z,Not Applicable,_Z,Not Applicable,1997,101.9638574,WB_CLEAR,Climate and Economic Analyses for Resilience in Water (CLEAR Water),0,Units,CUR,Currency,602,CCYY,A,Normal value,PU,Public
datastructure,WB.DATA360:DS_DATA360(1.2),I,A,Annual,CRI,Costa Rica,WB_CLEAR_AQUASTAT_4554,SDG 6.4.1. Services Water Use Efficiency (US$/m3),_T,Total,_T,All age ranges or no breakdown by age,_T,Total,USD_M3,US dollars per cubic metre,_Z,Not Applicable,_Z,Not Applicable,_Z,Not Applicable,1997,18.92041727,WB_CLEAR,Climate and Economic Analyses for Resilience in Water (CLEAR Water),0,Units,CUR,Currency,602,CCYY,A,Normal value,PU,Public
datastructure,WB.DATA360:DS_DATA360(1.2),I,A,Annual,CIV,Cote d'Ivoire,WB_CLEAR_AQUASTAT_4554,SDG 6.4.1. Services Water Use Efficiency (US$/m3),_T,Total,_T,All age ranges or no breakdown by age,_T,Total,USD_M3,US dollars per cubic metre,_Z,Not Applicable,_Z,Not Applicable,_Z,Not Applicable,1997,26.94136975,WB_CLEAR,Climate and Economic Analyses for Resilience in Water (CLEAR Water),0,Units,CUR,Currency,602,CCYY,A,Normal value,PU,Public
datastructure,WB.DATA360:DS_DATA360(1.2),I,A,Annual,HRV,Croatia,WB_CLEAR_AQUASTAT_4554,SDG 6.4.1. Services Water Use Efficiency (US$/m3),_T,Total,_T,All age ranges or no breakdown by age,_T,Total,USD_M3,US dollars per cubic metre,_Z,Not Applicable,_Z,Not Applicable,_Z,Not Applicable,1997,38.63266494,WB_CLEAR,Climate and Economic Analyses for Resilience in Water (CLEAR Water),0,Units,CUR,Currency,602,CCYY,A,Normal value,PU,Public
datastructure,WB.DATA360:DS_DATA360(1.2),I,A,Annual,CUB,Cuba,WB_CLEAR_AQUASTAT_4554,SDG 6.4.1. Services Water Use Efficiency (US$/m3),_T,Total,_T,All age ranges or no breakdown by age,_T,Total,USD_M3,US dollars per cubic metre,_Z,Not Applicable,_Z,Not Applicable,_Z,Not Applicable,1997,15.09183506,WB_CLEAR,Climate and Economic Analyses for Resilience in Water (CLEAR Water),0,Units,CUR,Currency,602,CCYY,A,Normal value,PU,Public
datastructure,WB.DATA360:DS_DATA360(1.2),I,A,Annual,CYP,Cyprus,WB_CLEAR_AQUASTAT_4554,SDG 6.4.1. Services Water Use Efficiency (US$/m3),_T,Total,_T,All age ranges or no breakdown by age,_T,Total,USD_M3,US dollars per cubic metre,_Z,Not Applicable,_Z,Not Applicable,_Z,Not Applicable,1997,192.6319324,WB_CLEAR,Climate and Economic Analyses for Resilience in Water (CLEAR Water),0,Units,CUR,Currency,602,CCYY,A,Normal value,PU,Public
datastructure,WB.DATA360:DS_DATA360(1.2),I,A,Annual,CZE,Czechia,WB_CLEAR_AQUASTAT_4554,SDG 6.4.1. Services Water Use Efficiency (US$/m3),_T,Total,_T,All age ranges or no breakdown by age,_T,Total,USD_M3,US dollars per cubic metre,_Z,Not Applicable,_Z,Not Applicable,_Z,Not Applicable,1997,69.23200092,WB_CLEAR,Climate and Economic Analyses for Resilience in Water (CLEAR Water),0,Units,CUR,Currency,602,CCYY,A,Normal value,PU,Public
datastructure,WB.DATA360:DS_DATA360(1.2),I,A,Annual,COD,"Congo, Dem. Rep.",WB_CLEAR_AQUASTAT_4554,SDG 6.4.1. Services Water Use Efficiency (US$/m3),_T,Total,_T,All age ranges or no breakdown by age,_T,Total,USD_M3,US dollars per cubic metre,_Z,Not Applicable,_Z,Not Applicable,_Z,Not Applicable,1997,17.98482516,WB_CLEAR,Climate and Economic Analyses for Resilience in Water (CLEAR Water),0,Units,CUR,Currency,602,CCYY,A,Normal value,PU,Public
datastructure,WB.DATA360:DS_DATA360(1.2),I,A,Annual,DNK,Denmark,WB_CLEAR_AQUASTAT_4554,SDG 6.4.1. Services Water Use Efficiency (US$/m3),_T,Total,_T,All age ranges or no breakdown by age,_T,Total,USD_M3,US dollars per cubic metre,_Z,Not Applicable,_Z,Not Applicable,_Z,Not Applicable,1997,308.5206279,WB_CLEAR,Climate and Economic Analyses for Resilience in Water (CLEAR Water),0,Units,CUR,Currency,602,CCYY,A,Normal value,PU,Public
datastructure,WB.DATA360:DS_DATA360(1.2),I,A,Annual,DJI,Djibouti,WB_CLEAR_AQUASTAT_4554,SDG 6.4.1. Services Water Use Efficiency (US$/m3),_T,Total,_T,All age ranges or no breakdown by age,_T,Total,USD_M3,US dollars per cubic metre,_Z,Not Applicable,_Z,Not Applicable,_Z,Not Applicable,1997,44.45822017,WB_CLEAR,Climate and Economic Analyses for Resilience in Water (CLEAR Water),0,Units,CUR,Currency,602,CCYY,A,Normal value,PU,Public
datastructure,WB.DATA360:DS_DATA360(1.2),I,A,Annual,EGY,"Egypt, Arab Rep.",WB_CLEAR_AQUASTAT_4554,SDG 6.4.1. Services Water Use Efficiency (US$/m3),_T,Total,_T,All age ranges or no breakdown by age,_T,Total,USD_M3,US dollars per cubic metre,_Z,Not Applicable,_Z,Not Applicable,_Z,Not Applicable,1997,17.29862878,WB_CLEAR,Climate and Economic Analyses for Resilience in Water (CLEAR Water),0,Units,CUR,Currency,602,CCYY,A,Normal value,PU,Public
datastructure,WB.DATA360:DS_DATA360(1.2),I,A,Annual,SLV,El Salvador,WB_CLEAR_AQUASTAT_4554,SDG 6.4.1. Services Water Use Efficiency (US$/m3),_T,Total,_T,All age ranges or no breakdown by age,_T,Total,USD_M3,US dollars per cubic metre,_Z,Not Applicable,_Z,Not Applicable,_Z,Not Applicable,1997,28.52057645,WB_CLEAR,Climate and Economic Analyses for Resilience in Water (CLEAR Water),0,Units,CUR,Currency,602,CCYY,A,Normal value,PU,Public
datastructure,WB.DATA360:DS_DATA360(1.2),I,A,Annual,GNQ,Equatorial Guinea,WB_CLEAR_AQUASTAT_4554,SDG 6.4.1. Services Water Use Efficiency (US$/m3),_T,Total,_T,All age ranges or no breakdown by age,_T,Total,USD_M3,US dollars per cubic metre,_Z,Not Applicable,_Z,Not Applicable,_Z,Not Applicable,1997,26.64692952,WB_CLEAR,Climate and Economic Analyses for Resilience in Water (CLEAR Water),0,Units,CUR,Currency,602,CCYY,A,Normal value,PU,Public
datastructure,WB.DATA360:DS_DATA360(1.2),I,A,Annual,EST,Estonia,WB_CLEAR_AQUASTAT_4554,SDG 6.4.1. Services Water Use Efficiency (US$/m3),_T,Total,_T,All age ranges or no breakdown by age,_T,Total,USD_M3,US dollars per cubic metre,_Z,Not Applicable,_Z,Not Applicable,_Z,Not Applicable,1997,84.88622497,WB_CLEAR,Climate and Economic Analyses for Resilience in Water (CLEAR Water),0,Units,CUR,Currency,602,CCYY,A,Normal value,PU,Public
datastructure,WB.DATA360:DS_DATA360(1.2),I,A,Annual,SWZ,Eswatini,WB_CLEAR_AQUASTAT_4554,SDG 6.4.1. Services Water Use Efficiency (US$/m3),_T,Total,_T,All age ranges or no breakdown by age,_T,Total,USD_M3,US dollars per cubic metre,_Z,Not Applicable,_Z,Not Applicable,_Z,Not Applicable,1997,55.46868788,WB_CLEAR,Climate and Economic Analyses for Resilience in Water (CLEAR Water),0,Units,CUR,Currency,602,CCYY,A,Normal value,PU,Public
datastructure,WB.DATA360:DS_DATA360(1.2),I,A,Annual,FJI,Fiji,WB_CLEAR_AQUASTAT_4554,SDG 6.4.1. Services Water Use Efficiency (US$/m3),_T,Total,_T,All age ranges or no breakdown by age,_T,Total,USD_M3,US dollars per cubic metre,_Z,Not Applicable,_Z,Not Applicable,_Z,Not Applicable,1997,88.51246899,WB_CLEAR,Climate and Economic Analyses for Resilience in Water (CLEAR Water),0,Units,CUR,Currency,602,CCYY,A,Normal value,PU,Public
datastructure,WB.DATA360:DS_DATA360(1.2),I,A,Annual,AFG,Afghanistan,WB_CLEAR_AQUASTAT_4554,SDG 6.4.1. Services Water Use Efficiency (US$/m3),_T,Total,_T,All age ranges or no breakdown by age,_T,Total,USD_M3,US dollars per cubic metre,_Z,Not Applicable,_Z,Not Applicable,_Z,Not Applicable,1997,7.763337772,WB_CLEAR,Climate and Economic Analyses for Resilience in Water (CLEAR Water),0,Units,CUR,Currency,602,CCYY,A,Normal value,PU,Public
datastructure,WB.DATA360:DS_DATA360(1.2),I,A,Annual,ALB,Albania,WB_CLEAR_AQUASTAT_4554,SDG 6.4.1. Services Water Use Efficiency (US$/m3),_T,Total,_T,All age ranges or no breakdown by age,_T,Total,USD_M3,US dollars per cubic metre,_Z,Not Applicable,_Z,Not Applicable,_Z,Not Applicable,1997,5.100692768,WB_CLEAR,Climate and Economic Analyses for Resilience in Water (CLEAR Water),0,Units,CUR,Currency,602,CCYY,A,Normal value,PU,Public
datastructure,WB.DATA360:DS_DATA360(1.2),I,A,Annual,DZA,Algeria,WB_CLEAR_AQUASTAT_4554,SDG 6.4.1. Services Water Use Efficiency (US$/m3),_T,Total,_T,All age ranges or no breakdown by age,_T,Total,USD_M3,US dollars per cubic metre,_Z,Not Applicable,_Z,Not Applicable,_Z,Not Applicable,1997,21.54947131,WB_CLEAR,Climate and Economic Analyses for Resilience in Water (CLEAR Water),0,Units,CUR,Currency,602,CCYY,A,Normal value,PU,Public
datastructure,WB.DATA360:DS_DATA360(1.2),I,A,Annual,AGO,Angola,WB_CLEAR_AQUASTAT_4554,SDG 6.4.1. Services Water Use Efficiency (US$/m3),_T,Total,_T,All age ranges or no breakdown by age,_T,Total,USD_M3,US dollars per cubic metre,_Z,Not Applicable,_Z,Not Applicable,_Z,Not Applicable,1997,49.6903618,WB_CLEAR,Climate and Economic Analyses for Resilience in Water (CLEAR Water),0,Units,CUR,Currency,602,CCYY,A,Normal value,PU,Public
datastructure,WB.DATA360:DS_DATA360(1.2),I,A,Annual,ATG,Antigua and Barbuda,WB_CLEAR_AQUASTAT_4554,SDG 6.4.1. Services Water Use Efficiency (US$/m3),_T,Total,_T,All age ranges or no breakdown by age,_T,Total,USD_M3,US dollars per cubic metre,_Z,Not Applicable,_Z,Not Applicable,_Z,Not Applicable,1997,173.6521765,WB_CLEAR,Climate and Economic Analyses for Resilience in Water (CLEAR Water),0,Units,CUR,Currency,602,CCYY,A,Normal value,PU,Public
datastructure,WB.DATA360:DS_DATA360(1.2),I,A,Annual,ARG,Argentina,WB_CLEAR_AQUASTAT_4554,SDG 6.4.1. Services Water Use Efficiency (US$/m3),_T,Total,_T,All age ranges or no breakdown by age,_T,Total,USD_M3,US dollars per cubic metre,_Z,Not Applicable,_Z,Not Applicable,_Z,Not Applicable,1997,55.78838616,WB_CLEAR,Climate and Economic Analyses for Resilience in Water (CLEAR Water),0,Units,CUR,Currency,602,CCYY,A,Normal value,PU,Public
datastructure,WB.DATA360:DS_DATA360(1.2),I,A,Annual,ARM,Armenia,WB_CLEAR_AQUASTAT_4554,SDG 6.4.1. Services Water Use Efficiency (US$/m3),_T,Total,_T,All age ranges or no breakdown by age,_T,Total,USD_M3,US dollars per cubic metre,_Z,Not Applicable,_Z,Not Applicable,_Z,Not Applicable,1997,1.698254518,WB_CLEAR,Climate and Economic Analyses for Resilience in Water (CLEAR Water),0,Units,CUR,Currency,602,CCYY,A,Normal value,PU,Public
datastructure,WB.DATA360:DS_DATA360(1.2),I,A,Annual,AUT,Austria,WB_CLEAR_AQUASTAT_4554,SDG 6.4.1. Services Water Use Efficiency (US$/m3),_T,Total,_T,All age ranges or no breakdown by age,_T,Total,USD_M3,US dollars per cubic metre,_Z,Not Applicable,_Z,Not Applicable,_Z,Not Applicable,1997,252.8366463,WB_CLEAR,Climate and Economic Analyses for Resilience in Water (CLEAR Water),0,Units,CUR,Currency,602,CCYY,A,Normal value,PU,Public
datastructure,WB.DATA360:DS_DATA360(1.2),I,A,Annual,CHL,Chile,WB_CLEAR_AQUASTAT_4554,SDG 6.4.1. Services Water Use Efficiency (US$/m3),_T,Total,_T,All age ranges or no breakdown by age,_T,Total,USD_M3,US dollars per cubic metre,_Z,Not Applicable,_Z,Not Applicable,_Z,Not Applicable,2002,67.71917022,WB_CLEAR,Climate and Economic Analyses for Resilience in Water (CLEAR Water),0,Units,CUR,Currency,602,CCYY,A,Normal value,PU,Public
datastructure,WB.DATA360:DS_DATA360(1.2),I,A,Annual,CAN,Canada,WB_CLEAR_AQUASTAT_4554,SDG 6.4.1. Services Water Use Efficiency (US$/m3),_T,Total,_T,All age ranges or no breakdown by age,_T,Total,USD_M3,US dollars per cubic metre,_Z,Not Applicable,_Z,Not Applicable,_Z,Not Applicable,2002,142.3639906,WB_CLEAR,Climate and Economic Analyses for Resilience in Water (CLEAR Water),0,Units,CUR,Currency,602,CCYY,A,Normal value,PU,Public
datastructure,WB.DATA360:DS_DATA360(1.2),I,A,Annual,DEU,Germany,WB_CLEAR_AQUASTAT_4554,SDG 6.4.1. Services Water Use Efficiency (US$/m3),_T,Total,_T,All age ranges or no breakdown by age,_T,Total,USD_M3,US dollars per cubic metre,_Z,Not Applicable,_Z,Not Applicable,_Z,Not Applicable,2002,169.3459805,WB_CLEAR,Climate and Economic Analyses for Resilience in Water (CLEAR Water),0,Units,CUR,Currency,602,CCYY,A,Normal value,PU,Public
datastructure,WB.DATA360:DS_DATA360(1.2),I,A,Annual,AZE,Azerbaijan,WB_CLEAR_AQUASTAT_4554,SDG 6.4.1. Services Water Use Efficiency (US$/m3),_T,Total,_T,All age ranges or no breakdown by age,_T,Total,USD_M3,US dollars per cubic metre,_Z,Not Applicable,_Z,Not Applicable,_Z,Not Applicable,2002,6.039115374,WB_CLEAR,Climate and Economic Analyses for Resilience in Water (CLEAR Water),0,Units,CUR,Currency,602,CCYY,A,Normal value,PU,Public
datastructure,WB.DATA360:DS_DATA360(1.2),I,A,Annual,BHS,"Bahamas, The",WB_CLEAR_AQUASTAT_4554,SDG 6.4.1. Services Water Use Efficiency (US$/m3),_T,Total,_T,All age ranges or no breakdown by age,_T,Total,USD_M3,US dollars per cubic metre,_Z,Not Applicable,_Z,Not Applicable,_Z,Not Applicable,2002,363.7069863,WB_CLEAR,Climate and Economic Analyses for Resilience in Water (CLEAR Water),0,Units,CUR,Currency,602,CCYY,A,Normal value,PU,Public
datastructure,WB.DATA360:DS_DATA360(1.2),I,A,Annual,BHR,Bahrain,WB_CLEAR_AQUASTAT_4554,SDG 6.4.1. Services Water Use Efficiency (US$/m3),_T,Total,_T,All age ranges or no breakdown by age,_T,Total,USD_M3,US dollars per cubic metre,_Z,Not Applicable,_Z,Not Applicable,_Z,Not Applicable,2002,57.83925904,WB_CLEAR,Climate and Economic Analyses for Resilience in Water (CLEAR Water),0,Units,CUR,Currency,602,CCYY,A,Normal value,PU,Public
datastructure,WB.DATA360:DS_DATA360(1.2),I,A,Annual,BGD,Bangladesh,WB_CLEAR_AQUASTAT_4554,SDG 6.4.1. Services Water Use Efficiency (US$/m3),_T,Total,_T,All age ranges or no breakdown by age,_T,Total,USD_M3,US dollars per cubic metre,_Z,Not Applicable,_Z,Not Applicable,_Z,Not Applicable,2002,15.28354642,WB_CLEAR,Climate and Economic Analyses for Resilience in Water (CLEAR Water),0,Units,CUR,Currency,602,CCYY,A,Normal value,PU,Public
datastructure,WB.DATA360:DS_DATA360(1.2),I,A,Annual,BRB,Barbados,WB_CLEAR_AQUASTAT_4554,SDG 6.4.1. Services Water Use Efficiency (US$/m3),_T,Total,_T,All age ranges or no breakdown by age,_T,Total,USD_M3,US dollars per cubic metre,_Z,Not Applicable,_Z,Not Applicable,_Z,Not Applicable,2002,161.6385462,WB_CLEAR,Climate and Economic Analyses for Resilience in Water (CLEAR Water),0,Units,CUR,Currency,602,CCYY,A,Normal value,PU,Public
datastructure,WB.DATA360:DS_DATA360(1.2),I,A,Annual,BLR,Belarus,WB_CLEAR_AQUASTAT_4554,SDG 6.4.1. Services Water Use Efficiency (US$/m3),_T,Total,_T,All age ranges or no breakdown by age,_T,Total,USD_M3,US dollars per cubic metre,_Z,Not Applicable,_Z,Not Applicable,_Z,Not Applicable,2002,16.05518008,WB_CLEAR,Climate and Economic Analyses for Resilience in Water (CLEAR Water),0,Units,CUR,Currency,602,CCYY,A,Normal value,PU,Public
datastructure,WB.DATA360:DS_DATA360(1.2),I,A,Annual,BEL,Belgium,WB_CLEAR_AQUASTAT_4554,SDG 6.4.1. Services Water Use Efficiency (US$/m3),_T,Total,_T,All age ranges or no breakdown by age,_T,Total,USD_M3,US dollars per cubic metre,_Z,Not Applicable,_Z,Not Applicable,_Z,Not Applicable,2002,343.0963621,WB_CLEAR,Climate and Economic Analyses for Resilience in Water (CLEAR Water),0,Units,CUR,Currency,602,CCYY,A,Normal value,PU,Public
datastructure,WB.DATA360:DS_DATA360(1.2),I,A,Annual,BLZ,Belize,WB_CLEAR_AQUASTAT_4554,SDG 6.4.1. Services Water Use Efficiency (US$/m3),_T,Total,_T,All age ranges or no breakdown by age,_T,Total,USD_M3,US dollars per cubic metre,_Z,Not Applicable,_Z,Not Applicable,_Z,Not Applicable,2002,64.65076504,WB_CLEAR,Climate and Economic Analyses for Resilience in Water (CLEAR Water),0,Units,CUR,Currency,602,CCYY,A,Normal value,PU,Public
datastructure,WB.DATA360:DS_DATA360(1.2),I,A,Annual,BEN,Benin,WB_CLEAR_AQUASTAT_4554,SDG 6.4.1. Services Water Use Efficiency (US$/m3),_T,Total,_T,All age ranges or no breakdown by age,_T,Total,USD_M3,US dollars per cubic metre,_Z,Not Applicable,_Z,Not Applicable,_Z,Not Applicable,2002,37.00981554,WB_CLEAR,Climate and Economic Analyses for Resilience in Water (CLEAR Water),0,Units,CUR,Currency,602,CCYY,A,Normal value,PU,Public
datastructure,WB.DATA360:DS_DATA360(1.2),I,A,Annual,BTN,Bhutan,WB_CLEAR_AQUASTAT_4554,SDG 6.4.1. Services Water Use Efficiency (US$/m3),_T,Total,_T,All age ranges or no breakdown by age,_T,Total,USD_M3,US dollars per cubic metre,_Z,Not Applicable,_Z,Not Applicable,_Z,Not Applicable,2002,25.24532224,WB_CLEAR,Climate and Economic Analyses for Resilience in Water (CLEAR Water),0,Units,CUR,Currency,602,CCYY,A,Normal value,PU,Public
datastructure,WB.DATA360:DS_DATA360(1.2),I,A,Annual,FIN,Finland,WB_CLEAR_AQUASTAT_4554,SDG 6.4.1. Services Water Use Efficiency (US$/m3),_T,Total,_T,All age ranges or no breakdown by age,_T,Total,USD_M3,US dollars per cubic metre,_Z,Not Applicable,_Z,Not Applicable,_Z,Not Applicable,2002,288.8077469,WB_CLEAR,Climate and Economic Analyses for Resilience in Water (CLEAR Water),0,Units,CUR,Currency,602,CCYY,A,Normal value,PU,Public
datastructure,WB.DATA360:DS_DATA360(1.2),I,A,Annual,FRA,France,WB_CLEAR_AQUASTAT_4554,SDG 6.4.1. Services Water Use Efficiency (US$/m3),_T,Total,_T,All age ranges or no breakdown by age,_T,Total,USD_M3,US dollars per cubic metre,_Z,Not Applicable,_Z,Not Applicable,_Z,Not Applicable,2002,246.9980354,WB_CLEAR,Climate and Economic Analyses for Resilience in Water (CLEAR Water),0,Units,CUR,Currency,602,CCYY,A,Normal value,PU,Public
datastructure,WB.DATA360:DS_DATA360(1.2),I,A,Annual,GAB,Gabon,WB_CLEAR_AQUASTAT_4554,SDG 6.4.1. Services Water Use Efficiency (US$/m3),_T,Total,_T,All age ranges or no breakdown by age,_T,Total,USD_M3,US dollars per cubic metre,_Z,Not Applicable,_Z,Not Applicable,_Z,Not Applicable,2002,52.68336513,WB_CLEAR,Climate and Economic Analyses for Resilience in Water (CLEAR Water),0,Units,CUR,Currency,602,CCYY,A,Normal value,PU,Public
datastructure,WB.DATA360:DS_DATA360(1.2),I,A,Annual,GMB,"Gambia, The",WB_CLEAR_AQUASTAT_4554,SDG 6.4.1. Services Water Use Efficiency (US$/m3),_T,Total,_T,All age ranges or no breakdown by age,_T,Total,USD_M3,US dollars per cubic metre,_Z,Not Applicable,_Z,Not Applicable,_Z,Not Applicable,2002,17.33523556,WB_CLEAR,Climate and Economic Analyses for Resilience in Water (CLEAR Water),0,Units,CUR,Currency,602,CCYY,A,Normal value,PU,Public
datastructure,WB.DATA360:DS_DATA360(1.2),I,A,Annual,GEO,Georgia,WB_CLEAR_AQUASTAT_4554,SDG 6.4.1. Services Water Use Efficiency (US$/m3),_T,Total,_T,All age ranges or no breakdown by age,_T,Total,USD_M3,US dollars per cubic metre,_Z,Not Applicable,_Z,Not Applicable,_Z,Not Applicable,2002,12.44994802,WB_CLEAR,Climate and Economic Analyses for Resilience in Water (CLEAR Water),0,Units,CUR,Currency,602,CCYY,A,Normal value,PU,Public
datastructure,WB.DATA360:DS_DATA360(1.2),I,A,Annual,GHA,Ghana,WB_CLEAR_AQUASTAT_4554,SDG 6.4.1. Services Water Use Efficiency (US$/m3),_T,Total,_T,All age ranges or no breakdown by age,_T,Total,USD_M3,US dollars per cubic metre,_Z,Not Applicable,_Z,Not Applicable,_Z,Not Applicable,2002,36.94450835,WB_CLEAR,Climate and Economic Analyses for Resilience in Water (CLEAR Water),0,Units,CUR,Currency,602,CCYY,A,Normal value,PU,Public
datastructure,WB.DATA360:DS_DATA360(1.2),I,A,Annual,GRC,Greece,WB_CLEAR_AQUASTAT_4554,SDG 6.4.1. Services Water Use Efficiency (US$/m3),_T,Total,_T,All age ranges or no breakdown by age,_T,Total,USD_M3,US dollars per cubic metre,_Z,Not Applicable,_Z,Not Applicable,_Z,Not Applicable,2002,170.4341097,WB_CLEAR,Climate and Economic Analyses for Resilience in Water (CLEAR Water),0,Units,CUR,Currency,602,CCYY,A,Normal value,PU,Public
datastructure,WB.DATA360:DS_DATA360(1.2),I,A,Annual,GTM,Guatemala,WB_CLEAR_AQUASTAT_4554,SDG 6.4.1. Services Water Use Efficiency (US$/m3),_T,Total,_T,All age ranges or no breakdown by age,_T,Total,USD_M3,US dollars per cubic metre,_Z,Not Applicable,_Z,Not Applicable,_Z,Not Applicable,2002,39.70215978,WB_CLEAR,Climate and Economic Analyses for Resilience in Water (CLEAR Water),0,Units,CUR,Currency,602,CCYY,A,Normal value,PU,Public
datastructure,WB.DATA360:DS_DATA360(1.2),I,A,Annual,GIN,Guinea,WB_CLEAR_AQUASTAT_4554,SDG 6.4.1. Services Water Use Efficiency (US$/m3),_T,Total,_T,All age ranges or no breakdown by age,_T,Total,USD_M3,US dollars per cubic metre,_Z,Not Applicable,_Z,Not Applicable,_Z,Not Applicable,2002,10.77804487,WB_CLEAR,Climate and Economic Analyses for Resilience in Water (CLEAR Water),0,Units,CUR,Currency,602,CCYY,A,Normal value,PU,Public
datastructure,WB.DATA360:DS_DATA360(1.2),I,A,Annual,GNB,Guinea-Bissau,WB_CLEAR_AQUASTAT_4554,SDG 6.4.1. Services Water Use Efficiency (US$/m3),_T,Total,_T,All age ranges or no breakdown by age,_T,Total,USD_M3,US dollars per cubic metre,_Z,Not Applicable,_Z,Not Applicable,_Z,Not Applicable,2002,9.866455353,WB_CLEAR,Climate and Economic Analyses for Resilience in Water (CLEAR Water),0,Units,CUR,Currency,602,CCYY,A,Normal value,PU,Public
datastructure,WB.DATA360:DS_DATA360(1.2),I,A,Annual,GUY,Guyana,WB_CLEAR_AQUASTAT_4554,SDG 6.4.1. Services Water Use Efficiency (US$/m3),_T,Total,_T,All age ranges or no breakdown by age,_T,Total,USD_M3,US dollars per cubic metre,_Z,Not Applicable,_Z,Not Applicable,_Z,Not Applicable,2002,16.64782686,WB_CLEAR,Climate and Economic Analyses for Resilience in Water (CLEAR Water),0,Units,CUR,Currency,602,CCYY,A,Normal value,PU,Public
datastructure,WB.DATA360:DS_DATA360(1.2),I,A,Annual,HTI,Haiti,WB_CLEAR_AQUASTAT_4554,SDG 6.4.1. Services Water Use Efficiency (US$/m3),_T,Total,_T,All age ranges or no breakdown by age,_T,Total,USD_M3,US dollars per cubic metre,_Z,Not Applicable,_Z,Not Applicable,_Z,Not Applicable,2002,20.47028119,WB_CLEAR,Climate and Economic Analyses for Resilience in Water (CLEAR Water),0,Units,CUR,Currency,602,CCYY,A,Normal value,PU,Public
datastructure,WB.DATA360:DS_DATA360(1.2),I,A,Annual,HND,Honduras,WB_CLEAR_AQUASTAT_4554,SDG 6.4.1. Services Water Use Efficiency (US$/m3),_T,Total,_T,All age ranges or no breakdown by age,_T,Total,USD_M3,US dollars per cubic metre,_Z,Not Applicable,_Z,Not Applicable,_Z,Not Applicable,2002,24.35730262,WB_CLEAR,Climate and Economic Analyses for Resilience in Water (CLEAR Water),0,Units,CUR,Currency,602,CCYY,A,Normal value,PU,Public
datastructure,WB.DATA360:DS_DATA360(1.2),I,A,Annual,HUN,Hungary,WB_CLEAR_AQUASTAT_4554,SDG 6.4.1. Services Water Use Efficiency (US$/m3),_T,Total,_T,All age ranges or no breakdown by age,_T,Total,USD_M3,US dollars per cubic metre,_Z,Not Applicable,_Z,Not Applicable,_Z,Not Applicable,2002,70.45863768,WB_CLEAR,Climate and Economic Analyses for Resilience in Water (CLEAR Water),0,Units,CUR,Currency,602,CCYY,A,Normal value,PU,Public
datastructure,WB.DATA360:DS_DATA360(1.2),I,A,Annual,ISL,Iceland,WB_CLEAR_AQUASTAT_4554,SDG 6.4.1. Services Water Use Efficiency (US$/m3),_T,Total,_T,All age ranges or no breakdown by age,_T,Total,USD_M3,US dollars per cubic metre,_Z,Not Applicable,_Z,Not Applicable,_Z,Not Applicable,2002,91.57212295,WB_CLEAR,Climate and Economic Analyses for Resilience in Water (CLEAR Water),0,Units,CUR,Currency,602,CCYY,A,Normal value,PU,Public
datastructure,WB.DATA360:DS_DATA360(1.2),I,A,Annual,IND,India,WB_CLEAR_AQUASTAT_4554,SDG 6.4.1. Services Water Use Efficiency (US$/m3),_T,Total,_T,All age ranges or no breakdown by age,_T,Total,USD_M3,US dollars per cubic metre,_Z,Not Applicable,_Z,Not Applicable,_Z,Not Applicable,2002,9.00833283,WB_CLEAR,Climate and Economic Analyses for Resilience in Water (CLEAR Water),0,Units,CUR,Currency,602,CCYY,A,Normal value,PU,Public
datastructure,WB.DATA360:DS_DATA360(1.2),I,A,Annual,IDN,Indonesia,WB_CLEAR_AQUASTAT_4554,SDG 6.4.1. Services Water Use Efficiency (US$/m3),_T,Total,_T,All age ranges or no breakdown by age,_T,Total,USD_M3,US dollars per cubic metre,_Z,Not Applicable,_Z,Not Applicable,_Z,Not Applicable,2002,14.4288306,WB_CLEAR,Climate and Economic Analyses for Resilience in Water (CLEAR Water),0,Units,CUR,Currency,602,CCYY,A,Normal value,PU,Public
datastructure,WB.DATA360:DS_DATA360(1.2),I,A,Annual,IRN,"Iran, Islamic Rep.",WB_CLEAR_AQUASTAT_4554,SDG 6.4.1. Services Water Use Efficiency (US$/m3),_T,Total,_T,All age ranges or no breakdown by age,_T,Total,USD_M3,US dollars per cubic metre,_Z,Not Applicable,_Z,Not Applicable,_Z,Not Applicable,2002,26.05623654,WB_CLEAR,Climate and Economic Analyses for Resilience in Water (CLEAR Water),0,Units,CUR,Currency,602,CCYY,A,Normal value,PU,Public
datastructure,WB.DATA360:DS_DATA360(1.2),I,A,Annual,IRQ,Iraq,WB_CLEAR_AQUASTAT_4554,SDG 6.4.1. Services Water Use Efficiency (US$/m3),_T,Total,_T,All age ranges or no breakdown by age,_T,Total,USD_M3,US dollars per cubic metre,_Z,Not Applicable,_Z,Not Applicable,_Z,Not Applicable,2002,3.585734536,WB_CLEAR,Climate and Economic Analyses for Resilience in Water (CLEAR Water),0,Units,CUR,Currency,602,CCYY,A,Normal value,PU,Public
datastructure,WB.DATA360:DS_DATA360(1.2),I,A,Annual,IRL,Ireland,WB_CLEAR_AQUASTAT_4554,SDG 6.4.1. Services Water Use Efficiency (US$/m3),_T,Total,_T,All age ranges or no breakdown by age,_T,Total,USD_M3,US dollars per cubic metre,_Z,Not Applicable,_Z,Not Applicable,_Z,Not Applicable,2002,162.5376513,WB_CLEAR,Climate and Economic Analyses for Resilience in Water (CLEAR Water),0,Units,CUR,Currency,602,CCYY,A,Normal value,PU,Public
datastructure,WB.DATA360:DS_DATA360(1.2),I,A,Annual,ISR,Israel,WB_CLEAR_AQUASTAT_4554,SDG 6.4.1. Services Water Use Efficiency (US$/m3),_T,Total,_T,All age ranges or no breakdown by age,_T,Total,USD_M3,US dollars per cubic metre,_Z,Not Applicable,_Z,Not Applicable,_Z,Not Applicable,2002,182.6158542,WB_CLEAR,Climate and Economic Analyses for Resilience in Water (CLEAR Water),0,Units,CUR,Currency,602,CCYY,A,Normal value,PU,Public
datastructure,WB.DATA360:DS_DATA360(1.2),I,A,Annual,ITA,Italy,WB_CLEAR_AQUASTAT_4554,SDG 6.4.1. Services Water Use Efficiency (US$/m3),_T,Total,_T,All age ranges or no breakdown by age,_T,Total,USD_M3,US dollars per cubic metre,_Z,Not Applicable,_Z,Not Applicable,_Z,Not Applicable,2002,137.1283065,WB_CLEAR,Climate and Economic Analyses for Resilience in Water (CLEAR Water),0,Units,CUR,Currency,602,CCYY,A,Normal value,PU,Public
datastructure,WB.DATA360:DS_DATA360(1.2),I,A,Annual,JAM,Jamaica,WB_CLEAR_AQUASTAT_4554,SDG 6.4.1. Services Water Use Efficiency (US$/m3),_T,Total,_T,All age ranges or no breakdown by age,_T,Total,USD_M3,US dollars per cubic metre,_Z,Not Applicable,_Z,Not Applicable,_Z,Not Applicable,2002,35.39185993,WB_CLEAR,Climate and Economic Analyses for Resilience in Water (CLEAR Water),0,Units,CUR,Currency,602,CCYY,A,Normal value,PU,Public
datastructure,WB.DATA360:DS_DATA360(1.2),I,A,Annual,JPN,Japan,WB_CLEAR_AQUASTAT_4554,SDG 6.4.1. Services Water Use Efficiency (US$/m3),_T,Total,_T,All age ranges or no breakdown by age,_T,Total,USD_M3,US dollars per cubic metre,_Z,Not Applicable,_Z,Not Applicable,_Z,Not Applicable,2002,172.6830526,WB_CLEAR,Climate and Economic Analyses for Resilience in Water (CLEAR Water),0,Units,CUR,Currency,602,CCYY,A,Normal value,PU,Public
datastructure,WB.DATA360:DS_DATA360(1.2),I,A,Annual,JOR,Jordan,WB_CLEAR_AQUASTAT_4554,SDG 6.4.1. Services Water Use Efficiency (US$/m3),_T,Total,_T,All age ranges or no breakdown by age,_T,Total,USD_M3,US dollars per cubic metre,_Z,Not Applicable,_Z,Not Applicable,_Z,Not Applicable,2002,53.75772578,WB_CLEAR,Climate and Economic Analyses for Resilience in Water (CLEAR Water),0,Units,CUR,Currency,602,CCYY,A,Normal value,PU,Public
datastructure,WB.DATA360:DS_DATA360(1.2),I,A,Annual,KAZ,Kazakhstan,WB_CLEAR_AQUASTAT_4554,SDG 6.4.1. Services Water Use Efficiency (US$/m3),_T,Total,_T,All age ranges or no breakdown by age,_T,Total,USD_M3,US dollars per cubic metre,_Z,Not Applicable,_Z,Not Applicable,_Z,Not Applicable,2002,19.24780153,WB_CLEAR,Climate and Economic Analyses for Resilience in Water (CLEAR Water),0,Units,CUR,Currency,602,CCYY,A,Normal value,PU,Public
datastructure,WB.DATA360:DS_DATA360(1.2),I,A,Annual,KEN,Kenya,WB_CLEAR_AQUASTAT_4554,SDG 6.4.1. Services Water Use Efficiency (US$/m3),_T,Total,_T,All age ranges or no breakdown by age,_T,Total,USD_M3,US dollars per cubic metre,_Z,Not Applicable,_Z,Not Applicable,_Z,Not Applicable,2002,37.33266434,WB_CLEAR,Climate and Economic Analyses for Resilience in Water (CLEAR Water),0,Units,CUR,Currency,602,CCYY,A,Normal value,PU,Public
datastructure,WB.DATA360:DS_DATA360(1.2),I,A,Annual,KWT,Kuwait,WB_CLEAR_AQUASTAT_4554,SDG 6.4.1. Services Water Use Efficiency (US$/m3),_T,Total,_T,All age ranges or no breakdown by age,_T,Total,USD_M3,US dollars per cubic metre,_Z,Not Applicable,_Z,Not Applicable,_Z,Not Applicable,2002,86.51039203,WB_CLEAR,Climate and Economic Analyses for Resilience in Water (CLEAR Water),0,Units,CUR,Currency,602,CCYY,A,Normal value,PU,Public
datastructure,WB.DATA360:DS_DATA360(1.2),I,A,Annual,KGZ,Kyrgyz Republic,WB_CLEAR_AQUASTAT_4554,SDG 6.4.1. Services Water Use Efficiency (US$/m3),_T,Total,_T,All age ranges or no breakdown by age,_T,Total,USD_M3,US dollars per cubic metre,_Z,Not Applicable,_Z,Not Applicable,_Z,Not Applicable,2002,5.266070417,WB_CLEAR,Climate and Economic Analyses for Resilience in Water (CLEAR Water),0,Units,CUR,Currency,602,CCYY,A,Normal value,PU,Public
datastructure,WB.DATA360:DS_DATA360(1.2),I,A,Annual,LAO,Lao PDR,WB_CLEAR_AQUASTAT_4554,SDG 6.4.1. Services Water Use Efficiency (US$/m3),_T,Total,_T,All age ranges or no breakdown by age,_T,Total,USD_M3,US dollars per cubic metre,_Z,Not Applicable,_Z,Not Applicable,_Z,Not Applicable,2002,21.29989152,WB_CLEAR,Climate and Economic Analyses for Resilience in Water (CLEAR Water),0,Units,CUR,Currency,602,CCYY,A,Normal value,PU,Public
datastructure,WB.DATA360:DS_DATA360(1.2),I,A,Annual,LBN,Lebanon,WB_CLEAR_AQUASTAT_4554,SDG 6.4.1. Services Water Use Efficiency (US$/m3),_T,Total,_T,All age ranges or no breakdown by age,_T,Total,USD_M3,US dollars per cubic metre,_Z,Not Applicable,_Z,Not Applicable,_Z,Not Applicable,2002,55.76514987,WB_CLEAR,Climate and Economic Analyses for Resilience in Water (CLEAR Water),0,Units,CUR,Currency,602,CCYY,A,Normal value,PU,Public
datastructure,WB.DATA360:DS_DATA360(1.2),I,A,Annual,LSO,Lesotho,WB_CLEAR_AQUASTAT_4554,SDG 6.4.1. Services Water Use Efficiency (US$/m3),_T,Total,_T,All age ranges or no breakdown by age,_T,Total,USD_M3,US dollars per cubic metre,_Z,Not Applicable,_Z,Not Applicable,_Z,Not Applicable,2002,40.98290327,WB_CLEAR,Climate and Economic Analyses for Resilience in Water (CLEAR Water),0,Units,CUR,Currency,602,CCYY,A,Normal value,PU,Public
datastructure,WB.DATA360:DS_DATA360(1.2),I,A,Annual,LBR,Liberia,WB_CLEAR_AQUASTAT_4554,SDG 6.4.1. Services Water Use Efficiency (US$/m3),_T,Total,_T,All age ranges or no breakdown by age,_T,Total,USD_M3,US dollars per cubic metre,_Z,Not Applicable,_Z,Not Applicable,_Z,Not Applicable,2002,2.795195044,WB_CLEAR,Climate and Economic Analyses for Resilience in Water (CLEAR Water),0,Units,CUR,Currency,602,CCYY,A,Normal value,PU,Public
datastructure,WB.DATA360:DS_DATA360(1.2),I,A,Annual,LBY,Libya,WB_CLEAR_AQUASTAT_4554,SDG 6.4.1. Services Water Use Efficiency (US$/m3),_T,Total,_T,All age ranges or no breakdown by age,_T,Total,USD_M3,US dollars per cubic metre,_Z,Not Applicable,_Z,Not Applicable,_Z,Not Applicable,2002,58.27959782,WB_CLEAR,Climate and Economic Analyses for Resilience in Water (CLEAR Water),0,Units,CUR,Currency,602,CCYY,A,Normal value,PU,Public
datastructure,WB.DATA360:DS_DATA360(1.2),I,A,Annual,LTU,Lithuania,WB_CLEAR_AQUASTAT_4554,SDG 6.4.1. Services Water Use Efficiency (US$/m3),_T,Total,_T,All age ranges or no breakdown by age,_T,Total,USD_M3,US dollars per cubic metre,_Z,Not Applicable,_Z,Not Applicable,_Z,Not Applicable,2002,95.29014225,WB_CLEAR,Climate and Economic Analyses for Resilience in Water (CLEAR Water),0,Units,CUR,Currency,602,CCYY,A,Normal value,PU,Public
datastructure,WB.DATA360:DS_DATA360(1.2),I,A,Annual,LUX,Luxembourg,WB_CLEAR_AQUASTAT_4554,SDG 6.4.1. Services Water Use Efficiency (US$/m3),_T,Total,_T,All age ranges or no breakdown by age,_T,Total,USD_M3,US dollars per cubic metre,_Z,Not Applicable,_Z,Not Applicable,_Z,Not Applicable,2002,676.1630947,WB_CLEAR,Climate and Economic Analyses for Resilience in Water (CLEAR Water),0,Units,CUR,Currency,602,CCYY,A,Normal value,PU,Public
datastructure,WB.DATA360:DS_DATA360(1.2),I,A,Annual,MDG,Madagascar,WB_CLEAR_AQUASTAT_4554,SDG 6.4.1. Services Water Use Efficiency (US$/m3),_T,Total,_T,All age ranges or no breakdown by age,_T,Total,USD_M3,US dollars per cubic metre,_Z,Not Applicable,_Z,Not Applicable,_Z,Not Applicable,2002,13.31134396,WB_CLEAR,Climate and Economic Analyses for Resilience in Water (CLEAR Water),0,Units,CUR,Currency,602,CCYY,A,Normal value,PU,Public
datastructure,WB.DATA360:DS_DATA360(1.2),I,A,Annual,MWI,Malawi,WB_CLEAR_AQUASTAT_4554,SDG 6.4.1. Services Water Use Efficiency (US$/m3),_T,Total,_T,All age ranges or no breakdown by age,_T,Total,USD_M3,US dollars per cubic metre,_Z,Not Applicable,_Z,Not Applicable,_Z,Not Applicable,2002,10.06654477,WB_CLEAR,Climate and Economic Analyses for Resilience in Water (CLEAR Water),0,Units,CUR,Currency,602,CCYY,A,Normal value,PU,Public
datastructure,WB.DATA360:DS_DATA360(1.2),I,A,Annual,MYS,Malaysia,WB_CLEAR_AQUASTAT_4554,SDG 6.4.1. Services Water Use Efficiency (US$/m3),_T,Total,_T,All age ranges or no breakdown by age,_T,Total,USD_M3,US dollars per cubic metre,_Z,Not Applicable,_Z,Not Applicable,_Z,Not Applicable,2002,60.65234715,WB_CLEAR,Climate and Economic Analyses for Resilience in Water (CLEAR Water),0,Units,CUR,Currency,602,CCYY,A,Normal value,PU,Public
datastructure,WB.DATA360:DS_DATA360(1.2),I,A,Annual,MDV,Maldives,WB_CLEAR_AQUASTAT_4554,SDG 6.4.1. Services Water Use Efficiency (US$/m3),_T,Total,_T,All age ranges or no breakdown by age,_T,Total,USD_M3,US dollars per cubic metre,_Z,Not Applicable,_Z,Not Applicable,_Z,Not Applicable,2002,249.9060203,WB_CLEAR,Climate and Economic Analyses for Resilience in Water (CLEAR Water),0,Units,CUR,Currency,602,CCYY,A,Normal value,PU,Public
datastructure,WB.DATA360:DS_DATA360(1.2),I,A,Annual,MLI,Mali,WB_CLEAR_AQUASTAT_4554,SDG 6.4.1. Services Water Use Efficiency (US$/m3),_T,Total,_T,All age ranges or no breakdown by age,_T,Total,USD_M3,US dollars per cubic metre,_Z,Not Applicable,_Z,Not Applicable,_Z,Not Applicable,2002,19.07280489,WB_CLEAR,Climate and Economic Analyses for Resilience in Water (CLEAR Water),0,Units,CUR,Currency,602,CCYY,A,Normal value,PU,Public
datastructure,WB.DATA360:DS_DATA360(1.2),I,A,Annual,MLT,Malta,WB_CLEAR_AQUASTAT_4554,SDG 6.4.1. Services Water Use Efficiency (US$/m3),_T,Total,_T,All age ranges or no breakdown by age,_T,Total,USD_M3,US dollars per cubic metre,_Z,Not Applicable,_Z,Not Applicable,_Z,Not Applicable,2002,126.3395607,WB_CLEAR,Climate and Economic Analyses for Resilience in Water (CLEAR Water),0,Units,CUR,Currency,602,CCYY,A,Normal value,PU,Public
datastructure,WB.DATA360:DS_DATA360(1.2),I,A,Annual,MRT,Mauritania,WB_CLEAR_AQUASTAT_4554,SDG 6.4.1. Services Water Use Efficiency (US$/m3),_T,Total,_T,All age ranges or no breakdown by age,_T,Total,USD_M3,US dollars per cubic metre,_Z,Not Applicable,_Z,Not Applicable,_Z,Not Applicable,2002,20.72487659,WB_CLEAR,Climate and Economic Analyses for Resilience in Water (CLEAR Water),0,Units,CUR,Currency,602,CCYY,A,Normal value,PU,Public
datastructure,WB.DATA360:DS_DATA360(1.2),I,A,Annual,MUS,Mauritius,WB_CLEAR_AQUASTAT_4554,SDG 6.4.1. Services Water Use Efficiency (US$/m3),_T,Total,_T,All age ranges or no breakdown by age,_T,Total,USD_M3,US dollars per cubic metre,_Z,Not Applicable,_Z,Not Applicable,_Z,Not Applicable,2002,21.90887633,WB_CLEAR,Climate and Economic Analyses for Resilience in Water (CLEAR Water),0,Units,CUR,Currency,602,CCYY,A,Normal value,PU,Public
datastructure,WB.DATA360:DS_DATA360(1.2),I,A,Annual,MEX,Mexico,WB_CLEAR_AQUASTAT_4554,SDG 6.4.1. Services Water Use Efficiency (US$/m3),_T,Total,_T,All age ranges or no breakdown by age,_T,Total,USD_M3,US dollars per cubic metre,_Z,Not Applicable,_Z,Not Applicable,_Z,Not Applicable,2002,55.03331108,WB_CLEAR,Climate and Economic Analyses for Resilience in Water (CLEAR Water),0,Units,CUR,Currency,602,CCYY,A,Normal value,PU,Public
datastructure,WB.DATA360:DS_DATA360(1.2),I,A,Annual,MCO,Monaco,WB_CLEAR_AQUASTAT_4554,SDG 6.4.1. Services Water Use Efficiency (US$/m3),_T,Total,_T,All age ranges or no breakdown by age,_T,Total,USD_M3,US dollars per cubic metre,_Z,Not Applicable,_Z,Not Applicable,_Z,Not Applicable,2002,624.2128498,WB_CLEAR,Climate and Economic Analyses for Resilience in Water (CLEAR Water),0,Units,CUR,Currency,602,CCYY,A,Normal value,PU,Public
datastructure,WB.DATA360:DS_DATA360(1.2),I,A,Annual,MNG,Mongolia,WB_CLEAR_AQUASTAT_4554,SDG 6.4.1. Services Water Use Efficiency (US$/m3),_T,Total,_T,All age ranges or no breakdown by age,_T,Total,USD_M3,US dollars per cubic metre,_Z,Not Applicable,_Z,Not Applicable,_Z,Not Applicable,2002,24.30080172,WB_CLEAR,Climate and Economic Analyses for Resilience in Water (CLEAR Water),0,Units,CUR,Currency,602,CCYY,A,Normal value,PU,Public
datastructure,WB.DATA360:DS_DATA360(1.2),I,A,Annual,MAR,Morocco,WB_CLEAR_AQUASTAT_4554,SDG 6.4.1. Services Water Use Efficiency (US$/m3),_T,Total,_T,All age ranges or no breakdown by age,_T,Total,USD_M3,US dollars per cubic metre,_Z,Not Applicable,_Z,Not Applicable,_Z,Not Applicable,2002,9.392432135,WB_CLEAR,Climate and Economic Analyses for Resilience in Water (CLEAR Water),0,Units,CUR,Currency,602,CCYY,A,Normal value,PU,Public
datastructure,WB.DATA360:DS_DATA360(1.2),I,A,Annual,MOZ,Mozambique,WB_CLEAR_AQUASTAT_4554,SDG 6.4.1. Services Water Use Efficiency (US$/m3),_T,Total,_T,All age ranges or no breakdown by age,_T,Total,USD_M3,US dollars per cubic metre,_Z,Not Applicable,_Z,Not Applicable,_Z,Not Applicable,2002,11.17276084,WB_CLEAR,Climate and Economic Analyses for Resilience in Water (CLEAR Water),0,Units,CUR,Currency,602,CCYY,A,Normal value,PU,Public
datastructure,WB.DATA360:DS_DATA360(1.2),I,A,Annual,MMR,Myanmar,WB_CLEAR_AQUASTAT_4554,SDG 6.4.1. Services Water Use Efficiency (US$/m3),_T,Total,_T,All age ranges or no breakdown by age,_T,Total,USD_M3,US dollars per cubic metre,_Z,Not Applicable,_Z,Not Applicable,_Z,Not Applicable,2002,1.545063536,WB_CLEAR,Climate and Economic Analyses for Resilience in Water (CLEAR Water),0,Units,CUR,Currency,602,CCYY,A,Normal value,PU,Public
datastructure,WB.DATA360:DS_DATA360(1.2),I,A,Annual,NAM,Namibia,WB_CLEAR_AQUASTAT_4554,SDG 6.4.1. Services Water Use Efficiency (US$/m3),_T,Total,_T,All age ranges or no breakdown by age,_T,Total,USD_M3,US dollars per cubic metre,_Z,Not Applicable,_Z,Not Applicable,_Z,Not Applicable,2002,46.00423037,WB_CLEAR,Climate and Economic Analyses for Resilience in Water (CLEAR Water),0,Units,CUR,Currency,602,CCYY,A,Normal value,PU,Public
datastructure,WB.DATA360:DS_DATA360(1.2),I,A,Annual,NPL,Nepal,WB_CLEAR_AQUASTAT_4554,SDG 6.4.1. Services Water Use Efficiency (US$/m3),_T,Total,_T,All age ranges or no breakdown by age,_T,Total,USD_M3,US dollars per cubic metre,_Z,Not Applicable,_Z,Not Applicable,_Z,Not Applicable,2002,30.3871595,WB_CLEAR,Climate and Economic Analyses for Resilience in Water (CLEAR Water),0,Units,CUR,Currency,602,CCYY,A,Normal value,PU,Public
datastructure,WB.DATA360:DS_DATA360(1.2),I,A,Annual,NLD,Netherlands,WB_CLEAR_AQUASTAT_4554,SDG 6.4.1. Services Water Use Efficiency (US$/m3),_T,Total,_T,All age ranges or no breakdown by age,_T,Total,USD_M3,US dollars per cubic metre,_Z,Not Applicable,_Z,Not Applicable,_Z,Not Applicable,2002,346.6794621,WB_CLEAR,Climate and Economic Analyses for Resilience in Water (CLEAR Water),0,Units,CUR,Currency,602,CCYY,A,Normal value,PU,Public
datastructure,WB.DATA360:DS_DATA360(1.2),I,A,Annual,NZL,New Zealand,WB_CLEAR_AQUASTAT_4554,SDG 6.4.1. Services Water Use Efficiency (US$/m3),_T,Total,_T,All age ranges or no breakdown by age,_T,Total,USD_M3,US dollars per cubic metre,_Z,Not Applicable,_Z,Not Applicable,_Z,Not Applicable,2002,105.2875196,WB_CLEAR,Climate and Economic Analyses for Resilience in Water (CLEAR Water),0,Units,CUR,Currency,602,CCYY,A,Normal value,PU,Public
datastructure,WB.DATA360:DS_DATA360(1.2),I,A,Annual,NIC,Nicaragua,WB_CLEAR_AQUASTAT_4554,SDG 6.4.1. Services Water Use Efficiency (US$/m3),_T,Total,_T,All age ranges or no breakdown by age,_T,Total,USD_M3,US dollars per cubic metre,_Z,Not Applicable,_Z,Not Applicable,_Z,Not Applicable,2002,18.77390741,WB_CLEAR,Climate and Economic Analyses for Resilience in Water (CLEAR Water),0,Units,CUR,Currency,602,CCYY,A,Normal value,PU,Public
datastructure,WB.DATA360:DS_DATA360(1.2),I,A,Annual,NER,Niger,WB_CLEAR_AQUASTAT_4554,SDG 6.4.1. Services Water Use Efficiency (US$/m3),_T,Total,_T,All age ranges or no breakdown by age,_T,Total,USD_M3,US dollars per cubic metre,_Z,Not Applicable,_Z,Not Applicable,_Z,Not Applicable,2002,7.903208456,WB_CLEAR,Climate and Economic Analyses for Resilience in Water (CLEAR Water),0,Units,CUR,Currency,602,CCYY,A,Normal value,PU,Public
datastructure,WB.DATA360:DS_DATA360(1.2),I,A,Annual,NGA,Nigeria,WB_CLEAR_AQUASTAT_4554,SDG 6.4.1. Services Water Use Efficiency (US$/m3),_T,Total,_T,All age ranges or no breakdown by age,_T,Total,USD_M3,US dollars per cubic metre,_Z,Not Applicable,_Z,Not Applicable,_Z,Not Applicable,2002,24.27161536,WB_CLEAR,Climate and Economic Analyses for Resilience in Water (CLEAR Water),0,Units,CUR,Currency,602,CCYY,A,Normal value,PU,Public
datastructure,WB.DATA360:DS_DATA360(1.2),I,A,Annual,MKD,North Macedonia,WB_CLEAR_AQUASTAT_4554,SDG 6.4.1. Services Water Use Efficiency (US$/m3),_T,Total,_T,All age ranges or no breakdown by age,_T,Total,USD_M3,US dollars per cubic metre,_Z,Not Applicable,_Z,Not Applicable,_Z,Not Applicable,2002,17.94696506,WB_CLEAR,Climate and Economic Analyses for Resilience in Water (CLEAR Water),0,Units,CUR,Currency,602,CCYY,A,Normal value,PU,Public
datastructure,WB.DATA360:DS_DATA360(1.2),I,A,Annual,NOR,Norway,WB_CLEAR_AQUASTAT_4554,SDG 6.4.1. Services Water Use Efficiency (US$/m3),_T,Total,_T,All age ranges or no breakdown by age,_T,Total,USD_M3,US dollars per cubic metre,_Z,Not Applicable,_Z,Not Applicable,_Z,Not Applicable,2002,218.431401,WB_CLEAR,Climate and Economic Analyses for Resilience in Water (CLEAR Water),0,Units,CUR,Currency,602,CCYY,A,Normal value,PU,Public
datastructure,WB.DATA360:DS_DATA360(1.2),I,A,Annual,OMN,Oman,WB_CLEAR_AQUASTAT_4554,SDG 6.4.1. Services Water Use Efficiency (US$/m3),_T,Total,_T,All age ranges or no breakdown by age,_T,Total,USD_M3,US dollars per cubic metre,_Z,Not Applicable,_Z,Not Applicable,_Z,Not Applicable,2002,153.3085142,WB_CLEAR,Climate and Economic Analyses for Resilience in Water (CLEAR Water),0,Units,CUR,Currency,602,CCYY,A,Normal value,PU,Public
datastructure,WB.DATA360:DS_DATA360(1.2),I,A,Annual,PAK,Pakistan,WB_CLEAR_AQUASTAT_4554,SDG 6.4.1. Services Water Use Efficiency (US$/m3),_T,Total,_T,All age ranges or no breakdown by age,_T,Total,USD_M3,US dollars per cubic metre,_Z,Not Applicable,_Z,Not Applicable,_Z,Not Applicable,2002,11.49316095,WB_CLEAR,Climate and Economic Analyses for Resilience in Water (CLEAR Water),0,Units,CUR,Currency,602,CCYY,A,Normal value,PU,Public
datastructure,WB.DATA360:DS_DATA360(1.2),I,A,Annual,PSE,West Bank and Gaza,WB_CLEAR_AQUASTAT_4554,SDG 6.4.1. Services Water Use Efficiency (US$/m3),_T,Total,_T,All age ranges or no breakdown by age,_T,Total,USD_M3,US dollars per cubic metre,_Z,Not Applicable,_Z,Not Applicable,_Z,Not Applicable,2002,28.41557864,WB_CLEAR,Climate and Economic Analyses for Resilience in Water (CLEAR Water),0,Units,CUR,Currency,602,CCYY,A,Normal value,PU,Public
datastructure,WB.DATA360:DS_DATA360(1.2),I,A,Annual,PAN,Panama,WB_CLEAR_AQUASTAT_4554,SDG 6.4.1. Services Water Use Efficiency (US$/m3),_T,Total,_T,All age ranges or no breakdown by age,_T,Total,USD_M3,US dollars per cubic metre,_Z,Not Applicable,_Z,Not Applicable,_Z,Not Applicable,2002,71.97101386,WB_CLEAR,Climate and Economic Analyses for Resilience in Water (CLEAR Water),0,Units,CUR,Currency,602,CCYY,A,Normal value,PU,Public
datastructure,WB.DATA360:DS_DATA360(1.2),I,A,Annual,PNG,Papua New Guinea,WB_CLEAR_AQUASTAT_4554,SDG 6.4.1. Services Water Use Efficiency (US$/m3),_T,Total,_T,All age ranges or no breakdown by age,_T,Total,USD_M3,US dollars per cubic metre,_Z,Not Applicable,_Z,Not Applicable,_Z,Not Applicable,2002,28.4695952,WB_CLEAR,Climate and Economic Analyses for Resilience in Water (CLEAR Water),0,Units,CUR,Currency,602,CCYY,A,Normal value,PU,Public
datastructure,WB.DATA360:DS_DATA360(1.2),I,A,Annual,PRY,Paraguay,WB_CLEAR_AQUASTAT_4554,SDG 6.4.1. Services Water Use Efficiency (US$/m3),_T,Total,_T,All age ranges or no breakdown by age,_T,Total,USD_M3,US dollars per cubic metre,_Z,Not Applicable,_Z,Not Applicable,_Z,Not Applicable,2002,96.57655171,WB_CLEAR,Climate and Economic Analyses for Resilience in Water (CLEAR Water),0,Units,CUR,Currency,602,CCYY,A,Normal value,PU,Public
datastructure,WB.DATA360:DS_DATA360(1.2),I,A,Annual,PER,Peru,WB_CLEAR_AQUASTAT_4554,SDG 6.4.1. Services Water Use Efficiency (US$/m3),_T,Total,_T,All age ranges or no breakdown by age,_T,Total,USD_M3,US dollars per cubic metre,_Z,Not Applicable,_Z,Not Applicable,_Z,Not Applicable,2002,41.88401656,WB_CLEAR,Climate and Economic Analyses for Resilience in Water (CLEAR Water),0,Units,CUR,Currency,602,CCYY,A,Normal value,PU,Public
datastructure,WB.DATA360:DS_DATA360(1.2),I,A,Annual,PHL,Philippines,WB_CLEAR_AQUASTAT_4554,SDG 6.4.1. Services Water Use Efficiency (US$/m3),_T,Total,_T,All age ranges or no breakdown by age,_T,Total,USD_M3,US dollars per cubic metre,_Z,Not Applicable,_Z,Not Applicable,_Z,Not Applicable,2002,14.85456212,WB_CLEAR,Climate and Economic Analyses for Resilience in Water (CLEAR Water),0,Units,CUR,Currency,602,CCYY,A,Normal value,PU,Public
datastructure,WB.DATA360:DS_DATA360(1.2),I,A,Annual,POL,Poland,WB_CLEAR_AQUASTAT_4554,SDG 6.4.1. Services Water Use Efficiency (US$/m3),_T,Total,_T,All age ranges or no breakdown by age,_T,Total,USD_M3,US dollars per cubic metre,_Z,Not Applicable,_Z,Not Applicable,_Z,Not Applicable,2002,82.17185278,WB_CLEAR,Climate and Economic Analyses for Resilience in Water (CLEAR Water),0,Units,CUR,Currency,602,CCYY,A,Normal value,PU,Public
datastructure,WB.DATA360:DS_DATA360(1.2),I,A,Annual,PRT,Portugal,WB_CLEAR_AQUASTAT_4554,SDG 6.4.1. Services Water Use Efficiency (US$/m3),_T,Total,_T,All age ranges or no breakdown by age,_T,Total,USD_M3,US dollars per cubic metre,_Z,Not Applicable,_Z,Not Applicable,_Z,Not Applicable,2002,126.8680882,WB_CLEAR,Climate and Economic Analyses for Resilience in Water (CLEAR Water),0,Units,CUR,Currency,602,CCYY,A,Normal value,PU,Public
datastructure,WB.DATA360:DS_DATA360(1.2),I,A,Annual,PRI,Puerto Rico,WB_CLEAR_AQUASTAT_4554,SDG 6.4.1. Services Water Use Efficiency (US$/m3),_T,Total,_T,All age ranges or no breakdown by age,_T,Total,USD_M3,US dollars per cubic metre,_Z,Not Applicable,_Z,Not Applicable,_Z,Not Applicable,2002,73.94152172,WB_CLEAR,Climate and Economic Analyses for Resilience in Water (CLEAR Water),0,Units,CUR,Currency,602,CCYY,A,Normal value,PU,Public
datastructure,WB.DATA360:DS_DATA360(1.2),I,A,Annual,QAT,Qatar,WB_CLEAR_AQUASTAT_4554,SDG 6.4.1. Services Water Use Efficiency (US$/m3),_T,Total,_T,All age ranges or no breakdown by age,_T,Total,USD_M3,US dollars per cubic metre,_Z,Not Applicable,_Z,Not Applicable,_Z,Not Applicable,2002,109.8476808,WB_CLEAR,Climate and Economic Analyses for Resilience in Water (CLEAR Water),0,Units,CUR,Currency,602,CCYY,A,Normal value,PU,Public
datastructure,WB.DATA360:DS_DATA360(1.2),I,A,Annual,KOR,"Korea, Rep.",WB_CLEAR_AQUASTAT_4554,SDG 6.4.1. Services Water Use Efficiency (US$/m3),_T,Total,_T,All age ranges or no breakdown by age,_T,Total,USD_M3,US dollars per cubic metre,_Z,Not Applicable,_Z,Not Applicable,_Z,Not Applicable,2002,58.82334985,WB_CLEAR,Climate and Economic Analyses for Resilience in Water (CLEAR Water),0,Units,CUR,Currency,602,CCYY,A,Normal value,PU,Public
datastructure,WB.DATA360:DS_DATA360(1.2),I,A,Annual,MDA,Moldova,WB_CLEAR_AQUASTAT_4554,SDG 6.4.1. Services Water Use Efficiency (US$/m3),_T,Total,_T,All age ranges or no breakdown by age,_T,Total,USD_M3,US dollars per cubic metre,_Z,Not Applicable,_Z,Not Applicable,_Z,Not Applicable,2002,13.92247072,WB_CLEAR,Climate and Economic Analyses for Resilience in Water (CLEAR Water),0,Units,CUR,Currency,602,CCYY,A,Normal value,PU,Public
datastructure,WB.DATA360:DS_DATA360(1.2),I,A,Annual,ROU,Romania,WB_CLEAR_AQUASTAT_4554,SDG 6.4.1. Services Water Use Efficiency (US$/m3),_T,Total,_T,All age ranges or no breakdown by age,_T,Total,USD_M3,US dollars per cubic metre,_Z,Not Applicable,_Z,Not Applicable,_Z,Not Applicable,2002,29.80638061,WB_CLEAR,Climate and Economic Analyses for Resilience in Water (CLEAR Water),0,Units,CUR,Currency,602,CCYY,A,Normal value,PU,Public
datastructure,WB.DATA360:DS_DATA360(1.2),I,A,Annual,RUS,Russian Federation,WB_CLEAR_AQUASTAT_4554,SDG 6.4.1. Services Water Use Efficiency (US$/m3),_T,Total,_T,All age ranges or no breakdown by age,_T,Total,USD_M3,US dollars per cubic metre,_Z,Not Applicable,_Z,Not Applicable,_Z,Not Applicable,2002,37.06526478,WB_CLEAR,Climate and Economic Analyses for Resilience in Water (CLEAR Water),0,Units,CUR,Currency,602,CCYY,A,Normal value,PU,Public
datastructure,WB.DATA360:DS_DATA360(1.2),I,A,Annual,RWA,Rwanda,WB_CLEAR_AQUASTAT_4554,SDG 6.4.1. Services Water Use Efficiency (US$/m3),_T,Total,_T,All age ranges or no breakdown by age,_T,Total,USD_M3,US dollars per cubic metre,_Z,Not Applicable,_Z,Not Applicable,_Z,Not Applicable,2002,32.83261298,WB_CLEAR,Climate and Economic Analyses for Resilience in Water (CLEAR Water),0,Units,CUR,Currency,602,CCYY,A,Normal value,PU,Public
datastructure,WB.DATA360:DS_DATA360(1.2),I,A,Annual,BOL,Bolivia,WB_CLEAR_AQUASTAT_4554,SDG 6.4.1. Services Water Use Efficiency (US$/m3),_T,Total,_T,All age ranges or no breakdown by age,_T,Total,USD_M3,US dollars per cubic metre,_Z,Not Applicable,_Z,Not Applicable,_Z,Not Applicable,2002,75.45810001,WB_CLEAR,Climate and Economic Analyses for Resilience in Water (CLEAR Water),0,Units,CUR,Currency,602,CCYY,A,Normal value,PU,Public
datastructure,WB.DATA360:DS_DATA360(1.2),I,A,Annual,BIH,Bosnia and Herzegovina,WB_CLEAR_AQUASTAT_4554,SDG 6.4.1. Services Water Use Efficiency (US$/m3),_T,Total,_T,All age ranges or no breakdown by age,_T,Total,USD_M3,US dollars per cubic metre,_Z,Not Applicable,_Z,Not Applicable,_Z,Not Applicable,2002,19.13425924,WB_CLEAR,Climate and Economic Analyses for Resilience in Water (CLEAR Water),0,Units,CUR,Currency,602,CCYY,A,Normal value,PU,Public
datastructure,WB.DATA360:DS_DATA360(1.2),I,A,Annual,BWA,Botswana,WB_CLEAR_AQUASTAT_4554,SDG 6.4.1. Services Water Use Efficiency (US$/m3),_T,Total,_T,All age ranges or no breakdown by age,_T,Total,USD_M3,US dollars per cubic metre,_Z,Not Applicable,_Z,Not Applicable,_Z,Not Applicable,2002,48.451509,WB_CLEAR,Climate and Economic Analyses for Resilience in Water (CLEAR Water),0,Units,CUR,Currency,602,CCYY,A,Normal value,PU,Public
datastructure,WB.DATA360:DS_DATA360(1.2),I,A,Annual,BRA,Brazil,WB_CLEAR_AQUASTAT_4554,SDG 6.4.1. Services Water Use Efficiency (US$/m3),_T,Total,_T,All age ranges or no breakdown by age,_T,Total,USD_M3,US dollars per cubic metre,_Z,Not Applicable,_Z,Not Applicable,_Z,Not Applicable,2002,52.4508505,WB_CLEAR,Climate and Economic Analyses for Resilience in Water (CLEAR Water),0,Units,CUR,Currency,602,CCYY,A,Normal value,PU,Public
datastructure,WB.DATA360:DS_DATA360(1.2),I,A,Annual,BGR,Bulgaria,WB_CLEAR_AQUASTAT_4554,SDG 6.4.1. Services Water Use Efficiency (US$/m3),_T,Total,_T,All age ranges or no breakdown by age,_T,Total,USD_M3,US dollars per cubic metre,_Z,Not Applicable,_Z,Not Applicable,_Z,Not Applicable,2002,18.53301376,WB_CLEAR,Climate and Economic Analyses for Resilience in Water (CLEAR Water),0,Units,CUR,Currency,602,CCYY,A,Normal value,PU,Public
datastructure,WB.DATA360:DS_DATA360(1.2),I,A,Annual,BFA,Burkina Faso,WB_CLEAR_AQUASTAT_4554,SDG 6.4.1. Services Water Use Efficiency (US$/m3),_T,Total,_T,All age ranges or no breakdown by age,_T,Total,USD_M3,US dollars per cubic metre,_Z,Not Applicable,_Z,Not Applicable,_Z,Not Applicable,2002,8.480154197,WB_CLEAR,Climate and Economic Analyses for Resilience in Water (CLEAR Water),0,Units,CUR,Currency,602,CCYY,A,Normal value,PU,Public
datastructure,WB.DATA360:DS_DATA360(1.2),I,A,Annual,BDI,Burundi,WB_CLEAR_AQUASTAT_4554,SDG 6.4.1. Services Water Use Efficiency (US$/m3),_T,Total,_T,All age ranges or no breakdown by age,_T,Total,USD_M3,US dollars per cubic metre,_Z,Not Applicable,_Z,Not Applicable,_Z,Not Applicable,2002,14.66208219,WB_CLEAR,Climate and Economic Analyses for Resilience in Water (CLEAR Water),0,Units,CUR,Currency,602,CCYY,A,Normal value,PU,Public
datastructure,WB.DATA360:DS_DATA360(1.2),I,A,Annual,CPV,Cabo Verde,WB_CLEAR_AQUASTAT_4554,SDG 6.4.1. Services Water Use Efficiency (US$/m3),_T,Total,_T,All age ranges or no breakdown by age,_T,Total,USD_M3,US dollars per cubic metre,_Z,Not Applicable,_Z,Not Applicable,_Z,Not Applicable,2002,379.7755702,WB_CLEAR,Climate and Economic Analyses for Resilience in Water (CLEAR Water),0,Units,CUR,Currency,602,CCYY,A,Normal value,PU,Public
datastructure,WB.DATA360:DS_DATA360(1.2),I,A,Annual,KHM,Cambodia,WB_CLEAR_AQUASTAT_4554,SDG 6.4.1. Services Water Use Efficiency (US$/m3),_T,Total,_T,All age ranges or no breakdown by age,_T,Total,USD_M3,US dollars per cubic metre,_Z,Not Applicable,_Z,Not Applicable,_Z,Not Applicable,2002,32.73333007,WB_CLEAR,Climate and Economic Analyses for Resilience in Water (CLEAR Water),0,Units,CUR,Currency,602,CCYY,A,Normal value,PU,Public
datastructure,WB.DATA360:DS_DATA360(1.2),I,A,Annual,SAU,Saudi Arabia,WB_CLEAR_AQUASTAT_4554,SDG 6.4.1. Services Water Use Efficiency (US$/m3),_T,Total,_T,All age ranges or no breakdown by age,_T,Total,USD_M3,US dollars per cubic metre,_Z,Not Applicable,_Z,Not Applicable,_Z,Not Applicable,2002,75.08847732,WB_CLEAR,Climate and Economic Analyses for Resilience in Water (CLEAR Water),0,Units,CUR,Currency,602,CCYY,A,Normal value,PU,Public
datastructure,WB.DATA360:DS_DATA360(1.2),I,A,Annual,SEN,Senegal,WB_CLEAR_AQUASTAT_4554,SDG 6.4.1. Services Water Use Efficiency (US$/m3),_T,Total,_T,All age ranges or no breakdown by age,_T,Total,USD_M3,US dollars per cubic metre,_Z,Not Applicable,_Z,Not Applicable,_Z,Not Applicable,2002,56.80848354,WB_CLEAR,Climate and Economic Analyses for Resilience in Water (CLEAR Water),0,Units,CUR,Currency,602,CCYY,A,Normal value,PU,Public
datastructure,WB.DATA360:DS_DATA360(1.2),I,A,Annual,SYC,Seychelles,WB_CLEAR_AQUASTAT_4554,SDG 6.4.1. Services Water Use Efficiency (US$/m3),_T,Total,_T,All age ranges or no breakdown by age,_T,Total,USD_M3,US dollars per cubic metre,_Z,Not Applicable,_Z,Not Applicable,_Z,Not Applicable,2002,60.87594656,WB_CLEAR,Climate and Economic Analyses for Resilience in Water (CLEAR Water),0,Units,CUR,Currency,602,CCYY,A,Normal value,PU,Public
datastructure,WB.DATA360:DS_DATA360(1.2),I,A,Annual,SLE,Sierra Leone,WB_CLEAR_AQUASTAT_4554,SDG 6.4.1. Services Water Use Efficiency (US$/m3),_T,Total,_T,All age ranges or no breakdown by age,_T,Total,USD_M3,US dollars per cubic metre,_Z,Not Applicable,_Z,Not Applicable,_Z,Not Applicable,2002,8.83117286,WB_CLEAR,Climate and Economic Analyses for Resilience in Water (CLEAR Water),0,Units,CUR,Currency,602,CCYY,A,Normal value,PU,Public
datastructure,WB.DATA360:DS_DATA360(1.2),I,A,Annual,SGP,Singapore,WB_CLEAR_AQUASTAT_4554,SDG 6.4.1. Services Water Use Efficiency (US$/m3),_T,Total,_T,All age ranges or no breakdown by age,_T,Total,USD_M3,US dollars per cubic metre,_Z,Not Applicable,_Z,Not Applicable,_Z,Not Applicable,2002,98.96863173,WB_CLEAR,Climate and Economic Analyses for Resilience in Water (CLEAR Water),0,Units,CUR,Currency,602,CCYY,A,Normal value,PU,Public
datastructure,WB.DATA360:DS_DATA360(1.2),I,A,Annual,SVK,Slovak Republic,WB_CLEAR_AQUASTAT_4554,SDG 6.4.1. Services Water Use Efficiency (US$/m3),_T,Total,_T,All age ranges or no breakdown by age,_T,Total,USD_M3,US dollars per cubic metre,_Z,Not Applicable,_Z,Not Applicable,_Z,Not Applicable,2002,76.95618594,WB_CLEAR,Climate and Economic Analyses for Resilience in Water (CLEAR Water),0,Units,CUR,Currency,602,CCYY,A,Normal value,PU,Public
datastructure,WB.DATA360:DS_DATA360(1.2),I,A,Annual,SVN,Slovenia,WB_CLEAR_AQUASTAT_4554,SDG 6.4.1. Services Water Use Efficiency (US$/m3),_T,Total,_T,All age ranges or no breakdown by age,_T,Total,USD_M3,US dollars per cubic metre,_Z,Not Applicable,_Z,Not Applicable,_Z,Not Applicable,2002,105.5830881,WB_CLEAR,Climate and Economic Analyses for Resilience in Water (CLEAR Water),0,Units,CUR,Currency,602,CCYY,A,Normal value,PU,Public
datastructure,WB.DATA360:DS_DATA360(1.2),I,A,Annual,SOM,Somalia,WB_CLEAR_AQUASTAT_4554,SDG 6.4.1. Services Water Use Efficiency (US$/m3),_T,Total,_T,All age ranges or no breakdown by age,_T,Total,USD_M3,US dollars per cubic metre,_Z,Not Applicable,_Z,Not Applicable,_Z,Not Applicable,2002,22.07788748,WB_CLEAR,Climate and Economic Analyses for Resilience in Water (CLEAR Water),0,Units,CUR,Currency,602,CCYY,A,Normal value,PU,Public
datastructure,WB.DATA360:DS_DATA360(1.2),I,A,Annual,ZAF,South Africa,WB_CLEAR_AQUASTAT_4554,SDG 6.4.1. Services Water Use Efficiency (US$/m3),_T,Total,_T,All age ranges or no breakdown by age,_T,Total,USD_M3,US dollars per cubic metre,_Z,Not Applicable,_Z,Not Applicable,_Z,Not Applicable,2002,33.05293284,WB_CLEAR,Climate and Economic Analyses for Resilience in Water (CLEAR Water),0,Units,CUR,Currency,602,CCYY,A,Normal value,PU,Public
datastructure,WB.DATA360:DS_DATA360(1.2),I,A,Annual,ESP,Spain,WB_CLEAR_AQUASTAT_4554,SDG 6.4.1. Services Water Use Efficiency (US$/m3),_T,Total,_T,All age ranges or no breakdown by age,_T,Total,USD_M3,US dollars per cubic metre,_Z,Not Applicable,_Z,Not Applicable,_Z,Not Applicable,2002,118.2797401,WB_CLEAR,Climate and Economic Analyses for Resilience in Water (CLEAR Water),0,Units,CUR,Currency,602,CCYY,A,Normal value,PU,Public
datastructure,WB.DATA360:DS_DATA360(1.2),I,A,Annual,LKA,Sri Lanka,WB_CLEAR_AQUASTAT_4554,SDG 6.4.1. Services Water Use Efficiency (US$/m3),_T,Total,_T,All age ranges or no breakdown by age,_T,Total,USD_M3,US dollars per cubic metre,_Z,Not Applicable,_Z,Not Applicable,_Z,Not Applicable,2002,32.96343491,WB_CLEAR,Climate and Economic Analyses for Resilience in Water (CLEAR Water),0,Units,CUR,Currency,602,CCYY,A,Normal value,PU,Public
datastructure,WB.DATA360:DS_DATA360(1.2),I,A,Annual,SUR,Suriname,WB_CLEAR_AQUASTAT_4554,SDG 6.4.1. Services Water Use Efficiency (US$/m3),_T,Total,_T,All age ranges or no breakdown by age,_T,Total,USD_M3,US dollars per cubic metre,_Z,Not Applicable,_Z,Not Applicable,_Z,Not Applicable,2002,40.67726685,WB_CLEAR,Climate and Economic Analyses for Resilience in Water (CLEAR Water),0,Units,CUR,Currency,602,CCYY,A,Normal value,PU,Public
datastructure,WB.DATA360:DS_DATA360(1.2),I,A,Annual,SWE,Sweden,WB_CLEAR_AQUASTAT_4554,SDG 6.4.1. Services Water Use Efficiency (US$/m3),_T,Total,_T,All age ranges or no breakdown by age,_T,Total,USD_M3,US dollars per cubic metre,_Z,Not Applicable,_Z,Not Applicable,_Z,Not Applicable,2002,231.1513899,WB_CLEAR,Climate and Economic Analyses for Resilience in Water (CLEAR Water),0,Units,CUR,Currency,602,CCYY,A,Normal value,PU,Public
datastructure,WB.DATA360:DS_DATA360(1.2),I,A,Annual,CHE,Switzerland,WB_CLEAR_AQUASTAT_4554,SDG 6.4.1. Services Water Use Efficiency (US$/m3),_T,Total,_T,All age ranges or no breakdown by age,_T,Total,USD_M3,US dollars per cubic metre,_Z,Not Applicable,_Z,Not Applicable,_Z,Not Applicable,2002,348.4533008,WB_CLEAR,Climate and Economic Analyses for Resilience in Water (CLEAR Water),0,Units,CUR,Currency,602,CCYY,A,Normal value,PU,Public
datastructure,WB.DATA360:DS_DATA360(1.2),I,A,Annual,SYR,Syrian Arab Republic,WB_CLEAR_AQUASTAT_4554,SDG 6.4.1. Services Water Use Efficiency (US$/m3),_T,Total,_T,All age ranges or no breakdown by age,_T,Total,USD_M3,US dollars per cubic metre,_Z,Not Applicable,_Z,Not Applicable,_Z,Not Applicable,2002,9.883204614,WB_CLEAR,Climate and Economic Analyses for Resilience in Water (CLEAR Water),0,Units,CUR,Currency,602,CCYY,A,Normal value,PU,Public
datastructure,WB.DATA360:DS_DATA360(1.2),I,A,Annual,TJK,Tajikistan,WB_CLEAR_AQUASTAT_4554,SDG 6.4.1. Services Water Use Efficiency (US$/m3),_T,Total,_T,All age ranges or no breakdown by age,_T,Total,USD_M3,US dollars per cubic metre,_Z,Not Applicable,_Z,Not Applicable,_Z,Not Applicable,2002,2.616987949,WB_CLEAR,Climate and Economic Analyses for Resilience in Water (CLEAR Water),0,Units,CUR,Currency,602,CCYY,A,Normal value,PU,Public
datastructure,WB.DATA360:DS_DATA360(1.2),I,A,Annual,THA,Thailand,WB_CLEAR_AQUASTAT_4554,SDG 6.4.1. Services Water Use Efficiency (US$/m3),_T,Total,_T,All age ranges or no breakdown by age,_T,Total,USD_M3,US dollars per cubic metre,_Z,Not Applicable,_Z,Not Applicable,_Z,Not Applicable,2002,58.94061761,WB_CLEAR,Climate and Economic Analyses for Resilience in Water (CLEAR Water),0,Units,CUR,Currency,602,CCYY,A,Normal value,PU,Public
datastructure,WB.DATA360:DS_DATA360(1.2),I,A,Annual,TLS,Timor-Leste,WB_CLEAR_AQUASTAT_4554,SDG 6.4.1. Services Water Use Efficiency (US$/m3),_T,Total,_T,All age ranges or no breakdown by age,_T,Total,USD_M3,US dollars per cubic metre,_Z,Not Applicable,_Z,Not Applicable,_Z,Not Applicable,2002,9.820831451,WB_CLEAR,Climate and Economic Analyses for Resilience in Water (CLEAR Water),0,Units,CUR,Currency,602,CCYY,A,Normal value,PU,Public
datastructure,WB.DATA360:DS_DATA360(1.2),I,A,Annual,TGO,Togo,WB_CLEAR_AQUASTAT_4554,SDG 6.4.1. Services Water Use Efficiency (US$/m3),_T,Total,_T,All age ranges or no breakdown by age,_T,Total,USD_M3,US dollars per cubic metre,_Z,Not Applicable,_Z,Not Applicable,_Z,Not Applicable,2002,13.80353097,WB_CLEAR,Climate and Economic Analyses for Resilience in Water (CLEAR Water),0,Units,CUR,Currency,602,CCYY,A,Normal value,PU,Public
datastructure,WB.DATA360:DS_DATA360(1.2),I,A,Annual,TTO,Trinidad and Tobago,WB_CLEAR_AQUASTAT_4554,SDG 6.4.1. Services Water Use Efficiency (US$/m3),_T,Total,_T,All age ranges or no breakdown by age,_T,Total,USD_M3,US dollars per cubic metre,_Z,Not Applicable,_Z,Not Applicable,_Z,Not Applicable,2002,45.93668877,WB_CLEAR,Climate and Economic Analyses for Resilience in Water (CLEAR Water),0,Units,CUR,Currency,602,CCYY,A,Normal value,PU,Public
datastructure,WB.DATA360:DS_DATA360(1.2),I,A,Annual,TUN,Tunisia,WB_CLEAR_AQUASTAT_4554,SDG 6.4.1. Services Water Use Efficiency (US$/m3),_T,Total,_T,All age ranges or no breakdown by age,_T,Total,USD_M3,US dollars per cubic metre,_Z,Not Applicable,_Z,Not Applicable,_Z,Not Applicable,2002,38.79868304,WB_CLEAR,Climate and Economic Analyses for Resilience in Water (CLEAR Water),0,Units,CUR,Currency,602,CCYY,A,Normal value,PU,Public
datastructure,WB.DATA360:DS_DATA360(1.2),I,A,Annual,TUR,Turkiye,WB_CLEAR_AQUASTAT_4554,SDG 6.4.1. Services Water Use Efficiency (US$/m3),_T,Total,_T,All age ranges or no breakdown by age,_T,Total,USD_M3,US dollars per cubic metre,_Z,Not Applicable,_Z,Not Applicable,_Z,Not Applicable,2002,47.71409676,WB_CLEAR,Climate and Economic Analyses for Resilience in Water (CLEAR Water),0,Units,CUR,Currency,602,CCYY,A,Normal value,PU,Public
datastructure,WB.DATA360:DS_DATA360(1.2),I,A,Annual,TKM,Turkmenistan,WB_CLEAR_AQUASTAT_4554,SDG 6.4.1. Services Water Use Efficiency (US$/m3),_T,Total,_T,All age ranges or no breakdown by age,_T,Total,USD_M3,US dollars per cubic metre,_Z,Not Applicable,_Z,Not Applicable,_Z,Not Applicable,2002,6.212760233,WB_CLEAR,Climate and Economic Analyses for Resilience in Water (CLEAR Water),0,Units,CUR,Currency,602,CCYY,A,Normal value,PU,Public
datastructure,WB.DATA360:DS_DATA360(1.2),I,A,Annual,UGA,Uganda,WB_CLEAR_AQUASTAT_4554,SDG 6.4.1. Services Water Use Efficiency (US$/m3),_T,Total,_T,All age ranges or no breakdown by age,_T,Total,USD_M3,US dollars per cubic metre,_Z,Not Applicable,_Z,Not Applicable,_Z,Not Applicable,2002,28.97580408,WB_CLEAR,Climate and Economic Analyses for Resilience in Water (CLEAR Water),0,Units,CUR,Currency,602,CCYY,A,Normal value,PU,Public
datastructure,WB.DATA360:DS_DATA360(1.2),I,A,Annual,UKR,Ukraine,WB_CLEAR_AQUASTAT_4554,SDG 6.4.1. Services Water Use Efficiency (US$/m3),_T,Total,_T,All age ranges or no breakdown by age,_T,Total,USD_M3,US dollars per cubic metre,_Z,Not Applicable,_Z,Not Applicable,_Z,Not Applicable,2002,12.56025935,WB_CLEAR,Climate and Economic Analyses for Resilience in Water (CLEAR Water),0,Units,CUR,Currency,602,CCYY,A,Normal value,PU,Public
datastructure,WB.DATA360:DS_DATA360(1.2),I,A,Annual,ARE,United Arab Emirates,WB_CLEAR_AQUASTAT_4554,SDG 6.4.1. Services Water Use Efficiency (US$/m3),_T,Total,_T,All age ranges or no breakdown by age,_T,Total,USD_M3,US dollars per cubic metre,_Z,Not Applicable,_Z,Not Applicable,_Z,Not Applicable,2002,199.2850352,WB_CLEAR,Climate and Economic Analyses for Resilience in Water (CLEAR Water),0,Units,CUR,Currency,602,CCYY,A,Normal value,PU,Public
datastructure,WB.DATA360:DS_DATA360(1.2),I,A,Annual,GBR,United Kingdom,WB_CLEAR_AQUASTAT_4554,SDG 6.4.1. Services Water Use Efficiency (US$/m3),_T,Total,_T,All age ranges or no breakdown by age,_T,Total,USD_M3,US dollars per cubic metre,_Z,Not Applicable,_Z,Not Applicable,_Z,Not Applicable,2002,225.675238,WB_CLEAR,Climate and Economic Analyses for Resilience in Water (CLEAR Water),0,Units,CUR,Currency,602,CCYY,A,Normal value,PU,Public
datastructure,WB.DATA360:DS_DATA360(1.2),I,A,Annual,TZA,Tanzania,WB_CLEAR_AQUASTAT_4554,SDG 6.4.1. Services Water Use Efficiency (US$/m3),_T,Total,_T,All age ranges or no breakdown by age,_T,Total,USD_M3,US dollars per cubic metre,_Z,Not Applicable,_Z,Not Applicable,_Z,Not Applicable,2002,20.42048522,WB_CLEAR,Climate and Economic Analyses for Resilience in Water (CLEAR Water),0,Units,CUR,Currency,602,CCYY,A,Normal value,PU,Public
datastructure,WB.DATA360:DS_DATA360(1.2),I,A,Annual,URY,Uruguay,WB_CLEAR_AQUASTAT_4554,SDG 6.4.1. Services Water Use Efficiency (US$/m3),_T,Total,_T,All age ranges or no breakdown by age,_T,Total,USD_M3,US dollars per cubic metre,_Z,Not Applicable,_Z,Not Applicable,_Z,Not Applicable,2002,48.79700321,WB_CLEAR,Climate and Economic Analyses for Resilience in Water (CLEAR Water),0,Units,CUR,Currency,602,CCYY,A,Normal value,PU,Public
datastructure,WB.DATA360:DS_DATA360(1.2),I,A,Annual,UZB,Uzbekistan,WB_CLEAR_AQUASTAT_4554,SDG 6.4.1. Services Water Use Efficiency (US$/m3),_T,Total,_T,All age ranges or no breakdown by age,_T,Total,USD_M3,US dollars per cubic metre,_Z,Not Applicable,_Z,Not Applicable,_Z,Not Applicable,2002,2.921961279,WB_CLEAR,Climate and Economic Analyses for Resilience in Water (CLEAR Water),0,Units,CUR,Currency,602,CCYY,A,Normal value,PU,Public
datastructure,WB.DATA360:DS_DATA360(1.2),I,A,Annual,VEN,"Venezuela, RB",WB_CLEAR_AQUASTAT_4554,SDG 6.4.1. Services Water Use Efficiency (US$/m3),_T,Total,_T,All age ranges or no breakdown by age,_T,Total,USD_M3,US dollars per cubic metre,_Z,Not Applicable,_Z,Not Applicable,_Z,Not Applicable,2002,24.36528243,WB_CLEAR,Climate and Economic Analyses for Resilience in Water (CLEAR Water),0,Units,CUR,Currency,602,CCYY,A,Normal value,PU,Public
datastructure,WB.DATA360:DS_DATA360(1.2),I,A,Annual,VNM,Viet Nam,WB_CLEAR_AQUASTAT_4554,SDG 6.4.1. Services Water Use Efficiency (US$/m3),_T,Total,_T,All age ranges or no breakdown by age,_T,Total,USD_M3,US dollars per cubic metre,_Z,Not Applicable,_Z,Not Applicable,_Z,Not Applicable,2002,39.97904605,WB_CLEAR,Climate and Economic Analyses for Resilience in Water (CLEAR Water),0,Units,CUR,Currency,602,CCYY,A,Normal value,PU,Public
datastructure,WB.DATA360:DS_DATA360(1.2),I,A,Annual,YEM,"Yemen, Rep.",WB_CLEAR_AQUASTAT_4554,SDG 6.4.1. Services Water Use Efficiency (US$/m3),_T,Total,_T,All age ranges or no breakdown by age,_T,Total,USD_M3,US dollars per cubic metre,_Z,Not Applicable,_Z,Not Applicable,_Z,Not Applicable,2002,63.59187428,WB_CLEAR,Climate and Economic Analyses for Resilience in Water (CLEAR Water),0,Units,CUR,Currency,602,CCYY,A,Normal value,PU,Public
datastructure,WB.DATA360:DS_DATA360(1.2),I,A,Annual,ZMB,Zambia,WB_CLEAR_AQUASTAT_4554,SDG 6.4.1. Services Water Use Efficiency (US$/m3),_T,Total,_T,All age ranges or no breakdown by age,_T,Total,USD_M3,US dollars per cubic metre,_Z,Not Applicable,_Z,Not Applicable,_Z,Not Applicable,2002,16.92089263,WB_CLEAR,Climate and Economic Analyses for Resilience in Water (CLEAR Water),0,Units,CUR,Currency,602,CCYY,A,Normal value,PU,Public
datastructure,WB.DATA360:DS_DATA360(1.2),I,A,Annual,ZWE,Zimbabwe,WB_CLEAR_AQUASTAT_4554,SDG 6.4.1. Services Water Use Efficiency (US$/m3),_T,Total,_T,All age ranges or no breakdown by age,_T,Total,USD_M3,US dollars per cubic metre,_Z,Not Applicable,_Z,Not Applicable,_Z,Not Applicable,2002,9.589117324,WB_CLEAR,Climate and Economic Analyses for Resilience in Water (CLEAR Water),0,Units,CUR,Currency,602,CCYY,A,Normal value,PU,Public
datastructure,WB.DATA360:DS_DATA360(1.2),I,A,Annual,USA,United States,WB_CLEAR_AQUASTAT_4554,SDG 6.4.1. Services Water Use Efficiency (US$/m3),_T,Total,_T,All age ranges or no breakdown by age,_T,Total,USD_M3,US dollars per cubic metre,_Z,Not Applicable,_Z,Not Applicable,_Z,Not Applicable,2002,175.2279605,WB_CLEAR,Climate and Economic Analyses for Resilience in Water (CLEAR Water),0,Units,CUR,Currency,602,CCYY,A,Normal value,PU,Public
datastructure,WB.DATA360:DS_DATA360(1.2),I,A,Annual,CMR,Cameroon,WB_CLEAR_AQUASTAT_4554,SDG 6.4.1. Services Water Use Efficiency (US$/m3),_T,Total,_T,All age ranges or no breakdown by age,_T,Total,USD_M3,US dollars per cubic metre,_Z,Not Applicable,_Z,Not Applicable,_Z,Not Applicable,2002,45.98279655,WB_CLEAR,Climate and Economic Analyses for Resilience in Water (CLEAR Water),0,Units,CUR,Currency,602,CCYY,A,Normal value,PU,Public
datastructure,WB.DATA360:DS_DATA360(1.2),I,A,Annual,CAF,Central African Republic,WB_CLEAR_AQUASTAT_4554,SDG 6.4.1. Services Water Use Efficiency (US$/m3),_T,Total,_T,All age ranges or no breakdown by age,_T,Total,USD_M3,US dollars per cubic metre,_Z,Not Applicable,_Z,Not Applicable,_Z,Not Applicable,2002,13.36967368,WB_CLEAR,Climate and Economic Analyses for Resilience in Water (CLEAR Water),0,Units,CUR,Currency,602,CCYY,A,Normal value,PU,Public
datastructure,WB.DATA360:DS_DATA360(1.2),I,A,Annual,TCD,Chad,WB_CLEAR_AQUASTAT_4554,SDG 6.4.1. Services Water Use Efficiency (US$/m3),_T,Total,_T,All age ranges or no breakdown by age,_T,Total,USD_M3,US dollars per cubic metre,_Z,Not Applicable,_Z,Not Applicable,_Z,Not Applicable,2002,25.458185,WB_CLEAR,Climate and Economic Analyses for Resilience in Water (CLEAR Water),0,Units,CUR,Currency,602,CCYY,A,Normal value,PU,Public
datastructure,WB.DATA360:DS_DATA360(1.2),I,A,Annual,CHN,China,WB_CLEAR_AQUASTAT_4554,SDG 6.4.1. Services Water Use Efficiency (US$/m3),_T,Total,_T,All age ranges or no breakdown by age,_T,Total,USD_M3,US dollars per cubic metre,_Z,Not Applicable,_Z,Not Applicable,_Z,Not Applicable,2002,22.56772533,WB_CLEAR,Climate and Economic Analyses for Resilience in Water (CLEAR Water),0,Units,CUR,Currency,602,CCYY,A,Normal value,PU,Public
datastructure,WB.DATA360:DS_DATA360(1.2),I,A,Annual,COL,Colombia,WB_CLEAR_AQUASTAT_4554,SDG 6.4.1. Services Water Use Efficiency (US$/m3),_T,Total,_T,All age ranges or no breakdown by age,_T,Total,USD_M3,US dollars per cubic metre,_Z,Not Applicable,_Z,Not Applicable,_Z,Not Applicable,2002,36.6863615,WB_CLEAR,Climate and Economic Analyses for Resilience in Water (CLEAR Water),0,Units,CUR,Currency,602,CCYY,A,Normal value,PU,Public
datastructure,WB.DATA360:DS_DATA360(1.2),I,A,Annual,COM,Comoros,WB_CLEAR_AQUASTAT_4554,SDG 6.4.1. Services Water Use Efficiency (US$/m3),_T,Total,_T,All age ranges or no breakdown by age,_T,Total,USD_M3,US dollars per cubic metre,_Z,Not Applicable,_Z,Not Applicable,_Z,Not Applicable,2002,74.17721538,WB_CLEAR,Climate and Economic Analyses for Resilience in Water (CLEAR Water),0,Units,CUR,Currency,602,CCYY,A,Normal value,PU,Public
datastructure,WB.DATA360:DS_DATA360(1.2),I,A,Annual,COG,"Congo, Rep.",WB_CLEAR_AQUASTAT_4554,SDG 6.4.1. Services Water Use Efficiency (US$/m3),_T,Total,_T,All age ranges or no breakdown by age,_T,Total,USD_M3,US dollars per cubic metre,_Z,Not Applicable,_Z,Not Applicable,_Z,Not Applicable,2002,94.60579306,WB_CLEAR,Climate and Economic Analyses for Resilience in Water (CLEAR Water),0,Units,CUR,Currency,602,CCYY,A,Normal value,PU,Public
datastructure,WB.DATA360:DS_DATA360(1.2),I,A,Annual,CRI,Costa Rica,WB_CLEAR_AQUASTAT_4554,SDG 6.4.1. Services Water Use Efficiency (US$/m3),_T,Total,_T,All age ranges or no breakdown by age,_T,Total,USD_M3,US dollars per cubic metre,_Z,Not Applicable,_Z,Not Applicable,_Z,Not Applicable,2002,27.66935725,WB_CLEAR,Climate and Economic Analyses for Resilience in Water (CLEAR Water),0,Units,CUR,Currency,602,CCYY,A,Normal value,PU,Public
datastructure,WB.DATA360:DS_DATA360(1.2),I,A,Annual,CIV,Cote d'Ivoire,WB_CLEAR_AQUASTAT_4554,SDG 6.4.1. Services Water Use Efficiency (US$/m3),_T,Total,_T,All age ranges or no breakdown by age,_T,Total,USD_M3,US dollars per cubic metre,_Z,Not Applicable,_Z,Not Applicable,_Z,Not Applicable,2002,16.19442726,WB_CLEAR,Climate and Economic Analyses for Resilience in Water (CLEAR Water),0,Units,CUR,Currency,602,CCYY,A,Normal value,PU,Public
datastructure,WB.DATA360:DS_DATA360(1.2),I,A,Annual,HRV,Croatia,WB_CLEAR_AQUASTAT_4554,SDG 6.4.1. Services Water Use Efficiency (US$/m3),_T,Total,_T,All age ranges or no breakdown by age,_T,Total,USD_M3,US dollars per cubic metre,_Z,Not Applicable,_Z,Not Applicable,_Z,Not Applicable,2002,47.90760395,WB_CLEAR,Climate and Economic Analyses for Resilience in Water (CLEAR Water),0,Units,CUR,Currency,602,CCYY,A,Normal value,PU,Public
datastructure,WB.DATA360:DS_DATA360(1.2),I,A,Annual,CUB,Cuba,WB_CLEAR_AQUASTAT_4554,SDG 6.4.1. Services Water Use Efficiency (US$/m3),_T,Total,_T,All age ranges or no breakdown by age,_T,Total,USD_M3,US dollars per cubic metre,_Z,Not Applicable,_Z,Not Applicable,_Z,Not Applicable,2002,19.62530752,WB_CLEAR,Climate and Economic Analyses for Resilience in Water (CLEAR Water),0,Units,CUR,Currency,602,CCYY,A,Normal value,PU,Public
datastructure,WB.DATA360:DS_DATA360(1.2),I,A,Annual,CYP,Cyprus,WB_CLEAR_AQUASTAT_4554,SDG 6.4.1. Services Water Use Efficiency (US$/m3),_T,Total,_T,All age ranges or no breakdown by age,_T,Total,USD_M3,US dollars per cubic metre,_Z,Not Applicable,_Z,Not Applicable,_Z,Not Applicable,2002,254.736777,WB_CLEAR,Climate and Economic Analyses for Resilience in Water (CLEAR Water),0,Units,CUR,Currency,602,CCYY,A,Normal value,PU,Public
datastructure,WB.DATA360:DS_DATA360(1.2),I,A,Annual,CZE,Czechia,WB_CLEAR_AQUASTAT_4554,SDG 6.4.1. Services Water Use Efficiency (US$/m3),_T,Total,_T,All age ranges or no breakdown by age,_T,Total,USD_M3,US dollars per cubic metre,_Z,Not Applicable,_Z,Not Applicable,_Z,Not Applicable,2002,94.23131004,WB_CLEAR,Climate and Economic Analyses for Resilience in Water (CLEAR Water),0,Units,CUR,Currency,602,CCYY,A,Normal value,PU,Public
datastructure,WB.DATA360:DS_DATA360(1.2),I,A,Annual,PRK,"Korea, Dem. People's Rep.",WB_CLEAR_AQUASTAT_4554,SDG 6.4.1. Services Water Use Efficiency (US$/m3),_T,Total,_T,All age ranges or no breakdown by age,_T,Total,USD_M3,US dollars per cubic metre,_Z,Not Applicable,_Z,Not Applicable,_Z,Not Applicable,2002,6.064109875,WB_CLEAR,Climate and Economic Analyses for Resilience in Water (CLEAR Water),0,Units,CUR,Currency,602,CCYY,A,Normal value,PU,Public
datastructure,WB.DATA360:DS_DATA360(1.2),I,A,Annual,COD,"Congo, Dem. Rep.",WB_CLEAR_AQUASTAT_4554,SDG 6.4.1. Services Water Use Efficiency (US$/m3),_T,Total,_T,All age ranges or no breakdown by age,_T,Total,USD_M3,US dollars per cubic metre,_Z,Not Applicable,_Z,Not Applicable,_Z,Not Applicable,2002,15.83000655,WB_CLEAR,Climate and Economic Analyses for Resilience in Water (CLEAR Water),0,Units,CUR,Currency,602,CCYY,A,Normal value,PU,Public
datastructure,WB.DATA360:DS_DATA360(1.2),I,A,Annual,DNK,Denmark,WB_CLEAR_AQUASTAT_4554,SDG 6.4.1. Services Water Use Efficiency (US$/m3),_T,Total,_T,All age ranges or no breakdown by age,_T,Total,USD_M3,US dollars per cubic metre,_Z,Not Applicable,_Z,Not Applicable,_Z,Not Applicable,2002,384.7016418,WB_CLEAR,Climate and Economic Analyses for Resilience in Water (CLEAR Water),0,Units,CUR,Currency,602,CCYY,A,Normal value,PU,Public
datastructure,WB.DATA360:DS_DATA360(1.2),I,A,Annual,DJI,Djibouti,WB_CLEAR_AQUASTAT_4554,SDG 6.4.1. Services Water Use Efficiency (US$/m3),_T,Total,_T,All age ranges or no breakdown by age,_T,Total,USD_M3,US dollars per cubic metre,_Z,Not Applicable,_Z,Not Applicable,_Z,Not Applicable,2002,39.46734778,WB_CLEAR,Climate and Economic Analyses for Resilience in Water (CLEAR Water),0,Units,CUR,Currency,602,CCYY,A,Normal value,PU,Public
datastructure,WB.DATA360:DS_DATA360(1.2),I,A,Annual,DOM,Dominican Republic,WB_CLEAR_AQUASTAT_4554,SDG 6.4.1. Services Water Use Efficiency (US$/m3),_T,Total,_T,All age ranges or no breakdown by age,_T,Total,USD_M3,US dollars per cubic metre,_Z,Not Applicable,_Z,Not Applicable,_Z,Not Applicable,2002,32.23343994,WB_CLEAR,Climate and Economic Analyses for Resilience in Water (CLEAR Water),0,Units,CUR,Currency,602,CCYY,A,Normal value,PU,Public
datastructure,WB.DATA360:DS_DATA360(1.2),I,A,Annual,ECU,Ecuador,WB_CLEAR_AQUASTAT_4554,SDG 6.4.1. Services Water Use Efficiency (US$/m3),_T,Total,_T,All age ranges or no breakdown by age,_T,Total,USD_M3,US dollars per cubic metre,_Z,Not Applicable,_Z,Not Applicable,_Z,Not Applicable,2002,29.47130214,WB_CLEAR,Climate and Economic Analyses for Resilience in Water (CLEAR Water),0,Units,CUR,Currency,602,CCYY,A,Normal value,PU,Public
datastructure,WB.DATA360:DS_DATA360(1.2),I,A,Annual,EGY,"Egypt, Arab Rep.",WB_CLEAR_AQUASTAT_4554,SDG 6.4.1. Services Water Use Efficiency (US$/m3),_T,Total,_T,All age ranges or no breakdown by age,_T,Total,USD_M3,US dollars per cubic metre,_Z,Not Applicable,_Z,Not Applicable,_Z,Not Applicable,2002,15.67521988,WB_CLEAR,Climate and Economic Analyses for Resilience in Water (CLEAR Water),0,Units,CUR,Currency,602,CCYY,A,Normal value,PU,Public
datastructure,WB.DATA360:DS_DATA360(1.2),I,A,Annual,SLV,El Salvador,WB_CLEAR_AQUASTAT_4554,SDG 6.4.1. Services Water Use Efficiency (US$/m3),_T,Total,_T,All age ranges or no breakdown by age,_T,Total,USD_M3,US dollars per cubic metre,_Z,Not Applicable,_Z,Not Applicable,_Z,Not Applicable,2002,27.29976236,WB_CLEAR,Climate and Economic Analyses for Resilience in Water (CLEAR Water),0,Units,CUR,Currency,602,CCYY,A,Normal value,PU,Public
datastructure,WB.DATA360:DS_DATA360(1.2),I,A,Annual,GNQ,Equatorial Guinea,WB_CLEAR_AQUASTAT_4554,SDG 6.4.1. Services Water Use Efficiency (US$/m3),_T,Total,_T,All age ranges or no breakdown by age,_T,Total,USD_M3,US dollars per cubic metre,_Z,Not Applicable,_Z,Not Applicable,_Z,Not Applicable,2002,111.983816,WB_CLEAR,Climate and Economic Analyses for Resilience in Water (CLEAR Water),0,Units,CUR,Currency,602,CCYY,A,Normal value,PU,Public
datastructure,WB.DATA360:DS_DATA360(1.2),I,A,Annual,ERI,Eritrea,WB_CLEAR_AQUASTAT_4554,SDG 6.4.1. Services Water Use Efficiency (US$/m3),_T,Total,_T,All age ranges or no breakdown by age,_T,Total,USD_M3,US dollars per cubic metre,_Z,Not Applicable,_Z,Not Applicable,_Z,Not Applicable,2002,20.52846021,WB_CLEAR,Climate and Economic Analyses for Resilience in Water (CLEAR Water),0,Units,CUR,Currency,602,CCYY,A,Normal value,PU,Public
datastructure,WB.DATA360:DS_DATA360(1.2),I,A,Annual,EST,Estonia,WB_CLEAR_AQUASTAT_4554,SDG 6.4.1. Services Water Use Efficiency (US$/m3),_T,Total,_T,All age ranges or no breakdown by age,_T,Total,USD_M3,US dollars per cubic metre,_Z,Not Applicable,_Z,Not Applicable,_Z,Not Applicable,2002,123.3055607,WB_CLEAR,Climate and Economic Analyses for Resilience in Water (CLEAR Water),0,Units,CUR,Currency,602,CCYY,A,Normal value,PU,Public
datastructure,WB.DATA360:DS_DATA360(1.2),I,A,Annual,SWZ,Eswatini,WB_CLEAR_AQUASTAT_4554,SDG 6.4.1. Services Water Use Efficiency (US$/m3),_T,Total,_T,All age ranges or no breakdown by age,_T,Total,USD_M3,US dollars per cubic metre,_Z,Not Applicable,_Z,Not Applicable,_Z,Not Applicable,2002,39.05764372,WB_CLEAR,Climate and Economic Analyses for Resilience in Water (CLEAR Water),0,Units,CUR,Currency,602,CCYY,A,Normal value,PU,Public
datastructure,WB.DATA360:DS_DATA360(1.2),I,A,Annual,ETH,Ethiopia,WB_CLEAR_AQUASTAT_4554,SDG 6.4.1. Services Water Use Efficiency (US$/m3),_T,Total,_T,All age ranges or no breakdown by age,_T,Total,USD_M3,US dollars per cubic metre,_Z,Not Applicable,_Z,Not Applicable,_Z,Not Applicable,2002,23.85606016,WB_CLEAR,Climate and Economic Analyses for Resilience in Water (CLEAR Water),0,Units,CUR,Currency,602,CCYY,A,Normal value,PU,Public
datastructure,WB.DATA360:DS_DATA360(1.2),I,A,Annual,FJI,Fiji,WB_CLEAR_AQUASTAT_4554,SDG 6.4.1. Services Water Use Efficiency (US$/m3),_T,Total,_T,All age ranges or no breakdown by age,_T,Total,USD_M3,US dollars per cubic metre,_Z,Not Applicable,_Z,Not Applicable,_Z,Not Applicable,2002,81.74763043,WB_CLEAR,Climate and Economic Analyses for Resilience in Water (CLEAR Water),0,Units,CUR,Currency,602,CCYY,A,Normal value,PU,Public
datastructure,WB.DATA360:DS_DATA360(1.2),I,A,Annual,AFG,Afghanistan,WB_CLEAR_AQUASTAT_4554,SDG 6.4.1. Services Water Use Efficiency (US$/m3),_T,Total,_T,All age ranges or no breakdown by age,_T,Total,USD_M3,US dollars per cubic metre,_Z,Not Applicable,_Z,Not Applicable,_Z,Not Applicable,2002,15.25261517,WB_CLEAR,Climate and Economic Analyses for Resilience in Water (CLEAR Water),0,Units,CUR,Currency,602,CCYY,A,Normal value,PU,Public
datastructure,WB.DATA360:DS_DATA360(1.2),I,A,Annual,ALB,Albania,WB_CLEAR_AQUASTAT_4554,SDG 6.4.1. Services Water Use Efficiency (US$/m3),_T,Total,_T,All age ranges or no breakdown by age,_T,Total,USD_M3,US dollars per cubic metre,_Z,Not Applicable,_Z,Not Applicable,_Z,Not Applicable,2002,5.650209314,WB_CLEAR,Climate and Economic Analyses for Resilience in Water (CLEAR Water),0,Units,CUR,Currency,602,CCYY,A,Normal value,PU,Public
datastructure,WB.DATA360:DS_DATA360(1.2),I,A,Annual,DZA,Algeria,WB_CLEAR_AQUASTAT_4554,SDG 6.4.1. Services Water Use Efficiency (US$/m3),_T,Total,_T,All age ranges or no breakdown by age,_T,Total,USD_M3,US dollars per cubic metre,_Z,Not Applicable,_Z,Not Applicable,_Z,Not Applicable,2002,20.40319137,WB_CLEAR,Climate and Economic Analyses for Resilience in Water (CLEAR Water),0,Units,CUR,Currency,602,CCYY,A,Normal value,PU,Public
datastructure,WB.DATA360:DS_DATA360(1.2),I,A,Annual,AGO,Angola,WB_CLEAR_AQUASTAT_4554,SDG 6.4.1. Services Water Use Efficiency (US$/m3),_T,Total,_T,All age ranges or no breakdown by age,_T,Total,USD_M3,US dollars per cubic metre,_Z,Not Applicable,_Z,Not Applicable,_Z,Not Applicable,2002,65.85540618,WB_CLEAR,Climate and Economic Analyses for Resilience in Water (CLEAR Water),0,Units,CUR,Currency,602,CCYY,A,Normal value,PU,Public
datastructure,WB.DATA360:DS_DATA360(1.2),I,A,Annual,ATG,Antigua and Barbuda,WB_CLEAR_AQUASTAT_4554,SDG 6.4.1. Services Water Use Efficiency (US$/m3),_T,Total,_T,All age ranges or no breakdown by age,_T,Total,USD_M3,US dollars per cubic metre,_Z,Not Applicable,_Z,Not Applicable,_Z,Not Applicable,2002,166.5261508,WB_CLEAR,Climate and Economic Analyses for Resilience in Water (CLEAR Water),0,Units,CUR,Currency,602,CCYY,A,Normal value,PU,Public
datastructure,WB.DATA360:DS_DATA360(1.2),I,A,Annual,ARG,Argentina,WB_CLEAR_AQUASTAT_4554,SDG 6.4.1. Services Water Use Efficiency (US$/m3),_T,Total,_T,All age ranges or no breakdown by age,_T,Total,USD_M3,US dollars per cubic metre,_Z,Not Applicable,_Z,Not Applicable,_Z,Not Applicable,2002,39.0865314,WB_CLEAR,Climate and Economic Analyses for Resilience in Water (CLEAR Water),0,Units,CUR,Currency,602,CCYY,A,Normal value,PU,Public
datastructure,WB.DATA360:DS_DATA360(1.2),I,A,Annual,ARM,Armenia,WB_CLEAR_AQUASTAT_4554,SDG 6.4.1. Services Water Use Efficiency (US$/m3),_T,Total,_T,All age ranges or no breakdown by age,_T,Total,USD_M3,US dollars per cubic metre,_Z,Not Applicable,_Z,Not Applicable,_Z,Not Applicable,2002,3.788346668,WB_CLEAR,Climate and Economic Analyses for Resilience in Water (CLEAR Water),0,Units,CUR,Currency,602,CCYY,A,Normal value,PU,Public
datastructure,WB.DATA360:DS_DATA360(1.2),I,A,Annual,AUS,Australia,WB_CLEAR_AQUASTAT_4554,SDG 6.4.1. Services Water Use Efficiency (US$/m3),_T,Total,_T,All age ranges or no breakdown by age,_T,Total,USD_M3,US dollars per cubic metre,_Z,Not Applicable,_Z,Not Applicable,_Z,Not Applicable,2002,130.8715629,WB_CLEAR,Climate and Economic Analyses for Resilience in Water (CLEAR Water),0,Units,CUR,Currency,602,CCYY,A,Normal value,PU,Public
datastructure,WB.DATA360:DS_DATA360(1.2),I,A,Annual,AUT,Austria,WB_CLEAR_AQUASTAT_4554,SDG 6.4.1. Services Water Use Efficiency (US$/m3),_T,Total,_T,All age ranges or no breakdown by age,_T,Total,USD_M3,US dollars per cubic metre,_Z,Not Applicable,_Z,Not Applicable,_Z,Not Applicable,2002,312.9345429,WB_CLEAR,Climate and Economic Analyses for Resilience in Water (CLEAR Water),0,Units,CUR,Currency,602,CCYY,A,Normal value,PU,Public
datastructure,WB.DATA360:DS_DATA360(1.2),I,A,Annual,CAN,Canada,WB_CLEAR_AQUASTAT_4554,SDG 6.4.1. Services Water Use Efficiency (US$/m3),_T,Total,_T,All age ranges or no breakdown by age,_T,Total,USD_M3,US dollars per cubic metre,_Z,Not Applicable,_Z,Not Applicable,_Z,Not Applicable,2012,195.4189011,WB_CLEAR,Climate and Economic Analyses for Resilience in Water (CLEAR Water),0,Units,CUR,Currency,602,CCYY,A,Normal value,PU,Public
datastructure,WB.DATA360:DS_DATA360(1.2),I,A,Annual,DEU,Germany,WB_CLEAR_AQUASTAT_4554,SDG 6.4.1. Services Water Use Efficiency (US$/m3),_T,Total,_T,All age ranges or no breakdown by age,_T,Total,USD_M3,US dollars per cubic metre,_Z,Not Applicable,_Z,Not Applicable,_Z,Not Applicable,2012,197.4270631,WB_CLEAR,Climate and Economic Analyses for Resilience in Water (CLEAR Water),0,Units,CUR,Currency,602,CCYY,A,Normal value,PU,Public
datastructure,WB.DATA360:DS_DATA360(1.2),I,A,Annual,CHL,Chile,WB_CLEAR_AQUASTAT_4554,SDG 6.4.1. Services Water Use Efficiency (US$/m3),_T,Total,_T,All age ranges or no breakdown by age,_T,Total,USD_M3,US dollars per cubic metre,_Z,Not Applicable,_Z,Not Applicable,_Z,Not Applicable,2012,102.6178787,WB_CLEAR,Climate and Economic Analyses for Resilience in Water (CLEAR Water),0,Units,CUR,Currency,602,CCYY,A,Normal value,PU,Public
datastructure,WB.DATA360:DS_DATA360(1.2),I,A,Annual,AZE,Azerbaijan,WB_CLEAR_AQUASTAT_4554,SDG 6.4.1. Services Water Use Efficiency (US$/m3),_T,Total,_T,All age ranges or no breakdown by age,_T,Total,USD_M3,US dollars per cubic metre,_Z,Not Applicable,_Z,Not Applicable,_Z,Not Applicable,2012,30.91845297,WB_CLEAR,Climate and Economic Analyses for Resilience in Water (CLEAR Water),0,Units,CUR,Currency,602,CCYY,A,Normal value,PU,Public
datastructure,WB.DATA360:DS_DATA360(1.2),I,A,Annual,BHS,"Bahamas, The",WB_CLEAR_AQUASTAT_4554,SDG 6.4.1. Services Water Use Efficiency (US$/m3),_T,Total,_T,All age ranges or no breakdown by age,_T,Total,USD_M3,US dollars per cubic metre,_Z,Not Applicable,_Z,Not Applicable,_Z,Not Applicable,2012,307.6117006,WB_CLEAR,Climate and Economic Analyses for Resilience in Water (CLEAR Water),0,Units,CUR,Currency,602,CCYY,A,Normal value,PU,Public
datastructure,WB.DATA360:DS_DATA360(1.2),I,A,Annual,BHR,Bahrain,WB_CLEAR_AQUASTAT_4554,SDG 6.4.1. Services Water Use Efficiency (US$/m3),_T,Total,_T,All age ranges or no breakdown by age,_T,Total,USD_M3,US dollars per cubic metre,_Z,Not Applicable,_Z,Not Applicable,_Z,Not Applicable,2012,56.31008968,WB_CLEAR,Climate and Economic Analyses for Resilience in Water (CLEAR Water),0,Units,CUR,Currency,602,CCYY,A,Normal value,PU,Public
datastructure,WB.DATA360:DS_DATA360(1.2),I,A,Annual,BGD,Bangladesh,WB_CLEAR_AQUASTAT_4554,SDG 6.4.1. Services Water Use Efficiency (US$/m3),_T,Total,_T,All age ranges or no breakdown by age,_T,Total,USD_M3,US dollars per cubic metre,_Z,Not Applicable,_Z,Not Applicable,_Z,Not Applicable,2012,24.57117802,WB_CLEAR,Climate and Economic Analyses for Resilience in Water (CLEAR Water),0,Units,CUR,Currency,602,CCYY,A,Normal value,PU,Public
datastructure,WB.DATA360:DS_DATA360(1.2),I,A,Annual,BRB,Barbados,WB_CLEAR_AQUASTAT_4554,SDG 6.4.1. Services Water Use Efficiency (US$/m3),_T,Total,_T,All age ranges or no breakdown by age,_T,Total,USD_M3,US dollars per cubic metre,_Z,Not Applicable,_Z,Not Applicable,_Z,Not Applicable,2012,174.2572641,WB_CLEAR,Climate and Economic Analyses for Resilience in Water (CLEAR Water),0,Units,CUR,Currency,602,CCYY,A,Normal value,PU,Public
datastructure,WB.DATA360:DS_DATA360(1.2),I,A,Annual,BLR,Belarus,WB_CLEAR_AQUASTAT_4554,SDG 6.4.1. Services Water Use Efficiency (US$/m3),_T,Total,_T,All age ranges or no breakdown by age,_T,Total,USD_M3,US dollars per cubic metre,_Z,Not Applicable,_Z,Not Applicable,_Z,Not Applicable,2012,47.33363648,WB_CLEAR,Climate and Economic Analyses for Resilience in Water (CLEAR Water),0,Units,CUR,Currency,602,CCYY,A,Normal value,PU,Public
datastructure,WB.DATA360:DS_DATA360(1.2),I,A,Annual,BEL,Belgium,WB_CLEAR_AQUASTAT_4554,SDG 6.4.1. Services Water Use Efficiency (US$/m3),_T,Total,_T,All age ranges or no breakdown by age,_T,Total,USD_M3,US dollars per cubic metre,_Z,Not Applicable,_Z,Not Applicable,_Z,Not Applicable,2012,434.7197879,WB_CLEAR,Climate and Economic Analyses for Resilience in Water (CLEAR Water),0,Units,CUR,Currency,602,CCYY,A,Normal value,PU,Public
datastructure,WB.DATA360:DS_DATA360(1.2),I,A,Annual,BLZ,Belize,WB_CLEAR_AQUASTAT_4554,SDG 6.4.1. Services Water Use Efficiency (US$/m3),_T,Total,_T,All age ranges or no breakdown by age,_T,Total,USD_M3,US dollars per cubic metre,_Z,Not Applicable,_Z,Not Applicable,_Z,Not Applicable,2012,86.32955164,WB_CLEAR,Climate and Economic Analyses for Resilience in Water (CLEAR Water),0,Units,CUR,Currency,602,CCYY,A,Normal value,PU,Public
datastructure,WB.DATA360:DS_DATA360(1.2),I,A,Annual,BEN,Benin,WB_CLEAR_AQUASTAT_4554,SDG 6.4.1. Services Water Use Efficiency (US$/m3),_T,Total,_T,All age ranges or no breakdown by age,_T,Total,USD_M3,US dollars per cubic metre,_Z,Not Applicable,_Z,Not Applicable,_Z,Not Applicable,2012,24.52065826,WB_CLEAR,Climate and Economic Analyses for Resilience in Water (CLEAR Water),0,Units,CUR,Currency,602,CCYY,A,Normal value,PU,Public
datastructure,WB.DATA360:DS_DATA360(1.2),I,A,Annual,BTN,Bhutan,WB_CLEAR_AQUASTAT_4554,SDG 6.4.1. Services Water Use Efficiency (US$/m3),_T,Total,_T,All age ranges or no breakdown by age,_T,Total,USD_M3,US dollars per cubic metre,_Z,Not Applicable,_Z,Not Applicable,_Z,Not Applicable,2012,51.06156024,WB_CLEAR,Climate and Economic Analyses for Resilience in Water (CLEAR Water),0,Units,CUR,Currency,602,CCYY,A,Normal value,PU,Public
datastructure,WB.DATA360:DS_DATA360(1.2),I,A,Annual,FIN,Finland,WB_CLEAR_AQUASTAT_4554,SDG 6.4.1. Services Water Use Efficiency (US$/m3),_T,Total,_T,All age ranges or no breakdown by age,_T,Total,USD_M3,US dollars per cubic metre,_Z,Not Applicable,_Z,Not Applicable,_Z,Not Applicable,2012,367.3274953,WB_CLEAR,Climate and Economic Analyses for Resilience in Water (CLEAR Water),0,Units,CUR,Currency,602,CCYY,A,Normal value,PU,Public
datastructure,WB.DATA360:DS_DATA360(1.2),I,A,Annual,FRA,France,WB_CLEAR_AQUASTAT_4554,SDG 6.4.1. Services Water Use Efficiency (US$/m3),_T,Total,_T,All age ranges or no breakdown by age,_T,Total,USD_M3,US dollars per cubic metre,_Z,Not Applicable,_Z,Not Applicable,_Z,Not Applicable,2012,319.7306944,WB_CLEAR,Climate and Economic Analyses for Resilience in Water (CLEAR Water),0,Units,CUR,Currency,602,CCYY,A,Normal value,PU,Public
datastructure,WB.DATA360:DS_DATA360(1.2),I,A,Annual,GAB,Gabon,WB_CLEAR_AQUASTAT_4554,SDG 6.4.1. Services Water Use Efficiency (US$/m3),_T,Total,_T,All age ranges or no breakdown by age,_T,Total,USD_M3,US dollars per cubic metre,_Z,Not Applicable,_Z,Not Applicable,_Z,Not Applicable,2012,47.18778483,WB_CLEAR,Climate and Economic Analyses for Resilience in Water (CLEAR Water),0,Units,CUR,Currency,602,CCYY,A,Normal value,PU,Public
datastructure,WB.DATA360:DS_DATA360(1.2),I,A,Annual,GMB,"Gambia, The",WB_CLEAR_AQUASTAT_4554,SDG 6.4.1. Services Water Use Efficiency (US$/m3),_T,Total,_T,All age ranges or no breakdown by age,_T,Total,USD_M3,US dollars per cubic metre,_Z,Not Applicable,_Z,Not Applicable,_Z,Not Applicable,2012,17.75847569,WB_CLEAR,Climate and Economic Analyses for Resilience in Water (CLEAR Water),0,Units,CUR,Currency,602,CCYY,A,Normal value,PU,Public
datastructure,WB.DATA360:DS_DATA360(1.2),I,A,Annual,GEO,Georgia,WB_CLEAR_AQUASTAT_4554,SDG 6.4.1. Services Water Use Efficiency (US$/m3),_T,Total,_T,All age ranges or no breakdown by age,_T,Total,USD_M3,US dollars per cubic metre,_Z,Not Applicable,_Z,Not Applicable,_Z,Not Applicable,2012,13.23759659,WB_CLEAR,Climate and Economic Analyses for Resilience in Water (CLEAR Water),0,Units,CUR,Currency,602,CCYY,A,Normal value,PU,Public
datastructure,WB.DATA360:DS_DATA360(1.2),I,A,Annual,GHA,Ghana,WB_CLEAR_AQUASTAT_4554,SDG 6.4.1. Services Water Use Efficiency (US$/m3),_T,Total,_T,All age ranges or no breakdown by age,_T,Total,USD_M3,US dollars per cubic metre,_Z,Not Applicable,_Z,Not Applicable,_Z,Not Applicable,2012,68.00885021,WB_CLEAR,Climate and Economic Analyses for Resilience in Water (CLEAR Water),0,Units,CUR,Currency,602,CCYY,A,Normal value,PU,Public
datastructure,WB.DATA360:DS_DATA360(1.2),I,A,Annual,GRC,Greece,WB_CLEAR_AQUASTAT_4554,SDG 6.4.1. Services Water Use Efficiency (US$/m3),_T,Total,_T,All age ranges or no breakdown by age,_T,Total,USD_M3,US dollars per cubic metre,_Z,Not Applicable,_Z,Not Applicable,_Z,Not Applicable,2012,98.14602356,WB_CLEAR,Climate and Economic Analyses for Resilience in Water (CLEAR Water),0,Units,CUR,Currency,602,CCYY,A,Normal value,PU,Public
datastructure,WB.DATA360:DS_DATA360(1.2),I,A,Annual,GTM,Guatemala,WB_CLEAR_AQUASTAT_4554,SDG 6.4.1. Services Water Use Efficiency (US$/m3),_T,Total,_T,All age ranges or no breakdown by age,_T,Total,USD_M3,US dollars per cubic metre,_Z,Not Applicable,_Z,Not Applicable,_Z,Not Applicable,2012,40.81372911,WB_CLEAR,Climate and Economic Analyses for Resilience in Water (CLEAR Water),0,Units,CUR,Currency,602,CCYY,A,Normal value,PU,Public
datastructure,WB.DATA360:DS_DATA360(1.2),I,A,Annual,GIN,Guinea,WB_CLEAR_AQUASTAT_4554,SDG 6.4.1. Services Water Use Efficiency (US$/m3),_T,Total,_T,All age ranges or no breakdown by age,_T,Total,USD_M3,US dollars per cubic metre,_Z,Not Applicable,_Z,Not Applicable,_Z,Not Applicable,2012,15.33506791,WB_CLEAR,Climate and Economic Analyses for Resilience in Water (CLEAR Water),0,Units,CUR,Currency,602,CCYY,A,Normal value,PU,Public
datastructure,WB.DATA360:DS_DATA360(1.2),I,A,Annual,GNB,Guinea-Bissau,WB_CLEAR_AQUASTAT_4554,SDG 6.4.1. Services Water Use Efficiency (US$/m3),_T,Total,_T,All age ranges or no breakdown by age,_T,Total,USD_M3,US dollars per cubic metre,_Z,Not Applicable,_Z,Not Applicable,_Z,Not Applicable,2012,10.72112255,WB_CLEAR,Climate and Economic Analyses for Resilience in Water (CLEAR Water),0,Units,CUR,Currency,602,CCYY,A,Normal value,PU,Public
datastructure,WB.DATA360:DS_DATA360(1.2),I,A,Annual,GUY,Guyana,WB_CLEAR_AQUASTAT_4554,SDG 6.4.1. Services Water Use Efficiency (US$/m3),_T,Total,_T,All age ranges or no breakdown by age,_T,Total,USD_M3,US dollars per cubic metre,_Z,Not Applicable,_Z,Not Applicable,_Z,Not Applicable,2012,20.38369298,WB_CLEAR,Climate and Economic Analyses for Resilience in Water (CLEAR Water),0,Units,CUR,Currency,602,CCYY,A,Normal value,PU,Public
datastructure,WB.DATA360:DS_DATA360(1.2),I,A,Annual,HTI,Haiti,WB_CLEAR_AQUASTAT_4554,SDG 6.4.1. Services Water Use Efficiency (US$/m3),_T,Total,_T,All age ranges or no breakdown by age,_T,Total,USD_M3,US dollars per cubic metre,_Z,Not Applicable,_Z,Not Applicable,_Z,Not Applicable,2012,20.39177065,WB_CLEAR,Climate and Economic Analyses for Resilience in Water (CLEAR Water),0,Units,CUR,Currency,602,CCYY,A,Normal value,PU,Public
datastructure,WB.DATA360:DS_DATA360(1.2),I,A,Annual,HND,Honduras,WB_CLEAR_AQUASTAT_4554,SDG 6.4.1. Services Water Use Efficiency (US$/m3),_T,Total,_T,All age ranges or no breakdown by age,_T,Total,USD_M3,US dollars per cubic metre,_Z,Not Applicable,_Z,Not Applicable,_Z,Not Applicable,2012,36.37025106,WB_CLEAR,Climate and Economic Analyses for Resilience in Water (CLEAR Water),0,Units,CUR,Currency,602,CCYY,A,Normal value,PU,Public
datastructure,WB.DATA360:DS_DATA360(1.2),I,A,Annual,HUN,Hungary,WB_CLEAR_AQUASTAT_4554,SDG 6.4.1. Services Water Use Efficiency (US$/m3),_T,Total,_T,All age ranges or no breakdown by age,_T,Total,USD_M3,US dollars per cubic metre,_Z,Not Applicable,_Z,Not Applicable,_Z,Not Applicable,2012,91.83065481,WB_CLEAR,Climate and Economic Analyses for Resilience in Water (CLEAR Water),0,Units,CUR,Currency,602,CCYY,A,Normal value,PU,Public
datastructure,WB.DATA360:DS_DATA360(1.2),I,A,Annual,ISL,Iceland,WB_CLEAR_AQUASTAT_4554,SDG 6.4.1. Services Water Use Efficiency (US$/m3),_T,Total,_T,All age ranges or no breakdown by age,_T,Total,USD_M3,US dollars per cubic metre,_Z,Not Applicable,_Z,Not Applicable,_Z,Not Applicable,2012,110.5712227,WB_CLEAR,Climate and Economic Analyses for Resilience in Water (CLEAR Water),0,Units,CUR,Currency,602,CCYY,A,Normal value,PU,Public
datastructure,WB.DATA360:DS_DATA360(1.2),I,A,Annual,IND,India,WB_CLEAR_AQUASTAT_4554,SDG 6.4.1. Services Water Use Efficiency (US$/m3),_T,Total,_T,All age ranges or no breakdown by age,_T,Total,USD_M3,US dollars per cubic metre,_Z,Not Applicable,_Z,Not Applicable,_Z,Not Applicable,2012,15.05565156,WB_CLEAR,Climate and Economic Analyses for Resilience in Water (CLEAR Water),0,Units,CUR,Currency,602,CCYY,A,Normal value,PU,Public
datastructure,WB.DATA360:DS_DATA360(1.2),I,A,Annual,IDN,Indonesia,WB_CLEAR_AQUASTAT_4554,SDG 6.4.1. Services Water Use Efficiency (US$/m3),_T,Total,_T,All age ranges or no breakdown by age,_T,Total,USD_M3,US dollars per cubic metre,_Z,Not Applicable,_Z,Not Applicable,_Z,Not Applicable,2012,15.39442114,WB_CLEAR,Climate and Economic Analyses for Resilience in Water (CLEAR Water),0,Units,CUR,Currency,602,CCYY,A,Normal value,PU,Public
datastructure,WB.DATA360:DS_DATA360(1.2),I,A,Annual,IRN,"Iran, Islamic Rep.",WB_CLEAR_AQUASTAT_4554,SDG 6.4.1. Services Water Use Efficiency (US$/m3),_T,Total,_T,All age ranges or no breakdown by age,_T,Total,USD_M3,US dollars per cubic metre,_Z,Not Applicable,_Z,Not Applicable,_Z,Not Applicable,2012,34.36916605,WB_CLEAR,Climate and Economic Analyses for Resilience in Water (CLEAR Water),0,Units,CUR,Currency,602,CCYY,A,Normal value,PU,Public
datastructure,WB.DATA360:DS_DATA360(1.2),I,A,Annual,IRQ,Iraq,WB_CLEAR_AQUASTAT_4554,SDG 6.4.1. Services Water Use Efficiency (US$/m3),_T,Total,_T,All age ranges or no breakdown by age,_T,Total,USD_M3,US dollars per cubic metre,_Z,Not Applicable,_Z,Not Applicable,_Z,Not Applicable,2012,32.15303121,WB_CLEAR,Climate and Economic Analyses for Resilience in Water (CLEAR Water),0,Units,CUR,Currency,602,CCYY,A,Normal value,PU,Public
datastructure,WB.DATA360:DS_DATA360(1.2),I,A,Annual,IRL,Ireland,WB_CLEAR_AQUASTAT_4554,SDG 6.4.1. Services Water Use Efficiency (US$/m3),_T,Total,_T,All age ranges or no breakdown by age,_T,Total,USD_M3,US dollars per cubic metre,_Z,Not Applicable,_Z,Not Applicable,_Z,Not Applicable,2012,226.902697,WB_CLEAR,Climate and Economic Analyses for Resilience in Water (CLEAR Water),0,Units,CUR,Currency,602,CCYY,A,Normal value,PU,Public
datastructure,WB.DATA360:DS_DATA360(1.2),I,A,Annual,ISR,Israel,WB_CLEAR_AQUASTAT_4554,SDG 6.4.1. Services Water Use Efficiency (US$/m3),_T,Total,_T,All age ranges or no breakdown by age,_T,Total,USD_M3,US dollars per cubic metre,_Z,Not Applicable,_Z,Not Applicable,_Z,Not Applicable,2012,241.7927017,WB_CLEAR,Climate and Economic Analyses for Resilience in Water (CLEAR Water),0,Units,CUR,Currency,602,CCYY,A,Normal value,PU,Public
datastructure,WB.DATA360:DS_DATA360(1.2),I,A,Annual,ITA,Italy,WB_CLEAR_AQUASTAT_4554,SDG 6.4.1. Services Water Use Efficiency (US$/m3),_T,Total,_T,All age ranges or no breakdown by age,_T,Total,USD_M3,US dollars per cubic metre,_Z,Not Applicable,_Z,Not Applicable,_Z,Not Applicable,2012,135.1347216,WB_CLEAR,Climate and Economic Analyses for Resilience in Water (CLEAR Water),0,Units,CUR,Currency,602,CCYY,A,Normal value,PU,Public
datastructure,WB.DATA360:DS_DATA360(1.2),I,A,Annual,JAM,Jamaica,WB_CLEAR_AQUASTAT_4554,SDG 6.4.1. Services Water Use Efficiency (US$/m3),_T,Total,_T,All age ranges or no breakdown by age,_T,Total,USD_M3,US dollars per cubic metre,_Z,Not Applicable,_Z,Not Applicable,_Z,Not Applicable,2012,31.8423074,WB_CLEAR,Climate and Economic Analyses for Resilience in Water (CLEAR Water),0,Units,CUR,Currency,602,CCYY,A,Normal value,PU,Public
datastructure,WB.DATA360:DS_DATA360(1.2),I,A,Annual,JPN,Japan,WB_CLEAR_AQUASTAT_4554,SDG 6.4.1. Services Water Use Efficiency (US$/m3),_T,Total,_T,All age ranges or no breakdown by age,_T,Total,USD_M3,US dollars per cubic metre,_Z,Not Applicable,_Z,Not Applicable,_Z,Not Applicable,2012,206.3654832,WB_CLEAR,Climate and Economic Analyses for Resilience in Water (CLEAR Water),0,Units,CUR,Currency,602,CCYY,A,Normal value,PU,Public
datastructure,WB.DATA360:DS_DATA360(1.2),I,A,Annual,JOR,Jordan,WB_CLEAR_AQUASTAT_4554,SDG 6.4.1. Services Water Use Efficiency (US$/m3),_T,Total,_T,All age ranges or no breakdown by age,_T,Total,USD_M3,US dollars per cubic metre,_Z,Not Applicable,_Z,Not Applicable,_Z,Not Applicable,2012,63.08945168,WB_CLEAR,Climate and Economic Analyses for Resilience in Water (CLEAR Water),0,Units,CUR,Currency,602,CCYY,A,Normal value,PU,Public
datastructure,WB.DATA360:DS_DATA360(1.2),I,A,Annual,KAZ,Kazakhstan,WB_CLEAR_AQUASTAT_4554,SDG 6.4.1. Services Water Use Efficiency (US$/m3),_T,Total,_T,All age ranges or no breakdown by age,_T,Total,USD_M3,US dollars per cubic metre,_Z,Not Applicable,_Z,Not Applicable,_Z,Not Applicable,2012,35.40848769,WB_CLEAR,Climate and Economic Analyses for Resilience in Water (CLEAR Water),0,Units,CUR,Currency,602,CCYY,A,Normal value,PU,Public
datastructure,WB.DATA360:DS_DATA360(1.2),I,A,Annual,KEN,Kenya,WB_CLEAR_AQUASTAT_4554,SDG 6.4.1. Services Water Use Efficiency (US$/m3),_T,Total,_T,All age ranges or no breakdown by age,_T,Total,USD_M3,US dollars per cubic metre,_Z,Not Applicable,_Z,Not Applicable,_Z,Not Applicable,2012,22.75917177,WB_CLEAR,Climate and Economic Analyses for Resilience in Water (CLEAR Water),0,Units,CUR,Currency,602,CCYY,A,Normal value,PU,Public
datastructure,WB.DATA360:DS_DATA360(1.2),I,A,Annual,KWT,Kuwait,WB_CLEAR_AQUASTAT_4554,SDG 6.4.1. Services Water Use Efficiency (US$/m3),_T,Total,_T,All age ranges or no breakdown by age,_T,Total,USD_M3,US dollars per cubic metre,_Z,Not Applicable,_Z,Not Applicable,_Z,Not Applicable,2012,96.36124045,WB_CLEAR,Climate and Economic Analyses for Resilience in Water (CLEAR Water),0,Units,CUR,Currency,602,CCYY,A,Normal value,PU,Public
datastructure,WB.DATA360:DS_DATA360(1.2),I,A,Annual,KGZ,Kyrgyz Republic,WB_CLEAR_AQUASTAT_4554,SDG 6.4.1. Services Water Use Efficiency (US$/m3),_T,Total,_T,All age ranges or no breakdown by age,_T,Total,USD_M3,US dollars per cubic metre,_Z,Not Applicable,_Z,Not Applicable,_Z,Not Applicable,2012,13.39576324,WB_CLEAR,Climate and Economic Analyses for Resilience in Water (CLEAR Water),0,Units,CUR,Currency,602,CCYY,A,Normal value,PU,Public
datastructure,WB.DATA360:DS_DATA360(1.2),I,A,Annual,LAO,Lao PDR,WB_CLEAR_AQUASTAT_4554,SDG 6.4.1. Services Water Use Efficiency (US$/m3),_T,Total,_T,All age ranges or no breakdown by age,_T,Total,USD_M3,US dollars per cubic metre,_Z,Not Applicable,_Z,Not Applicable,_Z,Not Applicable,2012,41.62271416,WB_CLEAR,Climate and Economic Analyses for Resilience in Water (CLEAR Water),0,Units,CUR,Currency,602,CCYY,A,Normal value,PU,Public
datastructure,WB.DATA360:DS_DATA360(1.2),I,A,Annual,LVA,Latvia,WB_CLEAR_AQUASTAT_4554,SDG 6.4.1. Services Water Use Efficiency (US$/m3),_T,Total,_T,All age ranges or no breakdown by age,_T,Total,USD_M3,US dollars per cubic metre,_Z,Not Applicable,_Z,Not Applicable,_Z,Not Applicable,2012,104.3420312,WB_CLEAR,Climate and Economic Analyses for Resilience in Water (CLEAR Water),0,Units,CUR,Currency,602,CCYY,A,Normal value,PU,Public
datastructure,WB.DATA360:DS_DATA360(1.2),I,A,Annual,LBN,Lebanon,WB_CLEAR_AQUASTAT_4554,SDG 6.4.1. Services Water Use Efficiency (US$/m3),_T,Total,_T,All age ranges or no breakdown by age,_T,Total,USD_M3,US dollars per cubic metre,_Z,Not Applicable,_Z,Not Applicable,_Z,Not Applicable,2012,125.9112188,WB_CLEAR,Climate and Economic Analyses for Resilience in Water (CLEAR Water),0,Units,CUR,Currency,602,CCYY,A,Normal value,PU,Public
datastructure,WB.DATA360:DS_DATA360(1.2),I,A,Annual,LSO,Lesotho,WB_CLEAR_AQUASTAT_4554,SDG 6.4.1. Services Water Use Efficiency (US$/m3),_T,Total,_T,All age ranges or no breakdown by age,_T,Total,USD_M3,US dollars per cubic metre,_Z,Not Applicable,_Z,Not Applicable,_Z,Not Applicable,2012,70.38658925,WB_CLEAR,Climate and Economic Analyses for Resilience in Water (CLEAR Water),0,Units,CUR,Currency,602,CCYY,A,Normal value,PU,Public
datastructure,WB.DATA360:DS_DATA360(1.2),I,A,Annual,LBR,Liberia,WB_CLEAR_AQUASTAT_4554,SDG 6.4.1. Services Water Use Efficiency (US$/m3),_T,Total,_T,All age ranges or no breakdown by age,_T,Total,USD_M3,US dollars per cubic metre,_Z,Not Applicable,_Z,Not Applicable,_Z,Not Applicable,2012,4.037181774,WB_CLEAR,Climate and Economic Analyses for Resilience in Water (CLEAR Water),0,Units,CUR,Currency,602,CCYY,A,Normal value,PU,Public
datastructure,WB.DATA360:DS_DATA360(1.2),I,A,Annual,LBY,Libya,WB_CLEAR_AQUASTAT_4554,SDG 6.4.1. Services Water Use Efficiency (US$/m3),_T,Total,_T,All age ranges or no breakdown by age,_T,Total,USD_M3,US dollars per cubic metre,_Z,Not Applicable,_Z,Not Applicable,_Z,Not Applicable,2012,64.72974157,WB_CLEAR,Climate and Economic Analyses for Resilience in Water (CLEAR Water),0,Units,CUR,Currency,602,CCYY,A,Normal value,PU,Public
datastructure,WB.DATA360:DS_DATA360(1.2),I,A,Annual,LTU,Lithuania,WB_CLEAR_AQUASTAT_4554,SDG 6.4.1. Services Water Use Efficiency (US$/m3),_T,Total,_T,All age ranges or no breakdown by age,_T,Total,USD_M3,US dollars per cubic metre,_Z,Not Applicable,_Z,Not Applicable,_Z,Not Applicable,2012,224.6990258,WB_CLEAR,Climate and Economic Analyses for Resilience in Water (CLEAR Water),0,Units,CUR,Currency,602,CCYY,A,Normal value,PU,Public
datastructure,WB.DATA360:DS_DATA360(1.2),I,A,Annual,LUX,Luxembourg,WB_CLEAR_AQUASTAT_4554,SDG 6.4.1. Services Water Use Efficiency (US$/m3),_T,Total,_T,All age ranges or no breakdown by age,_T,Total,USD_M3,US dollars per cubic metre,_Z,Not Applicable,_Z,Not Applicable,_Z,Not Applicable,2012,1002.511581,WB_CLEAR,Climate and Economic Analyses for Resilience in Water (CLEAR Water),0,Units,CUR,Currency,602,CCYY,A,Normal value,PU,Public
datastructure,WB.DATA360:DS_DATA360(1.2),I,A,Annual,MDG,Madagascar,WB_CLEAR_AQUASTAT_4554,SDG 6.4.1. Services Water Use Efficiency (US$/m3),_T,Total,_T,All age ranges or no breakdown by age,_T,Total,USD_M3,US dollars per cubic metre,_Z,Not Applicable,_Z,Not Applicable,_Z,Not Applicable,2012,13.66705553,WB_CLEAR,Climate and Economic Analyses for Resilience in Water (CLEAR Water),0,Units,CUR,Currency,602,CCYY,A,Normal value,PU,Public
datastructure,WB.DATA360:DS_DATA360(1.2),I,A,Annual,MWI,Malawi,WB_CLEAR_AQUASTAT_4554,SDG 6.4.1. Services Water Use Efficiency (US$/m3),_T,Total,_T,All age ranges or no breakdown by age,_T,Total,USD_M3,US dollars per cubic metre,_Z,Not Applicable,_Z,Not Applicable,_Z,Not Applicable,2012,17.89202565,WB_CLEAR,Climate and Economic Analyses for Resilience in Water (CLEAR Water),0,Units,CUR,Currency,602,CCYY,A,Normal value,PU,Public
datastructure,WB.DATA360:DS_DATA360(1.2),I,A,Annual,MYS,Malaysia,WB_CLEAR_AQUASTAT_4554,SDG 6.4.1. Services Water Use Efficiency (US$/m3),_T,Total,_T,All age ranges or no breakdown by age,_T,Total,USD_M3,US dollars per cubic metre,_Z,Not Applicable,_Z,Not Applicable,_Z,Not Applicable,2012,100.0728276,WB_CLEAR,Climate and Economic Analyses for Resilience in Water (CLEAR Water),0,Units,CUR,Currency,602,CCYY,A,Normal value,PU,Public
datastructure,WB.DATA360:DS_DATA360(1.2),I,A,Annual,MDV,Maldives,WB_CLEAR_AQUASTAT_4554,SDG 6.4.1. Services Water Use Efficiency (US$/m3),_T,Total,_T,All age ranges or no breakdown by age,_T,Total,USD_M3,US dollars per cubic metre,_Z,Not Applicable,_Z,Not Applicable,_Z,Not Applicable,2012,478.0666813,WB_CLEAR,Climate and Economic Analyses for Resilience in Water (CLEAR Water),0,Units,CUR,Currency,602,CCYY,A,Normal value,PU,Public
datastructure,WB.DATA360:DS_DATA360(1.2),I,A,Annual,MLI,Mali,WB_CLEAR_AQUASTAT_4554,SDG 6.4.1. Services Water Use Efficiency (US$/m3),_T,Total,_T,All age ranges or no breakdown by age,_T,Total,USD_M3,US dollars per cubic metre,_Z,Not Applicable,_Z,Not Applicable,_Z,Not Applicable,2012,35.33128372,WB_CLEAR,Climate and Economic Analyses for Resilience in Water (CLEAR Water),0,Units,CUR,Currency,602,CCYY,A,Normal value,PU,Public
datastructure,WB.DATA360:DS_DATA360(1.2),I,A,Annual,MLT,Malta,WB_CLEAR_AQUASTAT_4554,SDG 6.4.1. Services Water Use Efficiency (US$/m3),_T,Total,_T,All age ranges or no breakdown by age,_T,Total,USD_M3,US dollars per cubic metre,_Z,Not Applicable,_Z,Not Applicable,_Z,Not Applicable,2012,410.1672108,WB_CLEAR,Climate and Economic Analyses for Resilience in Water (CLEAR Water),0,Units,CUR,Currency,602,CCYY,A,Normal value,PU,Public
datastructure,WB.DATA360:DS_DATA360(1.2),I,A,Annual,MRT,Mauritania,WB_CLEAR_AQUASTAT_4554,SDG 6.4.1. Services Water Use Efficiency (US$/m3),_T,Total,_T,All age ranges or no breakdown by age,_T,Total,USD_M3,US dollars per cubic metre,_Z,Not Applicable,_Z,Not Applicable,_Z,Not Applicable,2012,22.09331191,WB_CLEAR,Climate and Economic Analyses for Resilience in Water (CLEAR Water),0,Units,CUR,Currency,602,CCYY,A,Normal value,PU,Public
datastructure,WB.DATA360:DS_DATA360(1.2),I,A,Annual,MUS,Mauritius,WB_CLEAR_AQUASTAT_4554,SDG 6.4.1. Services Water Use Efficiency (US$/m3),_T,Total,_T,All age ranges or no breakdown by age,_T,Total,USD_M3,US dollars per cubic metre,_Z,Not Applicable,_Z,Not Applicable,_Z,Not Applicable,2012,33.3239635,WB_CLEAR,Climate and Economic Analyses for Resilience in Water (CLEAR Water),0,Units,CUR,Currency,602,CCYY,A,Normal value,PU,Public
datastructure,WB.DATA360:DS_DATA360(1.2),I,A,Annual,MEX,Mexico,WB_CLEAR_AQUASTAT_4554,SDG 6.4.1. Services Water Use Efficiency (US$/m3),_T,Total,_T,All age ranges or no breakdown by age,_T,Total,USD_M3,US dollars per cubic metre,_Z,Not Applicable,_Z,Not Applicable,_Z,Not Applicable,2012,55.79529862,WB_CLEAR,Climate and Economic Analyses for Resilience in Water (CLEAR Water),0,Units,CUR,Currency,602,CCYY,A,Normal value,PU,Public
datastructure,WB.DATA360:DS_DATA360(1.2),I,A,Annual,MCO,Monaco,WB_CLEAR_AQUASTAT_4554,SDG 6.4.1. Services Water Use Efficiency (US$/m3),_T,Total,_T,All age ranges or no breakdown by age,_T,Total,USD_M3,US dollars per cubic metre,_Z,Not Applicable,_Z,Not Applicable,_Z,Not Applicable,2012,884.9751134,WB_CLEAR,Climate and Economic Analyses for Resilience in Water (CLEAR Water),0,Units,CUR,Currency,602,CCYY,A,Normal value,PU,Public
datastructure,WB.DATA360:DS_DATA360(1.2),I,A,Annual,MNG,Mongolia,WB_CLEAR_AQUASTAT_4554,SDG 6.4.1. Services Water Use Efficiency (US$/m3),_T,Total,_T,All age ranges or no breakdown by age,_T,Total,USD_M3,US dollars per cubic metre,_Z,Not Applicable,_Z,Not Applicable,_Z,Not Applicable,2012,63.59835498,WB_CLEAR,Climate and Economic Analyses for Resilience in Water (CLEAR Water),0,Units,CUR,Currency,602,CCYY,A,Normal value,PU,Public
datastructure,WB.DATA360:DS_DATA360(1.2),I,A,Annual,MNE,Montenegro,WB_CLEAR_AQUASTAT_4554,SDG 6.4.1. Services Water Use Efficiency (US$/m3),_T,Total,_T,All age ranges or no breakdown by age,_T,Total,USD_M3,US dollars per cubic metre,_Z,Not Applicable,_Z,Not Applicable,_Z,Not Applicable,2012,25.69832795,WB_CLEAR,Climate and Economic Analyses for Resilience in Water (CLEAR Water),0,Units,CUR,Currency,602,CCYY,A,Normal value,PU,Public
datastructure,WB.DATA360:DS_DATA360(1.2),I,A,Annual,MAR,Morocco,WB_CLEAR_AQUASTAT_4554,SDG 6.4.1. Services Water Use Efficiency (US$/m3),_T,Total,_T,All age ranges or no breakdown by age,_T,Total,USD_M3,US dollars per cubic metre,_Z,Not Applicable,_Z,Not Applicable,_Z,Not Applicable,2012,45.68589062,WB_CLEAR,Climate and Economic Analyses for Resilience in Water (CLEAR Water),0,Units,CUR,Currency,602,CCYY,A,Normal value,PU,Public
datastructure,WB.DATA360:DS_DATA360(1.2),I,A,Annual,MOZ,Mozambique,WB_CLEAR_AQUASTAT_4554,SDG 6.4.1. Services Water Use Efficiency (US$/m3),_T,Total,_T,All age ranges or no breakdown by age,_T,Total,USD_M3,US dollars per cubic metre,_Z,Not Applicable,_Z,Not Applicable,_Z,Not Applicable,2012,19.82358072,WB_CLEAR,Climate and Economic Analyses for Resilience in Water (CLEAR Water),0,Units,CUR,Currency,602,CCYY,A,Normal value,PU,Public
datastructure,WB.DATA360:DS_DATA360(1.2),I,A,Annual,MMR,Myanmar,WB_CLEAR_AQUASTAT_4554,SDG 6.4.1. Services Water Use Efficiency (US$/m3),_T,Total,_T,All age ranges or no breakdown by age,_T,Total,USD_M3,US dollars per cubic metre,_Z,Not Applicable,_Z,Not Applicable,_Z,Not Applicable,2012,5.569346446,WB_CLEAR,Climate and Economic Analyses for Resilience in Water (CLEAR Water),0,Units,CUR,Currency,602,CCYY,A,Normal value,PU,Public
datastructure,WB.DATA360:DS_DATA360(1.2),I,A,Annual,NAM,Namibia,WB_CLEAR_AQUASTAT_4554,SDG 6.4.1. Services Water Use Efficiency (US$/m3),_T,Total,_T,All age ranges or no breakdown by age,_T,Total,USD_M3,US dollars per cubic metre,_Z,Not Applicable,_Z,Not Applicable,_Z,Not Applicable,2012,76.39094562,WB_CLEAR,Climate and Economic Analyses for Resilience in Water (CLEAR Water),0,Units,CUR,Currency,602,CCYY,A,Normal value,PU,Public
datastructure,WB.DATA360:DS_DATA360(1.2),I,A,Annual,NPL,Nepal,WB_CLEAR_AQUASTAT_4554,SDG 6.4.1. Services Water Use Efficiency (US$/m3),_T,Total,_T,All age ranges or no breakdown by age,_T,Total,USD_M3,US dollars per cubic metre,_Z,Not Applicable,_Z,Not Applicable,_Z,Not Applicable,2012,59.33791746,WB_CLEAR,Climate and Economic Analyses for Resilience in Water (CLEAR Water),0,Units,CUR,Currency,602,CCYY,A,Normal value,PU,Public
datastructure,WB.DATA360:DS_DATA360(1.2),I,A,Annual,NLD,Netherlands,WB_CLEAR_AQUASTAT_4554,SDG 6.4.1. Services Water Use Efficiency (US$/m3),_T,Total,_T,All age ranges or no breakdown by age,_T,Total,USD_M3,US dollars per cubic metre,_Z,Not Applicable,_Z,Not Applicable,_Z,Not Applicable,2012,429.6071762,WB_CLEAR,Climate and Economic Analyses for Resilience in Water (CLEAR Water),0,Units,CUR,Currency,602,CCYY,A,Normal value,PU,Public
datastructure,WB.DATA360:DS_DATA360(1.2),I,A,Annual,NZL,New Zealand,WB_CLEAR_AQUASTAT_4554,SDG 6.4.1. Services Water Use Efficiency (US$/m3),_T,Total,_T,All age ranges or no breakdown by age,_T,Total,USD_M3,US dollars per cubic metre,_Z,Not Applicable,_Z,Not Applicable,_Z,Not Applicable,2012,159.5538144,WB_CLEAR,Climate and Economic Analyses for Resilience in Water (CLEAR Water),0,Units,CUR,Currency,602,CCYY,A,Normal value,PU,Public
datastructure,WB.DATA360:DS_DATA360(1.2),I,A,Annual,NIC,Nicaragua,WB_CLEAR_AQUASTAT_4554,SDG 6.4.1. Services Water Use Efficiency (US$/m3),_T,Total,_T,All age ranges or no breakdown by age,_T,Total,USD_M3,US dollars per cubic metre,_Z,Not Applicable,_Z,Not Applicable,_Z,Not Applicable,2012,19.50569972,WB_CLEAR,Climate and Economic Analyses for Resilience in Water (CLEAR Water),0,Units,CUR,Currency,602,CCYY,A,Normal value,PU,Public
datastructure,WB.DATA360:DS_DATA360(1.2),I,A,Annual,NER,Niger,WB_CLEAR_AQUASTAT_4554,SDG 6.4.1. Services Water Use Efficiency (US$/m3),_T,Total,_T,All age ranges or no breakdown by age,_T,Total,USD_M3,US dollars per cubic metre,_Z,Not Applicable,_Z,Not Applicable,_Z,Not Applicable,2012,51.28017413,WB_CLEAR,Climate and Economic Analyses for Resilience in Water (CLEAR Water),0,Units,CUR,Currency,602,CCYY,A,Normal value,PU,Public
datastructure,WB.DATA360:DS_DATA360(1.2),I,A,Annual,NGA,Nigeria,WB_CLEAR_AQUASTAT_4554,SDG 6.4.1. Services Water Use Efficiency (US$/m3),_T,Total,_T,All age ranges or no breakdown by age,_T,Total,USD_M3,US dollars per cubic metre,_Z,Not Applicable,_Z,Not Applicable,_Z,Not Applicable,2012,43.14157819,WB_CLEAR,Climate and Economic Analyses for Resilience in Water (CLEAR Water),0,Units,CUR,Currency,602,CCYY,A,Normal value,PU,Public
datastructure,WB.DATA360:DS_DATA360(1.2),I,A,Annual,MKD,North Macedonia,WB_CLEAR_AQUASTAT_4554,SDG 6.4.1. Services Water Use Efficiency (US$/m3),_T,Total,_T,All age ranges or no breakdown by age,_T,Total,USD_M3,US dollars per cubic metre,_Z,Not Applicable,_Z,Not Applicable,_Z,Not Applicable,2012,23.62463439,WB_CLEAR,Climate and Economic Analyses for Resilience in Water (CLEAR Water),0,Units,CUR,Currency,602,CCYY,A,Normal value,PU,Public
datastructure,WB.DATA360:DS_DATA360(1.2),I,A,Annual,NOR,Norway,WB_CLEAR_AQUASTAT_4554,SDG 6.4.1. Services Water Use Efficiency (US$/m3),_T,Total,_T,All age ranges or no breakdown by age,_T,Total,USD_M3,US dollars per cubic metre,_Z,Not Applicable,_Z,Not Applicable,_Z,Not Applicable,2012,242.8437605,WB_CLEAR,Climate and Economic Analyses for Resilience in Water (CLEAR Water),0,Units,CUR,Currency,602,CCYY,A,Normal value,PU,Public
datastructure,WB.DATA360:DS_DATA360(1.2),I,A,Annual,OMN,Oman,WB_CLEAR_AQUASTAT_4554,SDG 6.4.1. Services Water Use Efficiency (US$/m3),_T,Total,_T,All age ranges or no breakdown by age,_T,Total,USD_M3,US dollars per cubic metre,_Z,Not Applicable,_Z,Not Applicable,_Z,Not Applicable,2012,170.7802867,WB_CLEAR,Climate and Economic Analyses for Resilience in Water (CLEAR Water),0,Units,CUR,Currency,602,CCYY,A,Normal value,PU,Public
datastructure,WB.DATA360:DS_DATA360(1.2),I,A,Annual,PAK,Pakistan,WB_CLEAR_AQUASTAT_4554,SDG 6.4.1. Services Water Use Efficiency (US$/m3),_T,Total,_T,All age ranges or no breakdown by age,_T,Total,USD_M3,US dollars per cubic metre,_Z,Not Applicable,_Z,Not Applicable,_Z,Not Applicable,2012,13.00027175,WB_CLEAR,Climate and Economic Analyses for Resilience in Water (CLEAR Water),0,Units,CUR,Currency,602,CCYY,A,Normal value,PU,Public
datastructure,WB.DATA360:DS_DATA360(1.2),I,A,Annual,PSE,West Bank and Gaza,WB_CLEAR_AQUASTAT_4554,SDG 6.4.1. Services Water Use Efficiency (US$/m3),_T,Total,_T,All age ranges or no breakdown by age,_T,Total,USD_M3,US dollars per cubic metre,_Z,Not Applicable,_Z,Not Applicable,_Z,Not Applicable,2012,47.71471406,WB_CLEAR,Climate and Economic Analyses for Resilience in Water (CLEAR Water),0,Units,CUR,Currency,602,CCYY,A,Normal value,PU,Public
datastructure,WB.DATA360:DS_DATA360(1.2),I,A,Annual,PAN,Panama,WB_CLEAR_AQUASTAT_4554,SDG 6.4.1. Services Water Use Efficiency (US$/m3),_T,Total,_T,All age ranges or no breakdown by age,_T,Total,USD_M3,US dollars per cubic metre,_Z,Not Applicable,_Z,Not Applicable,_Z,Not Applicable,2012,49.22172056,WB_CLEAR,Climate and Economic Analyses for Resilience in Water (CLEAR Water),0,Units,CUR,Currency,602,CCYY,A,Normal value,PU,Public
datastructure,WB.DATA360:DS_DATA360(1.2),I,A,Annual,PNG,Papua New Guinea,WB_CLEAR_AQUASTAT_4554,SDG 6.4.1. Services Water Use Efficiency (US$/m3),_T,Total,_T,All age ranges or no breakdown by age,_T,Total,USD_M3,US dollars per cubic metre,_Z,Not Applicable,_Z,Not Applicable,_Z,Not Applicable,2012,39.19112448,WB_CLEAR,Climate and Economic Analyses for Resilience in Water (CLEAR Water),0,Units,CUR,Currency,602,CCYY,A,Normal value,PU,Public
datastructure,WB.DATA360:DS_DATA360(1.2),I,A,Annual,PRY,Paraguay,WB_CLEAR_AQUASTAT_4554,SDG 6.4.1. Services Water Use Efficiency (US$/m3),_T,Total,_T,All age ranges or no breakdown by age,_T,Total,USD_M3,US dollars per cubic metre,_Z,Not Applicable,_Z,Not Applicable,_Z,Not Applicable,2012,49.50332509,WB_CLEAR,Climate and Economic Analyses for Resilience in Water (CLEAR Water),0,Units,CUR,Currency,602,CCYY,A,Normal value,PU,Public
datastructure,WB.DATA360:DS_DATA360(1.2),I,A,Annual,PER,Peru,WB_CLEAR_AQUASTAT_4554,SDG 6.4.1. Services Water Use Efficiency (US$/m3),_T,Total,_T,All age ranges or no breakdown by age,_T,Total,USD_M3,US dollars per cubic metre,_Z,Not Applicable,_Z,Not Applicable,_Z,Not Applicable,2012,42.55960006,WB_CLEAR,Climate and Economic Analyses for Resilience in Water (CLEAR Water),0,Units,CUR,Currency,602,CCYY,A,Normal value,PU,Public
datastructure,WB.DATA360:DS_DATA360(1.2),I,A,Annual,PHL,Philippines,WB_CLEAR_AQUASTAT_4554,SDG 6.4.1. Services Water Use Efficiency (US$/m3),_T,Total,_T,All age ranges or no breakdown by age,_T,Total,USD_M3,US dollars per cubic metre,_Z,Not Applicable,_Z,Not Applicable,_Z,Not Applicable,2012,20.11606384,WB_CLEAR,Climate and Economic Analyses for Resilience in Water (CLEAR Water),0,Units,CUR,Currency,602,CCYY,A,Normal value,PU,Public
datastructure,WB.DATA360:DS_DATA360(1.2),I,A,Annual,POL,Poland,WB_CLEAR_AQUASTAT_4554,SDG 6.4.1. Services Water Use Efficiency (US$/m3),_T,Total,_T,All age ranges or no breakdown by age,_T,Total,USD_M3,US dollars per cubic metre,_Z,Not Applicable,_Z,Not Applicable,_Z,Not Applicable,2012,130.6666532,WB_CLEAR,Climate and Economic Analyses for Resilience in Water (CLEAR Water),0,Units,CUR,Currency,602,CCYY,A,Normal value,PU,Public
datastructure,WB.DATA360:DS_DATA360(1.2),I,A,Annual,PRT,Portugal,WB_CLEAR_AQUASTAT_4554,SDG 6.4.1. Services Water Use Efficiency (US$/m3),_T,Total,_T,All age ranges or no breakdown by age,_T,Total,USD_M3,US dollars per cubic metre,_Z,Not Applicable,_Z,Not Applicable,_Z,Not Applicable,2012,149.707201,WB_CLEAR,Climate and Economic Analyses for Resilience in Water (CLEAR Water),0,Units,CUR,Currency,602,CCYY,A,Normal value,PU,Public
datastructure,WB.DATA360:DS_DATA360(1.2),I,A,Annual,PRI,Puerto Rico,WB_CLEAR_AQUASTAT_4554,SDG 6.4.1. Services Water Use Efficiency (US$/m3),_T,Total,_T,All age ranges or no breakdown by age,_T,Total,USD_M3,US dollars per cubic metre,_Z,Not Applicable,_Z,Not Applicable,_Z,Not Applicable,2012,61.39385373,WB_CLEAR,Climate and Economic Analyses for Resilience in Water (CLEAR Water),0,Units,CUR,Currency,602,CCYY,A,Normal value,PU,Public
datastructure,WB.DATA360:DS_DATA360(1.2),I,A,Annual,QAT,Qatar,WB_CLEAR_AQUASTAT_4554,SDG 6.4.1. Services Water Use Efficiency (US$/m3),_T,Total,_T,All age ranges or no breakdown by age,_T,Total,USD_M3,US dollars per cubic metre,_Z,Not Applicable,_Z,Not Applicable,_Z,Not Applicable,2012,94.03607972,WB_CLEAR,Climate and Economic Analyses for Resilience in Water (CLEAR Water),0,Units,CUR,Currency,602,CCYY,A,Normal value,PU,Public
datastructure,WB.DATA360:DS_DATA360(1.2),I,A,Annual,KOR,"Korea, Rep.",WB_CLEAR_AQUASTAT_4554,SDG 6.4.1. Services Water Use Efficiency (US$/m3),_T,Total,_T,All age ranges or no breakdown by age,_T,Total,USD_M3,US dollars per cubic metre,_Z,Not Applicable,_Z,Not Applicable,_Z,Not Applicable,2012,105.5171213,WB_CLEAR,Climate and Economic Analyses for Resilience in Water (CLEAR Water),0,Units,CUR,Currency,602,CCYY,A,Normal value,PU,Public
datastructure,WB.DATA360:DS_DATA360(1.2),I,A,Annual,MDA,Moldova,WB_CLEAR_AQUASTAT_4554,SDG 6.4.1. Services Water Use Efficiency (US$/m3),_T,Total,_T,All age ranges or no breakdown by age,_T,Total,USD_M3,US dollars per cubic metre,_Z,Not Applicable,_Z,Not Applicable,_Z,Not Applicable,2012,27.11133296,WB_CLEAR,Climate and Economic Analyses for Resilience in Water (CLEAR Water),0,Units,CUR,Currency,602,CCYY,A,Normal value,PU,Public
datastructure,WB.DATA360:DS_DATA360(1.2),I,A,Annual,ROU,Romania,WB_CLEAR_AQUASTAT_4554,SDG 6.4.1. Services Water Use Efficiency (US$/m3),_T,Total,_T,All age ranges or no breakdown by age,_T,Total,USD_M3,US dollars per cubic metre,_Z,Not Applicable,_Z,Not Applicable,_Z,Not Applicable,2012,82.82194167,WB_CLEAR,Climate and Economic Analyses for Resilience in Water (CLEAR Water),0,Units,CUR,Currency,602,CCYY,A,Normal value,PU,Public
datastructure,WB.DATA360:DS_DATA360(1.2),I,A,Annual,RUS,Russian Federation,WB_CLEAR_AQUASTAT_4554,SDG 6.4.1. Services Water Use Efficiency (US$/m3),_T,Total,_T,All age ranges or no breakdown by age,_T,Total,USD_M3,US dollars per cubic metre,_Z,Not Applicable,_Z,Not Applicable,_Z,Not Applicable,2012,62.04686289,WB_CLEAR,Climate and Economic Analyses for Resilience in Water (CLEAR Water),0,Units,CUR,Currency,602,CCYY,A,Normal value,PU,Public
datastructure,WB.DATA360:DS_DATA360(1.2),I,A,Annual,RWA,Rwanda,WB_CLEAR_AQUASTAT_4554,SDG 6.4.1. Services Water Use Efficiency (US$/m3),_T,Total,_T,All age ranges or no breakdown by age,_T,Total,USD_M3,US dollars per cubic metre,_Z,Not Applicable,_Z,Not Applicable,_Z,Not Applicable,2012,54.13154281,WB_CLEAR,Climate and Economic Analyses for Resilience in Water (CLEAR Water),0,Units,CUR,Currency,602,CCYY,A,Normal value,PU,Public
datastructure,WB.DATA360:DS_DATA360(1.2),I,A,Annual,KNA,St. Kitts and Nevis,WB_CLEAR_AQUASTAT_4554,SDG 6.4.1. Services Water Use Efficiency (US$/m3),_T,Total,_T,All age ranges or no breakdown by age,_T,Total,USD_M3,US dollars per cubic metre,_Z,Not Applicable,_Z,Not Applicable,_Z,Not Applicable,2012,37.54944617,WB_CLEAR,Climate and Economic Analyses for Resilience in Water (CLEAR Water),0,Units,CUR,Currency,602,CCYY,A,Normal value,PU,Public
datastructure,WB.DATA360:DS_DATA360(1.2),I,A,Annual,LCA,St. Lucia,WB_CLEAR_AQUASTAT_4554,SDG 6.4.1. Services Water Use Efficiency (US$/m3),_T,Total,_T,All age ranges or no breakdown by age,_T,Total,USD_M3,US dollars per cubic metre,_Z,Not Applicable,_Z,Not Applicable,_Z,Not Applicable,2012,101.9707885,WB_CLEAR,Climate and Economic Analyses for Resilience in Water (CLEAR Water),0,Units,CUR,Currency,602,CCYY,A,Normal value,PU,Public
datastructure,WB.DATA360:DS_DATA360(1.2),I,A,Annual,BOL,Bolivia,WB_CLEAR_AQUASTAT_4554,SDG 6.4.1. Services Water Use Efficiency (US$/m3),_T,Total,_T,All age ranges or no breakdown by age,_T,Total,USD_M3,US dollars per cubic metre,_Z,Not Applicable,_Z,Not Applicable,_Z,Not Applicable,2012,86.99353598,WB_CLEAR,Climate and Economic Analyses for Resilience in Water (CLEAR Water),0,Units,CUR,Currency,602,CCYY,A,Normal value,PU,Public
datastructure,WB.DATA360:DS_DATA360(1.2),I,A,Annual,BIH,Bosnia and Herzegovina,WB_CLEAR_AQUASTAT_4554,SDG 6.4.1. Services Water Use Efficiency (US$/m3),_T,Total,_T,All age ranges or no breakdown by age,_T,Total,USD_M3,US dollars per cubic metre,_Z,Not Applicable,_Z,Not Applicable,_Z,Not Applicable,2012,26.0888102,WB_CLEAR,Climate and Economic Analyses for Resilience in Water (CLEAR Water),0,Units,CUR,Currency,602,CCYY,A,Normal value,PU,Public
datastructure,WB.DATA360:DS_DATA360(1.2),I,A,Annual,BWA,Botswana,WB_CLEAR_AQUASTAT_4554,SDG 6.4.1. Services Water Use Efficiency (US$/m3),_T,Total,_T,All age ranges or no breakdown by age,_T,Total,USD_M3,US dollars per cubic metre,_Z,Not Applicable,_Z,Not Applicable,_Z,Not Applicable,2012,86.30933147,WB_CLEAR,Climate and Economic Analyses for Resilience in Water (CLEAR Water),0,Units,CUR,Currency,602,CCYY,A,Normal value,PU,Public
datastructure,WB.DATA360:DS_DATA360(1.2),I,A,Annual,BRA,Brazil,WB_CLEAR_AQUASTAT_4554,SDG 6.4.1. Services Water Use Efficiency (US$/m3),_T,Total,_T,All age ranges or no breakdown by age,_T,Total,USD_M3,US dollars per cubic metre,_Z,Not Applicable,_Z,Not Applicable,_Z,Not Applicable,2012,65.49144919,WB_CLEAR,Climate and Economic Analyses for Resilience in Water (CLEAR Water),0,Units,CUR,Currency,602,CCYY,A,Normal value,PU,Public
datastructure,WB.DATA360:DS_DATA360(1.2),I,A,Annual,BRN,Brunei Darussalam,WB_CLEAR_AQUASTAT_4554,SDG 6.4.1. Services Water Use Efficiency (US$/m3),_T,Total,_T,All age ranges or no breakdown by age,_T,Total,USD_M3,US dollars per cubic metre,_Z,Not Applicable,_Z,Not Applicable,_Z,Not Applicable,2012,25.90032532,WB_CLEAR,Climate and Economic Analyses for Resilience in Water (CLEAR Water),0,Units,CUR,Currency,602,CCYY,A,Normal value,PU,Public
datastructure,WB.DATA360:DS_DATA360(1.2),I,A,Annual,BGR,Bulgaria,WB_CLEAR_AQUASTAT_4554,SDG 6.4.1. Services Water Use Efficiency (US$/m3),_T,Total,_T,All age ranges or no breakdown by age,_T,Total,USD_M3,US dollars per cubic metre,_Z,Not Applicable,_Z,Not Applicable,_Z,Not Applicable,2012,30.92033531,WB_CLEAR,Climate and Economic Analyses for Resilience in Water (CLEAR Water),0,Units,CUR,Currency,602,CCYY,A,Normal value,PU,Public
datastructure,WB.DATA360:DS_DATA360(1.2),I,A,Annual,BFA,Burkina Faso,WB_CLEAR_AQUASTAT_4554,SDG 6.4.1. Services Water Use Efficiency (US$/m3),_T,Total,_T,All age ranges or no breakdown by age,_T,Total,USD_M3,US dollars per cubic metre,_Z,Not Applicable,_Z,Not Applicable,_Z,Not Applicable,2012,11.22840352,WB_CLEAR,Climate and Economic Analyses for Resilience in Water (CLEAR Water),0,Units,CUR,Currency,602,CCYY,A,Normal value,PU,Public
datastructure,WB.DATA360:DS_DATA360(1.2),I,A,Annual,BDI,Burundi,WB_CLEAR_AQUASTAT_4554,SDG 6.4.1. Services Water Use Efficiency (US$/m3),_T,Total,_T,All age ranges or no breakdown by age,_T,Total,USD_M3,US dollars per cubic metre,_Z,Not Applicable,_Z,Not Applicable,_Z,Not Applicable,2012,25.64952798,WB_CLEAR,Climate and Economic Analyses for Resilience in Water (CLEAR Water),0,Units,CUR,Currency,602,CCYY,A,Normal value,PU,Public
datastructure,WB.DATA360:DS_DATA360(1.2),I,A,Annual,CPV,Cabo Verde,WB_CLEAR_AQUASTAT_4554,SDG 6.4.1. Services Water Use Efficiency (US$/m3),_T,Total,_T,All age ranges or no breakdown by age,_T,Total,USD_M3,US dollars per cubic metre,_Z,Not Applicable,_Z,Not Applicable,_Z,Not Applicable,2012,626.5350419,WB_CLEAR,Climate and Economic Analyses for Resilience in Water (CLEAR Water),0,Units,CUR,Currency,602,CCYY,A,Normal value,PU,Public
datastructure,WB.DATA360:DS_DATA360(1.2),I,A,Annual,KHM,Cambodia,WB_CLEAR_AQUASTAT_4554,SDG 6.4.1. Services Water Use Efficiency (US$/m3),_T,Total,_T,All age ranges or no breakdown by age,_T,Total,USD_M3,US dollars per cubic metre,_Z,Not Applicable,_Z,Not Applicable,_Z,Not Applicable,2012,57.28021261,WB_CLEAR,Climate and Economic Analyses for Resilience in Water (CLEAR Water),0,Units,CUR,Currency,602,CCYY,A,Normal value,PU,Public
datastructure,WB.DATA360:DS_DATA360(1.2),I,A,Annual,SAU,Saudi Arabia,WB_CLEAR_AQUASTAT_4554,SDG 6.4.1. Services Water Use Efficiency (US$/m3),_T,Total,_T,All age ranges or no breakdown by age,_T,Total,USD_M3,US dollars per cubic metre,_Z,Not Applicable,_Z,Not Applicable,_Z,Not Applicable,2012,84.78268093,WB_CLEAR,Climate and Economic Analyses for Resilience in Water (CLEAR Water),0,Units,CUR,Currency,602,CCYY,A,Normal value,PU,Public
datastructure,WB.DATA360:DS_DATA360(1.2),I,A,Annual,SEN,Senegal,WB_CLEAR_AQUASTAT_4554,SDG 6.4.1. Services Water Use Efficiency (US$/m3),_T,Total,_T,All age ranges or no breakdown by age,_T,Total,USD_M3,US dollars per cubic metre,_Z,Not Applicable,_Z,Not Applicable,_Z,Not Applicable,2012,86.71575562,WB_CLEAR,Climate and Economic Analyses for Resilience in Water (CLEAR Water),0,Units,CUR,Currency,602,CCYY,A,Normal value,PU,Public
datastructure,WB.DATA360:DS_DATA360(1.2),I,A,Annual,SRB,Serbia,WB_CLEAR_AQUASTAT_4554,SDG 6.4.1. Services Water Use Efficiency (US$/m3),_T,Total,_T,All age ranges or no breakdown by age,_T,Total,USD_M3,US dollars per cubic metre,_Z,Not Applicable,_Z,Not Applicable,_Z,Not Applicable,2012,29.22372702,WB_CLEAR,Climate and Economic Analyses for Resilience in Water (CLEAR Water),0,Units,CUR,Currency,602,CCYY,A,Normal value,PU,Public
datastructure,WB.DATA360:DS_DATA360(1.2),I,A,Annual,SYC,Seychelles,WB_CLEAR_AQUASTAT_4554,SDG 6.4.1. Services Water Use Efficiency (US$/m3),_T,Total,_T,All age ranges or no breakdown by age,_T,Total,USD_M3,US dollars per cubic metre,_Z,Not Applicable,_Z,Not Applicable,_Z,Not Applicable,2012,90.81296184,WB_CLEAR,Climate and Economic Analyses for Resilience in Water (CLEAR Water),0,Units,CUR,Currency,602,CCYY,A,Normal value,PU,Public
datastructure,WB.DATA360:DS_DATA360(1.2),I,A,Annual,SLE,Sierra Leone,WB_CLEAR_AQUASTAT_4554,SDG 6.4.1. Services Water Use Efficiency (US$/m3),_T,Total,_T,All age ranges or no breakdown by age,_T,Total,USD_M3,US dollars per cubic metre,_Z,Not Applicable,_Z,Not Applicable,_Z,Not Applicable,2012,12.50234201,WB_CLEAR,Climate and Economic Analyses for Resilience in Water (CLEAR Water),0,Units,CUR,Currency,602,CCYY,A,Normal value,PU,Public
datastructure,WB.DATA360:DS_DATA360(1.2),I,A,Annual,SGP,Singapore,WB_CLEAR_AQUASTAT_4554,SDG 6.4.1. Services Water Use Efficiency (US$/m3),_T,Total,_T,All age ranges or no breakdown by age,_T,Total,USD_M3,US dollars per cubic metre,_Z,Not Applicable,_Z,Not Applicable,_Z,Not Applicable,2012,361.9413667,WB_CLEAR,Climate and Economic Analyses for Resilience in Water (CLEAR Water),0,Units,CUR,Currency,602,CCYY,A,Normal value,PU,Public
datastructure,WB.DATA360:DS_DATA360(1.2),I,A,Annual,SVK,Slovak Republic,WB_CLEAR_AQUASTAT_4554,SDG 6.4.1. Services Water Use Efficiency (US$/m3),_T,Total,_T,All age ranges or no breakdown by age,_T,Total,USD_M3,US dollars per cubic metre,_Z,Not Applicable,_Z,Not Applicable,_Z,Not Applicable,2012,165.0304373,WB_CLEAR,Climate and Economic Analyses for Resilience in Water (CLEAR Water),0,Units,CUR,Currency,602,CCYY,A,Normal value,PU,Public
datastructure,WB.DATA360:DS_DATA360(1.2),I,A,Annual,SVN,Slovenia,WB_CLEAR_AQUASTAT_4554,SDG 6.4.1. Services Water Use Efficiency (US$/m3),_T,Total,_T,All age ranges or no breakdown by age,_T,Total,USD_M3,US dollars per cubic metre,_Z,Not Applicable,_Z,Not Applicable,_Z,Not Applicable,2012,155.6259682,WB_CLEAR,Climate and Economic Analyses for Resilience in Water (CLEAR Water),0,Units,CUR,Currency,602,CCYY,A,Normal value,PU,Public
datastructure,WB.DATA360:DS_DATA360(1.2),I,A,Annual,SOM,Somalia,WB_CLEAR_AQUASTAT_4554,SDG 6.4.1. Services Water Use Efficiency (US$/m3),_T,Total,_T,All age ranges or no breakdown by age,_T,Total,USD_M3,US dollars per cubic metre,_Z,Not Applicable,_Z,Not Applicable,_Z,Not Applicable,2012,25.43274434,WB_CLEAR,Climate and Economic Analyses for Resilience in Water (CLEAR Water),0,Units,CUR,Currency,602,CCYY,A,Normal value,PU,Public
datastructure,WB.DATA360:DS_DATA360(1.2),I,A,Annual,ZAF,South Africa,WB_CLEAR_AQUASTAT_4554,SDG 6.4.1. Services Water Use Efficiency (US$/m3),_T,Total,_T,All age ranges or no breakdown by age,_T,Total,USD_M3,US dollars per cubic metre,_Z,Not Applicable,_Z,Not Applicable,_Z,Not Applicable,2012,46.5810487,WB_CLEAR,Climate and Economic Analyses for Resilience in Water (CLEAR Water),0,Units,CUR,Currency,602,CCYY,A,Normal value,PU,Public
datastructure,WB.DATA360:DS_DATA360(1.2),I,A,Annual,SSD,South Sudan,WB_CLEAR_AQUASTAT_4554,SDG 6.4.1. Services Water Use Efficiency (US$/m3),_T,Total,_T,All age ranges or no breakdown by age,_T,Total,USD_M3,US dollars per cubic metre,_Z,Not Applicable,_Z,Not Applicable,_Z,Not Applicable,2012,7.508170705,WB_CLEAR,Climate and Economic Analyses for Resilience in Water (CLEAR Water),0,Units,CUR,Currency,602,CCYY,A,Normal value,PU,Public
datastructure,WB.DATA360:DS_DATA360(1.2),I,A,Annual,ESP,Spain,WB_CLEAR_AQUASTAT_4554,SDG 6.4.1. Services Water Use Efficiency (US$/m3),_T,Total,_T,All age ranges or no breakdown by age,_T,Total,USD_M3,US dollars per cubic metre,_Z,Not Applicable,_Z,Not Applicable,_Z,Not Applicable,2012,180.6633216,WB_CLEAR,Climate and Economic Analyses for Resilience in Water (CLEAR Water),0,Units,CUR,Currency,602,CCYY,A,Normal value,PU,Public
datastructure,WB.DATA360:DS_DATA360(1.2),I,A,Annual,LKA,Sri Lanka,WB_CLEAR_AQUASTAT_4554,SDG 6.4.1. Services Water Use Efficiency (US$/m3),_T,Total,_T,All age ranges or no breakdown by age,_T,Total,USD_M3,US dollars per cubic metre,_Z,Not Applicable,_Z,Not Applicable,_Z,Not Applicable,2012,49.87396627,WB_CLEAR,Climate and Economic Analyses for Resilience in Water (CLEAR Water),0,Units,CUR,Currency,602,CCYY,A,Normal value,PU,Public
datastructure,WB.DATA360:DS_DATA360(1.2),I,A,Annual,SDN,Sudan,WB_CLEAR_AQUASTAT_4554,SDG 6.4.1. Services Water Use Efficiency (US$/m3),_T,Total,_T,All age ranges or no breakdown by age,_T,Total,USD_M3,US dollars per cubic metre,_Z,Not Applicable,_Z,Not Applicable,_Z,Not Applicable,2012,36.22821765,WB_CLEAR,Climate and Economic Analyses for Resilience in Water (CLEAR Water),0,Units,CUR,Currency,602,CCYY,A,Normal value,PU,Public
datastructure,WB.DATA360:DS_DATA360(1.2),I,A,Annual,SUR,Suriname,WB_CLEAR_AQUASTAT_4554,SDG 6.4.1. Services Water Use Efficiency (US$/m3),_T,Total,_T,All age ranges or no breakdown by age,_T,Total,USD_M3,US dollars per cubic metre,_Z,Not Applicable,_Z,Not Applicable,_Z,Not Applicable,2012,48.23442008,WB_CLEAR,Climate and Economic Analyses for Resilience in Water (CLEAR Water),0,Units,CUR,Currency,602,CCYY,A,Normal value,PU,Public
datastructure,WB.DATA360:DS_DATA360(1.2),I,A,Annual,SWE,Sweden,WB_CLEAR_AQUASTAT_4554,SDG 6.4.1. Services Water Use Efficiency (US$/m3),_T,Total,_T,All age ranges or no breakdown by age,_T,Total,USD_M3,US dollars per cubic metre,_Z,Not Applicable,_Z,Not Applicable,_Z,Not Applicable,2012,314.6446709,WB_CLEAR,Climate and Economic Analyses for Resilience in Water (CLEAR Water),0,Units,CUR,Currency,602,CCYY,A,Normal value,PU,Public
datastructure,WB.DATA360:DS_DATA360(1.2),I,A,Annual,CHE,Switzerland,WB_CLEAR_AQUASTAT_4554,SDG 6.4.1. Services Water Use Efficiency (US$/m3),_T,Total,_T,All age ranges or no breakdown by age,_T,Total,USD_M3,US dollars per cubic metre,_Z,Not Applicable,_Z,Not Applicable,_Z,Not Applicable,2012,383.2672988,WB_CLEAR,Climate and Economic Analyses for Resilience in Water (CLEAR Water),0,Units,CUR,Currency,602,CCYY,A,Normal value,PU,Public
datastructure,WB.DATA360:DS_DATA360(1.2),I,A,Annual,SYR,Syrian Arab Republic,WB_CLEAR_AQUASTAT_4554,SDG 6.4.1. Services Water Use Efficiency (US$/m3),_T,Total,_T,All age ranges or no breakdown by age,_T,Total,USD_M3,US dollars per cubic metre,_Z,Not Applicable,_Z,Not Applicable,_Z,Not Applicable,2012,10.96272173,WB_CLEAR,Climate and Economic Analyses for Resilience in Water (CLEAR Water),0,Units,CUR,Currency,602,CCYY,A,Normal value,PU,Public
datastructure,WB.DATA360:DS_DATA360(1.2),I,A,Annual,TJK,Tajikistan,WB_CLEAR_AQUASTAT_4554,SDG 6.4.1. Services Water Use Efficiency (US$/m3),_T,Total,_T,All age ranges or no breakdown by age,_T,Total,USD_M3,US dollars per cubic metre,_Z,Not Applicable,_Z,Not Applicable,_Z,Not Applicable,2012,5.950108884,WB_CLEAR,Climate and Economic Analyses for Resilience in Water (CLEAR Water),0,Units,CUR,Currency,602,CCYY,A,Normal value,PU,Public
datastructure,WB.DATA360:DS_DATA360(1.2),I,A,Annual,THA,Thailand,WB_CLEAR_AQUASTAT_4554,SDG 6.4.1. Services Water Use Efficiency (US$/m3),_T,Total,_T,All age ranges or no breakdown by age,_T,Total,USD_M3,US dollars per cubic metre,_Z,Not Applicable,_Z,Not Applicable,_Z,Not Applicable,2012,73.77365093,WB_CLEAR,Climate and Economic Analyses for Resilience in Water (CLEAR Water),0,Units,CUR,Currency,602,CCYY,A,Normal value,PU,Public
datastructure,WB.DATA360:DS_DATA360(1.2),I,A,Annual,TLS,Timor-Leste,WB_CLEAR_AQUASTAT_4554,SDG 6.4.1. Services Water Use Efficiency (US$/m3),_T,Total,_T,All age ranges or no breakdown by age,_T,Total,USD_M3,US dollars per cubic metre,_Z,Not Applicable,_Z,Not Applicable,_Z,Not Applicable,2012,10.24722268,WB_CLEAR,Climate and Economic Analyses for Resilience in Water (CLEAR Water),0,Units,CUR,Currency,602,CCYY,A,Normal value,PU,Public
datastructure,WB.DATA360:DS_DATA360(1.2),I,A,Annual,TGO,Togo,WB_CLEAR_AQUASTAT_4554,SDG 6.4.1. Services Water Use Efficiency (US$/m3),_T,Total,_T,All age ranges or no breakdown by age,_T,Total,USD_M3,US dollars per cubic metre,_Z,Not Applicable,_Z,Not Applicable,_Z,Not Applicable,2012,12.29365285,WB_CLEAR,Climate and Economic Analyses for Resilience in Water (CLEAR Water),0,Units,CUR,Currency,602,CCYY,A,Normal value,PU,Public
datastructure,WB.DATA360:DS_DATA360(1.2),I,A,Annual,TTO,Trinidad and Tobago,WB_CLEAR_AQUASTAT_4554,SDG 6.4.1. Services Water Use Efficiency (US$/m3),_T,Total,_T,All age ranges or no breakdown by age,_T,Total,USD_M3,US dollars per cubic metre,_Z,Not Applicable,_Z,Not Applicable,_Z,Not Applicable,2012,52.34291831,WB_CLEAR,Climate and Economic Analyses for Resilience in Water (CLEAR Water),0,Units,CUR,Currency,602,CCYY,A,Normal value,PU,Public
datastructure,WB.DATA360:DS_DATA360(1.2),I,A,Annual,TUN,Tunisia,WB_CLEAR_AQUASTAT_4554,SDG 6.4.1. Services Water Use Efficiency (US$/m3),_T,Total,_T,All age ranges or no breakdown by age,_T,Total,USD_M3,US dollars per cubic metre,_Z,Not Applicable,_Z,Not Applicable,_Z,Not Applicable,2012,44.40446485,WB_CLEAR,Climate and Economic Analyses for Resilience in Water (CLEAR Water),0,Units,CUR,Currency,602,CCYY,A,Normal value,PU,Public
datastructure,WB.DATA360:DS_DATA360(1.2),I,A,Annual,TUR,Turkiye,WB_CLEAR_AQUASTAT_4554,SDG 6.4.1. Services Water Use Efficiency (US$/m3),_T,Total,_T,All age ranges or no breakdown by age,_T,Total,USD_M3,US dollars per cubic metre,_Z,Not Applicable,_Z,Not Applicable,_Z,Not Applicable,2012,80.66976713,WB_CLEAR,Climate and Economic Analyses for Resilience in Water (CLEAR Water),0,Units,CUR,Currency,602,CCYY,A,Normal value,PU,Public
datastructure,WB.DATA360:DS_DATA360(1.2),I,A,Annual,TKM,Turkmenistan,WB_CLEAR_AQUASTAT_4554,SDG 6.4.1. Services Water Use Efficiency (US$/m3),_T,Total,_T,All age ranges or no breakdown by age,_T,Total,USD_M3,US dollars per cubic metre,_Z,Not Applicable,_Z,Not Applicable,_Z,Not Applicable,2012,9.824365703,WB_CLEAR,Climate and Economic Analyses for Resilience in Water (CLEAR Water),0,Units,CUR,Currency,602,CCYY,A,Normal value,PU,Public
datastructure,WB.DATA360:DS_DATA360(1.2),I,A,Annual,UGA,Uganda,WB_CLEAR_AQUASTAT_4554,SDG 6.4.1. Services Water Use Efficiency (US$/m3),_T,Total,_T,All age ranges or no breakdown by age,_T,Total,USD_M3,US dollars per cubic metre,_Z,Not Applicable,_Z,Not Applicable,_Z,Not Applicable,2012,32.63530171,WB_CLEAR,Climate and Economic Analyses for Resilience in Water (CLEAR Water),0,Units,CUR,Currency,602,CCYY,A,Normal value,PU,Public
datastructure,WB.DATA360:DS_DATA360(1.2),I,A,Annual,UKR,Ukraine,WB_CLEAR_AQUASTAT_4554,SDG 6.4.1. Services Water Use Efficiency (US$/m3),_T,Total,_T,All age ranges or no breakdown by age,_T,Total,USD_M3,US dollars per cubic metre,_Z,Not Applicable,_Z,Not Applicable,_Z,Not Applicable,2012,21.24083556,WB_CLEAR,Climate and Economic Analyses for Resilience in Water (CLEAR Water),0,Units,CUR,Currency,602,CCYY,A,Normal value,PU,Public
datastructure,WB.DATA360:DS_DATA360(1.2),I,A,Annual,ARE,United Arab Emirates,WB_CLEAR_AQUASTAT_4554,SDG 6.4.1. Services Water Use Efficiency (US$/m3),_T,Total,_T,All age ranges or no breakdown by age,_T,Total,USD_M3,US dollars per cubic metre,_Z,Not Applicable,_Z,Not Applicable,_Z,Not Applicable,2012,101.4689802,WB_CLEAR,Climate and Economic Analyses for Resilience in Water (CLEAR Water),0,Units,CUR,Currency,602,CCYY,A,Normal value,PU,Public
datastructure,WB.DATA360:DS_DATA360(1.2),I,A,Annual,GBR,United Kingdom,WB_CLEAR_AQUASTAT_4554,SDG 6.4.1. Services Water Use Efficiency (US$/m3),_T,Total,_T,All age ranges or no breakdown by age,_T,Total,USD_M3,US dollars per cubic metre,_Z,Not Applicable,_Z,Not Applicable,_Z,Not Applicable,2012,338.8069961,WB_CLEAR,Climate and Economic Analyses for Resilience in Water (CLEAR Water),0,Units,CUR,Currency,602,CCYY,A,Normal value,PU,Public
datastructure,WB.DATA360:DS_DATA360(1.2),I,A,Annual,TZA,Tanzania,WB_CLEAR_AQUASTAT_4554,SDG 6.4.1. Services Water Use Efficiency (US$/m3),_T,Total,_T,All age ranges or no breakdown by age,_T,Total,USD_M3,US dollars per cubic metre,_Z,Not Applicable,_Z,Not Applicable,_Z,Not Applicable,2012,32.04892286,WB_CLEAR,Climate and Economic Analyses for Resilience in Water (CLEAR Water),0,Units,CUR,Currency,602,CCYY,A,Normal value,PU,Public
datastructure,WB.DATA360:DS_DATA360(1.2),I,A,Annual,URY,Uruguay,WB_CLEAR_AQUASTAT_4554,SDG 6.4.1. Services Water Use Efficiency (US$/m3),_T,Total,_T,All age ranges or no breakdown by age,_T,Total,USD_M3,US dollars per cubic metre,_Z,Not Applicable,_Z,Not Applicable,_Z,Not Applicable,2012,72.359266,WB_CLEAR,Climate and Economic Analyses for Resilience in Water (CLEAR Water),0,Units,CUR,Currency,602,CCYY,A,Normal value,PU,Public
datastructure,WB.DATA360:DS_DATA360(1.2),I,A,Annual,UZB,Uzbekistan,WB_CLEAR_AQUASTAT_4554,SDG 6.4.1. Services Water Use Efficiency (US$/m3),_T,Total,_T,All age ranges or no breakdown by age,_T,Total,USD_M3,US dollars per cubic metre,_Z,Not Applicable,_Z,Not Applicable,_Z,Not Applicable,2012,9.053160627,WB_CLEAR,Climate and Economic Analyses for Resilience in Water (CLEAR Water),0,Units,CUR,Currency,602,CCYY,A,Normal value,PU,Public
datastructure,WB.DATA360:DS_DATA360(1.2),I,A,Annual,VEN,"Venezuela, RB",WB_CLEAR_AQUASTAT_4554,SDG 6.4.1. Services Water Use Efficiency (US$/m3),_T,Total,_T,All age ranges or no breakdown by age,_T,Total,USD_M3,US dollars per cubic metre,_Z,Not Applicable,_Z,Not Applicable,_Z,Not Applicable,2012,33.18507014,WB_CLEAR,Climate and Economic Analyses for Resilience in Water (CLEAR Water),0,Units,CUR,Currency,602,CCYY,A,Normal value,PU,Public
datastructure,WB.DATA360:DS_DATA360(1.2),I,A,Annual,VNM,Viet Nam,WB_CLEAR_AQUASTAT_4554,SDG 6.4.1. Services Water Use Efficiency (US$/m3),_T,Total,_T,All age ranges or no breakdown by age,_T,Total,USD_M3,US dollars per cubic metre,_Z,Not Applicable,_Z,Not Applicable,_Z,Not Applicable,2012,54.76223598,WB_CLEAR,Climate and Economic Analyses for Resilience in Water (CLEAR Water),0,Units,CUR,Currency,602,CCYY,A,Normal value,PU,Public
datastructure,WB.DATA360:DS_DATA360(1.2),I,A,Annual,YEM,"Yemen, Rep.",WB_CLEAR_AQUASTAT_4554,SDG 6.4.1. Services Water Use Efficiency (US$/m3),_T,Total,_T,All age ranges or no breakdown by age,_T,Total,USD_M3,US dollars per cubic metre,_Z,Not Applicable,_Z,Not Applicable,_Z,Not Applicable,2012,76.97850576,WB_CLEAR,Climate and Economic Analyses for Resilience in Water (CLEAR Water),0,Units,CUR,Currency,602,CCYY,A,Normal value,PU,Public
datastructure,WB.DATA360:DS_DATA360(1.2),I,A,Annual,ZMB,Zambia,WB_CLEAR_AQUASTAT_4554,SDG 6.4.1. Services Water Use Efficiency (US$/m3),_T,Total,_T,All age ranges or no breakdown by age,_T,Total,USD_M3,US dollars per cubic metre,_Z,Not Applicable,_Z,Not Applicable,_Z,Not Applicable,2012,36.0361071,WB_CLEAR,Climate and Economic Analyses for Resilience in Water (CLEAR Water),0,Units,CUR,Currency,602,CCYY,A,Normal value,PU,Public
datastructure,WB.DATA360:DS_DATA360(1.2),I,A,Annual,ZWE,Zimbabwe,WB_CLEAR_AQUASTAT_4554,SDG 6.4.1. Services Water Use Efficiency (US$/m3),_T,Total,_T,All age ranges or no breakdown by age,_T,Total,USD_M3,US dollars per cubic metre,_Z,Not Applicable,_Z,Not Applicable,_Z,Not Applicable,2012,19.6550794,WB_CLEAR,Climate and Economic Analyses for Resilience in Water (CLEAR Water),0,Units,CUR,Currency,602,CCYY,A,Normal value,PU,Public
datastructure,WB.DATA360:DS_DATA360(1.2),I,A,Annual,USA,United States,WB_CLEAR_AQUASTAT_4554,SDG 6.4.1. Services Water Use Efficiency (US$/m3),_T,Total,_T,All age ranges or no breakdown by age,_T,Total,USD_M3,US dollars per cubic metre,_Z,Not Applicable,_Z,Not Applicable,_Z,Not Applicable,2012,227.4825457,WB_CLEAR,Climate and Economic Analyses for Resilience in Water (CLEAR Water),0,Units,CUR,Currency,602,CCYY,A,Normal value,PU,Public
datastructure,WB.DATA360:DS_DATA360(1.2),I,A,Annual,CMR,Cameroon,WB_CLEAR_AQUASTAT_4554,SDG 6.4.1. Services Water Use Efficiency (US$/m3),_T,Total,_T,All age ranges or no breakdown by age,_T,Total,USD_M3,US dollars per cubic metre,_Z,Not Applicable,_Z,Not Applicable,_Z,Not Applicable,2012,56.58243902,WB_CLEAR,Climate and Economic Analyses for Resilience in Water (CLEAR Water),0,Units,CUR,Currency,602,CCYY,A,Normal value,PU,Public
datastructure,WB.DATA360:DS_DATA360(1.2),I,A,Annual,CAF,Central African Republic,WB_CLEAR_AQUASTAT_4554,SDG 6.4.1. Services Water Use Efficiency (US$/m3),_T,Total,_T,All age ranges or no breakdown by age,_T,Total,USD_M3,US dollars per cubic metre,_Z,Not Applicable,_Z,Not Applicable,_Z,Not Applicable,2012,12.60753627,WB_CLEAR,Climate and Economic Analyses for Resilience in Water (CLEAR Water),0,Units,CUR,Currency,602,CCYY,A,Normal value,PU,Public
datastructure,WB.DATA360:DS_DATA360(1.2),I,A,Annual,TCD,Chad,WB_CLEAR_AQUASTAT_4554,SDG 6.4.1. Services Water Use Efficiency (US$/m3),_T,Total,_T,All age ranges or no breakdown by age,_T,Total,USD_M3,US dollars per cubic metre,_Z,Not Applicable,_Z,Not Applicable,_Z,Not Applicable,2012,37.16802292,WB_CLEAR,Climate and Economic Analyses for Resilience in Water (CLEAR Water),0,Units,CUR,Currency,602,CCYY,A,Normal value,PU,Public
datastructure,WB.DATA360:DS_DATA360(1.2),I,A,Annual,CHN,China,WB_CLEAR_AQUASTAT_4554,SDG 6.4.1. Services Water Use Efficiency (US$/m3),_T,Total,_T,All age ranges or no breakdown by age,_T,Total,USD_M3,US dollars per cubic metre,_Z,Not Applicable,_Z,Not Applicable,_Z,Not Applicable,2012,55.75448722,WB_CLEAR,Climate and Economic Analyses for Resilience in Water (CLEAR Water),0,Units,CUR,Currency,602,CCYY,A,Normal value,PU,Public
datastructure,WB.DATA360:DS_DATA360(1.2),I,A,Annual,COL,Colombia,WB_CLEAR_AQUASTAT_4554,SDG 6.4.1. Services Water Use Efficiency (US$/m3),_T,Total,_T,All age ranges or no breakdown by age,_T,Total,USD_M3,US dollars per cubic metre,_Z,Not Applicable,_Z,Not Applicable,_Z,Not Applicable,2012,39.36645577,WB_CLEAR,Climate and Economic Analyses for Resilience in Water (CLEAR Water),0,Units,CUR,Currency,602,CCYY,A,Normal value,PU,Public
datastructure,WB.DATA360:DS_DATA360(1.2),I,A,Annual,COM,Comoros,WB_CLEAR_AQUASTAT_4554,SDG 6.4.1. Services Water Use Efficiency (US$/m3),_T,Total,_T,All age ranges or no breakdown by age,_T,Total,USD_M3,US dollars per cubic metre,_Z,Not Applicable,_Z,Not Applicable,_Z,Not Applicable,2012,97.70797123,WB_CLEAR,Climate and Economic Analyses for Resilience in Water (CLEAR Water),0,Units,CUR,Currency,602,CCYY,A,Normal value,PU,Public
datastructure,WB.DATA360:DS_DATA360(1.2),I,A,Annual,COG,"Congo, Rep.",WB_CLEAR_AQUASTAT_4554,SDG 6.4.1. Services Water Use Efficiency (US$/m3),_T,Total,_T,All age ranges or no breakdown by age,_T,Total,USD_M3,US dollars per cubic metre,_Z,Not Applicable,_Z,Not Applicable,_Z,Not Applicable,2012,50.90266524,WB_CLEAR,Climate and Economic Analyses for Resilience in Water (CLEAR Water),0,Units,CUR,Currency,602,CCYY,A,Normal value,PU,Public
datastructure,WB.DATA360:DS_DATA360(1.2),I,A,Annual,CRI,Costa Rica,WB_CLEAR_AQUASTAT_4554,SDG 6.4.1. Services Water Use Efficiency (US$/m3),_T,Total,_T,All age ranges or no breakdown by age,_T,Total,USD_M3,US dollars per cubic metre,_Z,Not Applicable,_Z,Not Applicable,_Z,Not Applicable,2012,57.71092274,WB_CLEAR,Climate and Economic Analyses for Resilience in Water (CLEAR Water),0,Units,CUR,Currency,602,CCYY,A,Normal value,PU,Public
datastructure,WB.DATA360:DS_DATA360(1.2),I,A,Annual,CIV,Cote d'Ivoire,WB_CLEAR_AQUASTAT_4554,SDG 6.4.1. Services Water Use Efficiency (US$/m3),_T,Total,_T,All age ranges or no breakdown by age,_T,Total,USD_M3,US dollars per cubic metre,_Z,Not Applicable,_Z,Not Applicable,_Z,Not Applicable,2012,30.71493805,WB_CLEAR,Climate and Economic Analyses for Resilience in Water (CLEAR Water),0,Units,CUR,Currency,602,CCYY,A,Normal value,PU,Public
datastructure,WB.DATA360:DS_DATA360(1.2),I,A,Annual,HRV,Croatia,WB_CLEAR_AQUASTAT_4554,SDG 6.4.1. Services Water Use Efficiency (US$/m3),_T,Total,_T,All age ranges or no breakdown by age,_T,Total,USD_M3,US dollars per cubic metre,_Z,Not Applicable,_Z,Not Applicable,_Z,Not Applicable,2012,58.92541948,WB_CLEAR,Climate and Economic Analyses for Resilience in Water (CLEAR Water),0,Units,CUR,Currency,602,CCYY,A,Normal value,PU,Public
datastructure,WB.DATA360:DS_DATA360(1.2),I,A,Annual,CUB,Cuba,WB_CLEAR_AQUASTAT_4554,SDG 6.4.1. Services Water Use Efficiency (US$/m3),_T,Total,_T,All age ranges or no breakdown by age,_T,Total,USD_M3,US dollars per cubic metre,_Z,Not Applicable,_Z,Not Applicable,_Z,Not Applicable,2012,34.63871611,WB_CLEAR,Climate and Economic Analyses for Resilience in Water (CLEAR Water),0,Units,CUR,Currency,602,CCYY,A,Normal value,PU,Public
datastructure,WB.DATA360:DS_DATA360(1.2),I,A,Annual,CYP,Cyprus,WB_CLEAR_AQUASTAT_4554,SDG 6.4.1. Services Water Use Efficiency (US$/m3),_T,Total,_T,All age ranges or no breakdown by age,_T,Total,USD_M3,US dollars per cubic metre,_Z,Not Applicable,_Z,Not Applicable,_Z,Not Applicable,2012,204.0313862,WB_CLEAR,Climate and Economic Analyses for Resilience in Water (CLEAR Water),0,Units,CUR,Currency,602,CCYY,A,Normal value,PU,Public
datastructure,WB.DATA360:DS_DATA360(1.2),I,A,Annual,CZE,Czechia,WB_CLEAR_AQUASTAT_4554,SDG 6.4.1. Services Water Use Efficiency (US$/m3),_T,Total,_T,All age ranges or no breakdown by age,_T,Total,USD_M3,US dollars per cubic metre,_Z,Not Applicable,_Z,Not Applicable,_Z,Not Applicable,2012,160.4296392,WB_CLEAR,Climate and Economic Analyses for Resilience in Water (CLEAR Water),0,Units,CUR,Currency,602,CCYY,A,Normal value,PU,Public
datastructure,WB.DATA360:DS_DATA360(1.2),I,A,Annual,PRK,"Korea, Dem. People's Rep.",WB_CLEAR_AQUASTAT_4554,SDG 6.4.1. Services Water Use Efficiency (US$/m3),_T,Total,_T,All age ranges or no breakdown by age,_T,Total,USD_M3,US dollars per cubic metre,_Z,Not Applicable,_Z,Not Applicable,_Z,Not Applicable,2012,5.892290527,WB_CLEAR,Climate and Economic Analyses for Resilience in Water (CLEAR Water),0,Units,CUR,Currency,602,CCYY,A,Normal value,PU,Public
datastructure,WB.DATA360:DS_DATA360(1.2),I,A,Annual,COD,"Congo, Dem. Rep.",WB_CLEAR_AQUASTAT_4554,SDG 6.4.1. Services Water Use Efficiency (US$/m3),_T,Total,_T,All age ranges or no breakdown by age,_T,Total,USD_M3,US dollars per cubic metre,_Z,Not Applicable,_Z,Not Applicable,_Z,Not Applicable,2012,24.32861831,WB_CLEAR,Climate and Economic Analyses for Resilience in Water (CLEAR Water),0,Units,CUR,Currency,602,CCYY,A,Normal value,PU,Public
datastructure,WB.DATA360:DS_DATA360(1.2),I,A,Annual,DNK,Denmark,WB_CLEAR_AQUASTAT_4554,SDG 6.4.1. Services Water Use Efficiency (US$/m3),_T,Total,_T,All age ranges or no breakdown by age,_T,Total,USD_M3,US dollars per cubic metre,_Z,Not Applicable,_Z,Not Applicable,_Z,Not Applicable,2012,476.6809927,WB_CLEAR,Climate and Economic Analyses for Resilience in Water (CLEAR Water),0,Units,CUR,Currency,602,CCYY,A,Normal value,PU,Public
datastructure,WB.DATA360:DS_DATA360(1.2),I,A,Annual,DJI,Djibouti,WB_CLEAR_AQUASTAT_4554,SDG 6.4.1. Services Water Use Efficiency (US$/m3),_T,Total,_T,All age ranges or no breakdown by age,_T,Total,USD_M3,US dollars per cubic metre,_Z,Not Applicable,_Z,Not Applicable,_Z,Not Applicable,2012,97.5195761,WB_CLEAR,Climate and Economic Analyses for Resilience in Water (CLEAR Water),0,Units,CUR,Currency,602,CCYY,A,Normal value,PU,Public
datastructure,WB.DATA360:DS_DATA360(1.2),I,A,Annual,DMA,Dominica,WB_CLEAR_AQUASTAT_4554,SDG 6.4.1. Services Water Use Efficiency (US$/m3),_T,Total,_T,All age ranges or no breakdown by age,_T,Total,USD_M3,US dollars per cubic metre,_Z,Not Applicable,_Z,Not Applicable,_Z,Not Applicable,2012,19.14773697,WB_CLEAR,Climate and Economic Analyses for Resilience in Water (CLEAR Water),0,Units,CUR,Currency,602,CCYY,A,Normal value,PU,Public
datastructure,WB.DATA360:DS_DATA360(1.2),I,A,Annual,DOM,Dominican Republic,WB_CLEAR_AQUASTAT_4554,SDG 6.4.1. Services Water Use Efficiency (US$/m3),_T,Total,_T,All age ranges or no breakdown by age,_T,Total,USD_M3,US dollars per cubic metre,_Z,Not Applicable,_Z,Not Applicable,_Z,Not Applicable,2012,43.37479948,WB_CLEAR,Climate and Economic Analyses for Resilience in Water (CLEAR Water),0,Units,CUR,Currency,602,CCYY,A,Normal value,PU,Public
datastructure,WB.DATA360:DS_DATA360(1.2),I,A,Annual,ECU,Ecuador,WB_CLEAR_AQUASTAT_4554,SDG 6.4.1. Services Water Use Efficiency (US$/m3),_T,Total,_T,All age ranges or no breakdown by age,_T,Total,USD_M3,US dollars per cubic metre,_Z,Not Applicable,_Z,Not Applicable,_Z,Not Applicable,2012,35.33160475,WB_CLEAR,Climate and Economic Analyses for Resilience in Water (CLEAR Water),0,Units,CUR,Currency,602,CCYY,A,Normal value,PU,Public
datastructure,WB.DATA360:DS_DATA360(1.2),I,A,Annual,EGY,"Egypt, Arab Rep.",WB_CLEAR_AQUASTAT_4554,SDG 6.4.1. Services Water Use Efficiency (US$/m3),_T,Total,_T,All age ranges or no breakdown by age,_T,Total,USD_M3,US dollars per cubic metre,_Z,Not Applicable,_Z,Not Applicable,_Z,Not Applicable,2012,16.28530695,WB_CLEAR,Climate and Economic Analyses for Resilience in Water (CLEAR Water),0,Units,CUR,Currency,602,CCYY,A,Normal value,PU,Public
datastructure,WB.DATA360:DS_DATA360(1.2),I,A,Annual,SLV,El Salvador,WB_CLEAR_AQUASTAT_4554,SDG 6.4.1. Services Water Use Efficiency (US$/m3),_T,Total,_T,All age ranges or no breakdown by age,_T,Total,USD_M3,US dollars per cubic metre,_Z,Not Applicable,_Z,Not Applicable,_Z,Not Applicable,2012,29.50750841,WB_CLEAR,Climate and Economic Analyses for Resilience in Water (CLEAR Water),0,Units,CUR,Currency,602,CCYY,A,Normal value,PU,Public
datastructure,WB.DATA360:DS_DATA360(1.2),I,A,Annual,GNQ,Equatorial Guinea,WB_CLEAR_AQUASTAT_4554,SDG 6.4.1. Services Water Use Efficiency (US$/m3),_T,Total,_T,All age ranges or no breakdown by age,_T,Total,USD_M3,US dollars per cubic metre,_Z,Not Applicable,_Z,Not Applicable,_Z,Not Applicable,2012,222.8134882,WB_CLEAR,Climate and Economic Analyses for Resilience in Water (CLEAR Water),0,Units,CUR,Currency,602,CCYY,A,Normal value,PU,Public
datastructure,WB.DATA360:DS_DATA360(1.2),I,A,Annual,ERI,Eritrea,WB_CLEAR_AQUASTAT_4554,SDG 6.4.1. Services Water Use Efficiency (US$/m3),_T,Total,_T,All age ranges or no breakdown by age,_T,Total,USD_M3,US dollars per cubic metre,_Z,Not Applicable,_Z,Not Applicable,_Z,Not Applicable,2012,57.03691902,WB_CLEAR,Climate and Economic Analyses for Resilience in Water (CLEAR Water),0,Units,CUR,Currency,602,CCYY,A,Normal value,PU,Public
datastructure,WB.DATA360:DS_DATA360(1.2),I,A,Annual,EST,Estonia,WB_CLEAR_AQUASTAT_4554,SDG 6.4.1. Services Water Use Efficiency (US$/m3),_T,Total,_T,All age ranges or no breakdown by age,_T,Total,USD_M3,US dollars per cubic metre,_Z,Not Applicable,_Z,Not Applicable,_Z,Not Applicable,2012,223.0883198,WB_CLEAR,Climate and Economic Analyses for Resilience in Water (CLEAR Water),0,Units,CUR,Currency,602,CCYY,A,Normal value,PU,Public
datastructure,WB.DATA360:DS_DATA360(1.2),I,A,Annual,SWZ,Eswatini,WB_CLEAR_AQUASTAT_4554,SDG 6.4.1. Services Water Use Efficiency (US$/m3),_T,Total,_T,All age ranges or no breakdown by age,_T,Total,USD_M3,US dollars per cubic metre,_Z,Not Applicable,_Z,Not Applicable,_Z,Not Applicable,2012,45.71768716,WB_CLEAR,Climate and Economic Analyses for Resilience in Water (CLEAR Water),0,Units,CUR,Currency,602,CCYY,A,Normal value,PU,Public
datastructure,WB.DATA360:DS_DATA360(1.2),I,A,Annual,ETH,Ethiopia,WB_CLEAR_AQUASTAT_4554,SDG 6.4.1. Services Water Use Efficiency (US$/m3),_T,Total,_T,All age ranges or no breakdown by age,_T,Total,USD_M3,US dollars per cubic metre,_Z,Not Applicable,_Z,Not Applicable,_Z,Not Applicable,2012,23.10067676,WB_CLEAR,Climate and Economic Analyses for Resilience in Water (CLEAR Water),0,Units,CUR,Currency,602,CCYY,A,Normal value,PU,Public
datastructure,WB.DATA360:DS_DATA360(1.2),I,A,Annual,FJI,Fiji,WB_CLEAR_AQUASTAT_4554,SDG 6.4.1. Services Water Use Efficiency (US$/m3),_T,Total,_T,All age ranges or no breakdown by age,_T,Total,USD_M3,US dollars per cubic metre,_Z,Not Applicable,_Z,Not Applicable,_Z,Not Applicable,2012,79.29471107,WB_CLEAR,Climate and Economic Analyses for Resilience in Water (CLEAR Water),0,Units,CUR,Currency,602,CCYY,A,Normal value,PU,Public
datastructure,WB.DATA360:DS_DATA360(1.2),I,A,Annual,AFG,Afghanistan,WB_CLEAR_AQUASTAT_4554,SDG 6.4.1. Services Water Use Efficiency (US$/m3),_T,Total,_T,All age ranges or no breakdown by age,_T,Total,USD_M3,US dollars per cubic metre,_Z,Not Applicable,_Z,Not Applicable,_Z,Not Applicable,2012,47.6395572,WB_CLEAR,Climate and Economic Analyses for Resilience in Water (CLEAR Water),0,Units,CUR,Currency,602,CCYY,A,Normal value,PU,Public
datastructure,WB.DATA360:DS_DATA360(1.2),I,A,Annual,ALB,Albania,WB_CLEAR_AQUASTAT_4554,SDG 6.4.1. Services Water Use Efficiency (US$/m3),_T,Total,_T,All age ranges or no breakdown by age,_T,Total,USD_M3,US dollars per cubic metre,_Z,Not Applicable,_Z,Not Applicable,_Z,Not Applicable,2012,14.08290057,WB_CLEAR,Climate and Economic Analyses for Resilience in Water (CLEAR Water),0,Units,CUR,Currency,602,CCYY,A,Normal value,PU,Public
datastructure,WB.DATA360:DS_DATA360(1.2),I,A,Annual,DZA,Algeria,WB_CLEAR_AQUASTAT_4554,SDG 6.4.1. Services Water Use Efficiency (US$/m3),_T,Total,_T,All age ranges or no breakdown by age,_T,Total,USD_M3,US dollars per cubic metre,_Z,Not Applicable,_Z,Not Applicable,_Z,Not Applicable,2012,20.49330663,WB_CLEAR,Climate and Economic Analyses for Resilience in Water (CLEAR Water),0,Units,CUR,Currency,602,CCYY,A,Normal value,PU,Public
datastructure,WB.DATA360:DS_DATA360(1.2),I,A,Annual,AGO,Angola,WB_CLEAR_AQUASTAT_4554,SDG 6.4.1. Services Water Use Efficiency (US$/m3),_T,Total,_T,All age ranges or no breakdown by age,_T,Total,USD_M3,US dollars per cubic metre,_Z,Not Applicable,_Z,Not Applicable,_Z,Not Applicable,2012,130.9744044,WB_CLEAR,Climate and Economic Analyses for Resilience in Water (CLEAR Water),0,Units,CUR,Currency,602,CCYY,A,Normal value,PU,Public
datastructure,WB.DATA360:DS_DATA360(1.2),I,A,Annual,ATG,Antigua and Barbuda,WB_CLEAR_AQUASTAT_4554,SDG 6.4.1. Services Water Use Efficiency (US$/m3),_T,Total,_T,All age ranges or no breakdown by age,_T,Total,USD_M3,US dollars per cubic metre,_Z,Not Applicable,_Z,Not Applicable,_Z,Not Applicable,2012,130.1339696,WB_CLEAR,Climate and Economic Analyses for Resilience in Water (CLEAR Water),0,Units,CUR,Currency,602,CCYY,A,Normal value,PU,Public
datastructure,WB.DATA360:DS_DATA360(1.2),I,A,Annual,ARG,Argentina,WB_CLEAR_AQUASTAT_4554,SDG 6.4.1. Services Water Use Efficiency (US$/m3),_T,Total,_T,All age ranges or no breakdown by age,_T,Total,USD_M3,US dollars per cubic metre,_Z,Not Applicable,_Z,Not Applicable,_Z,Not Applicable,2012,58.86123589,WB_CLEAR,Climate and Economic Analyses for Resilience in Water (CLEAR Water),0,Units,CUR,Currency,602,CCYY,A,Normal value,PU,Public
datastructure,WB.DATA360:DS_DATA360(1.2),I,A,Annual,ARM,Armenia,WB_CLEAR_AQUASTAT_4554,SDG 6.4.1. Services Water Use Efficiency (US$/m3),_T,Total,_T,All age ranges or no breakdown by age,_T,Total,USD_M3,US dollars per cubic metre,_Z,Not Applicable,_Z,Not Applicable,_Z,Not Applicable,2012,7.897067453,WB_CLEAR,Climate and Economic Analyses for Resilience in Water (CLEAR Water),0,Units,CUR,Currency,602,CCYY,A,Normal value,PU,Public
datastructure,WB.DATA360:DS_DATA360(1.2),I,A,Annual,AUS,Australia,WB_CLEAR_AQUASTAT_4554,SDG 6.4.1. Services Water Use Efficiency (US$/m3),_T,Total,_T,All age ranges or no breakdown by age,_T,Total,USD_M3,US dollars per cubic metre,_Z,Not Applicable,_Z,Not Applicable,_Z,Not Applicable,2012,213.9864781,WB_CLEAR,Climate and Economic Analyses for Resilience in Water (CLEAR Water),0,Units,CUR,Currency,602,CCYY,A,Normal value,PU,Public
datastructure,WB.DATA360:DS_DATA360(1.2),I,A,Annual,AUT,Austria,WB_CLEAR_AQUASTAT_4554,SDG 6.4.1. Services Water Use Efficiency (US$/m3),_T,Total,_T,All age ranges or no breakdown by age,_T,Total,USD_M3,US dollars per cubic metre,_Z,Not Applicable,_Z,Not Applicable,_Z,Not Applicable,2012,337.8462703,WB_CLEAR,Climate and Economic Analyses for Resilience in Water (CLEAR Water),0,Units,CUR,Currency,602,CCYY,A,Normal value,PU,Public
datastructure,WB.DATA360:DS_DATA360(1.2),I,A,Annual,CAN,Canada,WB_CLEAR_AQUASTAT_4554,SDG 6.4.1. Services Water Use Efficiency (US$/m3),_T,Total,_T,All age ranges or no breakdown by age,_T,Total,USD_M3,US dollars per cubic metre,_Z,Not Applicable,_Z,Not Applicable,_Z,Not Applicable,2017,228.8966007,WB_CLEAR,Climate and Economic Analyses for Resilience in Water (CLEAR Water),0,Units,CUR,Currency,602,CCYY,A,Normal value,PU,Public
datastructure,WB.DATA360:DS_DATA360(1.2),I,A,Annual,DEU,Germany,WB_CLEAR_AQUASTAT_4554,SDG 6.4.1. Services Water Use Efficiency (US$/m3),_T,Total,_T,All age ranges or no breakdown by age,_T,Total,USD_M3,US dollars per cubic metre,_Z,Not Applicable,_Z,Not Applicable,_Z,Not Applicable,2017,216.6195577,WB_CLEAR,Climate and Economic Analyses for Resilience in Water (CLEAR Water),0,Units,CUR,Currency,602,CCYY,A,Normal value,PU,Public
datastructure,WB.DATA360:DS_DATA360(1.2),I,A,Annual,CHL,Chile,WB_CLEAR_AQUASTAT_4554,SDG 6.4.1. Services Water Use Efficiency (US$/m3),_T,Total,_T,All age ranges or no breakdown by age,_T,Total,USD_M3,US dollars per cubic metre,_Z,Not Applicable,_Z,Not Applicable,_Z,Not Applicable,2017,118.7347844,WB_CLEAR,Climate and Economic Analyses for Resilience in Water (CLEAR Water),0,Units,CUR,Currency,602,CCYY,A,Normal value,PU,Public
datastructure,WB.DATA360:DS_DATA360(1.2),I,A,Annual,AZE,Azerbaijan,WB_CLEAR_AQUASTAT_4554,SDG 6.4.1. Services Water Use Efficiency (US$/m3),_T,Total,_T,All age ranges or no breakdown by age,_T,Total,USD_M3,US dollars per cubic metre,_Z,Not Applicable,_Z,Not Applicable,_Z,Not Applicable,2017,53.89578567,WB_CLEAR,Climate and Economic Analyses for Resilience in Water (CLEAR Water),0,Units,CUR,Currency,602,CCYY,A,Normal value,PU,Public
datastructure,WB.DATA360:DS_DATA360(1.2),I,A,Annual,BHS,"Bahamas, The",WB_CLEAR_AQUASTAT_4554,SDG 6.4.1. Services Water Use Efficiency (US$/m3),_T,Total,_T,All age ranges or no breakdown by age,_T,Total,USD_M3,US dollars per cubic metre,_Z,Not Applicable,_Z,Not Applicable,_Z,Not Applicable,2017,293.1331868,WB_CLEAR,Climate and Economic Analyses for Resilience in Water (CLEAR Water),0,Units,CUR,Currency,602,CCYY,A,Normal value,PU,Public
datastructure,WB.DATA360:DS_DATA360(1.2),I,A,Annual,BHR,Bahrain,WB_CLEAR_AQUASTAT_4554,SDG 6.4.1. Services Water Use Efficiency (US$/m3),_T,Total,_T,All age ranges or no breakdown by age,_T,Total,USD_M3,US dollars per cubic metre,_Z,Not Applicable,_Z,Not Applicable,_Z,Not Applicable,2017,71.31457894,WB_CLEAR,Climate and Economic Analyses for Resilience in Water (CLEAR Water),0,Units,CUR,Currency,602,CCYY,A,Normal value,PU,Public
datastructure,WB.DATA360:DS_DATA360(1.2),I,A,Annual,BGD,Bangladesh,WB_CLEAR_AQUASTAT_4554,SDG 6.4.1. Services Water Use Efficiency (US$/m3),_T,Total,_T,All age ranges or no breakdown by age,_T,Total,USD_M3,US dollars per cubic metre,_Z,Not Applicable,_Z,Not Applicable,_Z,Not Applicable,2017,34.02011417,WB_CLEAR,Climate and Economic Analyses for Resilience in Water (CLEAR Water),0,Units,CUR,Currency,602,CCYY,A,Normal value,PU,Public
datastructure,WB.DATA360:DS_DATA360(1.2),I,A,Annual,BRB,Barbados,WB_CLEAR_AQUASTAT_4554,SDG 6.4.1. Services Water Use Efficiency (US$/m3),_T,Total,_T,All age ranges or no breakdown by age,_T,Total,USD_M3,US dollars per cubic metre,_Z,Not Applicable,_Z,Not Applicable,_Z,Not Applicable,2017,182.3741112,WB_CLEAR,Climate and Economic Analyses for Resilience in Water (CLEAR Water),0,Units,CUR,Currency,602,CCYY,A,Normal value,PU,Public
datastructure,WB.DATA360:DS_DATA360(1.2),I,A,Annual,BLR,Belarus,WB_CLEAR_AQUASTAT_4554,SDG 6.4.1. Services Water Use Efficiency (US$/m3),_T,Total,_T,All age ranges or no breakdown by age,_T,Total,USD_M3,US dollars per cubic metre,_Z,Not Applicable,_Z,Not Applicable,_Z,Not Applicable,2017,55.72852848,WB_CLEAR,Climate and Economic Analyses for Resilience in Water (CLEAR Water),0,Units,CUR,Currency,602,CCYY,A,Normal value,PU,Public
datastructure,WB.DATA360:DS_DATA360(1.2),I,A,Annual,BEL,Belgium,WB_CLEAR_AQUASTAT_4554,SDG 6.4.1. Services Water Use Efficiency (US$/m3),_T,Total,_T,All age ranges or no breakdown by age,_T,Total,USD_M3,US dollars per cubic metre,_Z,Not Applicable,_Z,Not Applicable,_Z,Not Applicable,2017,461.3008231,WB_CLEAR,Climate and Economic Analyses for Resilience in Water (CLEAR Water),0,Units,CUR,Currency,602,CCYY,A,Normal value,PU,Public
datastructure,WB.DATA360:DS_DATA360(1.2),I,A,Annual,BLZ,Belize,WB_CLEAR_AQUASTAT_4554,SDG 6.4.1. Services Water Use Efficiency (US$/m3),_T,Total,_T,All age ranges or no breakdown by age,_T,Total,USD_M3,US dollars per cubic metre,_Z,Not Applicable,_Z,Not Applicable,_Z,Not Applicable,2017,100.7806453,WB_CLEAR,Climate and Economic Analyses for Resilience in Water (CLEAR Water),0,Units,CUR,Currency,602,CCYY,A,Normal value,PU,Public
datastructure,WB.DATA360:DS_DATA360(1.2),I,A,Annual,BEN,Benin,WB_CLEAR_AQUASTAT_4554,SDG 6.4.1. Services Water Use Efficiency (US$/m3),_T,Total,_T,All age ranges or no breakdown by age,_T,Total,USD_M3,US dollars per cubic metre,_Z,Not Applicable,_Z,Not Applicable,_Z,Not Applicable,2017,29.43449611,WB_CLEAR,Climate and Economic Analyses for Resilience in Water (CLEAR Water),0,Units,CUR,Currency,602,CCYY,A,Normal value,PU,Public
datastructure,WB.DATA360:DS_DATA360(1.2),I,A,Annual,BTN,Bhutan,WB_CLEAR_AQUASTAT_4554,SDG 6.4.1. Services Water Use Efficiency (US$/m3),_T,Total,_T,All age ranges or no breakdown by age,_T,Total,USD_M3,US dollars per cubic metre,_Z,Not Applicable,_Z,Not Applicable,_Z,Not Applicable,2017,69.31103882,WB_CLEAR,Climate and Economic Analyses for Resilience in Water (CLEAR Water),0,Units,CUR,Currency,602,CCYY,A,Normal value,PU,Public
datastructure,WB.DATA360:DS_DATA360(1.2),I,A,Annual,FIN,Finland,WB_CLEAR_AQUASTAT_4554,SDG 6.4.1. Services Water Use Efficiency (US$/m3),_T,Total,_T,All age ranges or no breakdown by age,_T,Total,USD_M3,US dollars per cubic metre,_Z,Not Applicable,_Z,Not Applicable,_Z,Not Applicable,2017,388.0547889,WB_CLEAR,Climate and Economic Analyses for Resilience in Water (CLEAR Water),0,Units,CUR,Currency,602,CCYY,A,Normal value,PU,Public
datastructure,WB.DATA360:DS_DATA360(1.2),I,A,Annual,FRA,France,WB_CLEAR_AQUASTAT_4554,SDG 6.4.1. Services Water Use Efficiency (US$/m3),_T,Total,_T,All age ranges or no breakdown by age,_T,Total,USD_M3,US dollars per cubic metre,_Z,Not Applicable,_Z,Not Applicable,_Z,Not Applicable,2017,338.435036,WB_CLEAR,Climate and Economic Analyses for Resilience in Water (CLEAR Water),0,Units,CUR,Currency,602,CCYY,A,Normal value,PU,Public
datastructure,WB.DATA360:DS_DATA360(1.2),I,A,Annual,GAB,Gabon,WB_CLEAR_AQUASTAT_4554,SDG 6.4.1. Services Water Use Efficiency (US$/m3),_T,Total,_T,All age ranges or no breakdown by age,_T,Total,USD_M3,US dollars per cubic metre,_Z,Not Applicable,_Z,Not Applicable,_Z,Not Applicable,2017,78.54695047,WB_CLEAR,Climate and Economic Analyses for Resilience in Water (CLEAR Water),0,Units,CUR,Currency,602,CCYY,A,Normal value,PU,Public
datastructure,WB.DATA360:DS_DATA360(1.2),I,A,Annual,GMB,"Gambia, The",WB_CLEAR_AQUASTAT_4554,SDG 6.4.1. Services Water Use Efficiency (US$/m3),_T,Total,_T,All age ranges or no breakdown by age,_T,Total,USD_M3,US dollars per cubic metre,_Z,Not Applicable,_Z,Not Applicable,_Z,Not Applicable,2017,19.63337397,WB_CLEAR,Climate and Economic Analyses for Resilience in Water (CLEAR Water),0,Units,CUR,Currency,602,CCYY,A,Normal value,PU,Public
datastructure,WB.DATA360:DS_DATA360(1.2),I,A,Annual,GEO,Georgia,WB_CLEAR_AQUASTAT_4554,SDG 6.4.1. Services Water Use Efficiency (US$/m3),_T,Total,_T,All age ranges or no breakdown by age,_T,Total,USD_M3,US dollars per cubic metre,_Z,Not Applicable,_Z,Not Applicable,_Z,Not Applicable,2017,14.91069321,WB_CLEAR,Climate and Economic Analyses for Resilience in Water (CLEAR Water),0,Units,CUR,Currency,602,CCYY,A,Normal value,PU,Public
datastructure,WB.DATA360:DS_DATA360(1.2),I,A,Annual,GHA,Ghana,WB_CLEAR_AQUASTAT_4554,SDG 6.4.1. Services Water Use Efficiency (US$/m3),_T,Total,_T,All age ranges or no breakdown by age,_T,Total,USD_M3,US dollars per cubic metre,_Z,Not Applicable,_Z,Not Applicable,_Z,Not Applicable,2017,82.6407602,WB_CLEAR,Climate and Economic Analyses for Resilience in Water (CLEAR Water),0,Units,CUR,Currency,602,CCYY,A,Normal value,PU,Public
datastructure,WB.DATA360:DS_DATA360(1.2),I,A,Annual,GRC,Greece,WB_CLEAR_AQUASTAT_4554,SDG 6.4.1. Services Water Use Efficiency (US$/m3),_T,Total,_T,All age ranges or no breakdown by age,_T,Total,USD_M3,US dollars per cubic metre,_Z,Not Applicable,_Z,Not Applicable,_Z,Not Applicable,2017,85.18911416,WB_CLEAR,Climate and Economic Analyses for Resilience in Water (CLEAR Water),0,Units,CUR,Currency,602,CCYY,A,Normal value,PU,Public
datastructure,WB.DATA360:DS_DATA360(1.2),I,A,Annual,GRD,Grenada,WB_CLEAR_AQUASTAT_4554,SDG 6.4.1. Services Water Use Efficiency (US$/m3),_T,Total,_T,All age ranges or no breakdown by age,_T,Total,USD_M3,US dollars per cubic metre,_Z,Not Applicable,_Z,Not Applicable,_Z,Not Applicable,2017,62.7510645,WB_CLEAR,Climate and Economic Analyses for Resilience in Water (CLEAR Water),0,Units,CUR,Currency,602,CCYY,A,Normal value,PU,Public
datastructure,WB.DATA360:DS_DATA360(1.2),I,A,Annual,GTM,Guatemala,WB_CLEAR_AQUASTAT_4554,SDG 6.4.1. Services Water Use Efficiency (US$/m3),_T,Total,_T,All age ranges or no breakdown by age,_T,Total,USD_M3,US dollars per cubic metre,_Z,Not Applicable,_Z,Not Applicable,_Z,Not Applicable,2017,53.64768962,WB_CLEAR,Climate and Economic Analyses for Resilience in Water (CLEAR Water),0,Units,CUR,Currency,602,CCYY,A,Normal value,PU,Public
datastructure,WB.DATA360:DS_DATA360(1.2),I,A,Annual,GIN,Guinea,WB_CLEAR_AQUASTAT_4554,SDG 6.4.1. Services Water Use Efficiency (US$/m3),_T,Total,_T,All age ranges or no breakdown by age,_T,Total,USD_M3,US dollars per cubic metre,_Z,Not Applicable,_Z,Not Applicable,_Z,Not Applicable,2017,19.177641,WB_CLEAR,Climate and Economic Analyses for Resilience in Water (CLEAR Water),0,Units,CUR,Currency,602,CCYY,A,Normal value,PU,Public
datastructure,WB.DATA360:DS_DATA360(1.2),I,A,Annual,GNB,Guinea-Bissau,WB_CLEAR_AQUASTAT_4554,SDG 6.4.1. Services Water Use Efficiency (US$/m3),_T,Total,_T,All age ranges or no breakdown by age,_T,Total,USD_M3,US dollars per cubic metre,_Z,Not Applicable,_Z,Not Applicable,_Z,Not Applicable,2017,11.50898672,WB_CLEAR,Climate and Economic Analyses for Resilience in Water (CLEAR Water),0,Units,CUR,Currency,602,CCYY,A,Normal value,PU,Public
datastructure,WB.DATA360:DS_DATA360(1.2),I,A,Annual,GUY,Guyana,WB_CLEAR_AQUASTAT_4554,SDG 6.4.1. Services Water Use Efficiency (US$/m3),_T,Total,_T,All age ranges or no breakdown by age,_T,Total,USD_M3,US dollars per cubic metre,_Z,Not Applicable,_Z,Not Applicable,_Z,Not Applicable,2017,25.34272527,WB_CLEAR,Climate and Economic Analyses for Resilience in Water (CLEAR Water),0,Units,CUR,Currency,602,CCYY,A,Normal value,PU,Public
datastructure,WB.DATA360:DS_DATA360(1.2),I,A,Annual,HTI,Haiti,WB_CLEAR_AQUASTAT_4554,SDG 6.4.1. Services Water Use Efficiency (US$/m3),_T,Total,_T,All age ranges or no breakdown by age,_T,Total,USD_M3,US dollars per cubic metre,_Z,Not Applicable,_Z,Not Applicable,_Z,Not Applicable,2017,22.21974976,WB_CLEAR,Climate and Economic Analyses for Resilience in Water (CLEAR Water),0,Units,CUR,Currency,602,CCYY,A,Normal value,PU,Public
datastructure,WB.DATA360:DS_DATA360(1.2),I,A,Annual,HND,Honduras,WB_CLEAR_AQUASTAT_4554,SDG 6.4.1. Services Water Use Efficiency (US$/m3),_T,Total,_T,All age ranges or no breakdown by age,_T,Total,USD_M3,US dollars per cubic metre,_Z,Not Applicable,_Z,Not Applicable,_Z,Not Applicable,2017,43.2572308,WB_CLEAR,Climate and Economic Analyses for Resilience in Water (CLEAR Water),0,Units,CUR,Currency,602,CCYY,A,Normal value,PU,Public
datastructure,WB.DATA360:DS_DATA360(1.2),I,A,Annual,HUN,Hungary,WB_CLEAR_AQUASTAT_4554,SDG 6.4.1. Services Water Use Efficiency (US$/m3),_T,Total,_T,All age ranges or no breakdown by age,_T,Total,USD_M3,US dollars per cubic metre,_Z,Not Applicable,_Z,Not Applicable,_Z,Not Applicable,2017,121.4139539,WB_CLEAR,Climate and Economic Analyses for Resilience in Water (CLEAR Water),0,Units,CUR,Currency,602,CCYY,A,Normal value,PU,Public
datastructure,WB.DATA360:DS_DATA360(1.2),I,A,Annual,ISL,Iceland,WB_CLEAR_AQUASTAT_4554,SDG 6.4.1. Services Water Use Efficiency (US$/m3),_T,Total,_T,All age ranges or no breakdown by age,_T,Total,USD_M3,US dollars per cubic metre,_Z,Not Applicable,_Z,Not Applicable,_Z,Not Applicable,2017,165.0325854,WB_CLEAR,Climate and Economic Analyses for Resilience in Water (CLEAR Water),0,Units,CUR,Currency,602,CCYY,A,Normal value,PU,Public
datastructure,WB.DATA360:DS_DATA360(1.2),I,A,Annual,IND,India,WB_CLEAR_AQUASTAT_4554,SDG 6.4.1. Services Water Use Efficiency (US$/m3),_T,Total,_T,All age ranges or no breakdown by age,_T,Total,USD_M3,US dollars per cubic metre,_Z,Not Applicable,_Z,Not Applicable,_Z,Not Applicable,2017,22.61857388,WB_CLEAR,Climate and Economic Analyses for Resilience in Water (CLEAR Water),0,Units,CUR,Currency,602,CCYY,A,Normal value,PU,Public
datastructure,WB.DATA360:DS_DATA360(1.2),I,A,Annual,IDN,Indonesia,WB_CLEAR_AQUASTAT_4554,SDG 6.4.1. Services Water Use Efficiency (US$/m3),_T,Total,_T,All age ranges or no breakdown by age,_T,Total,USD_M3,US dollars per cubic metre,_Z,Not Applicable,_Z,Not Applicable,_Z,Not Applicable,2017,17.90787313,WB_CLEAR,Climate and Economic Analyses for Resilience in Water (CLEAR Water),0,Units,CUR,Currency,602,CCYY,A,Normal value,PU,Public
datastructure,WB.DATA360:DS_DATA360(1.2),I,A,Annual,IRN,"Iran, Islamic Rep.",WB_CLEAR_AQUASTAT_4554,SDG 6.4.1. Services Water Use Efficiency (US$/m3),_T,Total,_T,All age ranges or no breakdown by age,_T,Total,USD_M3,US dollars per cubic metre,_Z,Not Applicable,_Z,Not Applicable,_Z,Not Applicable,2017,43.70831143,WB_CLEAR,Climate and Economic Analyses for Resilience in Water (CLEAR Water),0,Units,CUR,Currency,602,CCYY,A,Normal value,PU,Public
datastructure,WB.DATA360:DS_DATA360(1.2),I,A,Annual,IRQ,Iraq,WB_CLEAR_AQUASTAT_4554,SDG 6.4.1. Services Water Use Efficiency (US$/m3),_T,Total,_T,All age ranges or no breakdown by age,_T,Total,USD_M3,US dollars per cubic metre,_Z,Not Applicable,_Z,Not Applicable,_Z,Not Applicable,2017,80.31258342,WB_CLEAR,Climate and Economic Analyses for Resilience in Water (CLEAR Water),0,Units,CUR,Currency,602,CCYY,A,Normal value,PU,Public
datastructure,WB.DATA360:DS_DATA360(1.2),I,A,Annual,IRL,Ireland,WB_CLEAR_AQUASTAT_4554,SDG 6.4.1. Services Water Use Efficiency (US$/m3),_T,Total,_T,All age ranges or no breakdown by age,_T,Total,USD_M3,US dollars per cubic metre,_Z,Not Applicable,_Z,Not Applicable,_Z,Not Applicable,2017,251.4892597,WB_CLEAR,Climate and Economic Analyses for Resilience in Water (CLEAR Water),0,Units,CUR,Currency,602,CCYY,A,Normal value,PU,Public
datastructure,WB.DATA360:DS_DATA360(1.2),I,A,Annual,ISR,Israel,WB_CLEAR_AQUASTAT_4554,SDG 6.4.1. Services Water Use Efficiency (US$/m3),_T,Total,_T,All age ranges or no breakdown by age,_T,Total,USD_M3,US dollars per cubic metre,_Z,Not Applicable,_Z,Not Applicable,_Z,Not Applicable,2017,262.0863485,WB_CLEAR,Climate and Economic Analyses for Resilience in Water (CLEAR Water),0,Units,CUR,Currency,602,CCYY,A,Normal value,PU,Public
datastructure,WB.DATA360:DS_DATA360(1.2),I,A,Annual,ITA,Italy,WB_CLEAR_AQUASTAT_4554,SDG 6.4.1. Services Water Use Efficiency (US$/m3),_T,Total,_T,All age ranges or no breakdown by age,_T,Total,USD_M3,US dollars per cubic metre,_Z,Not Applicable,_Z,Not Applicable,_Z,Not Applicable,2017,137.0948119,WB_CLEAR,Climate and Economic Analyses for Resilience in Water (CLEAR Water),0,Units,CUR,Currency,602,CCYY,A,Normal value,PU,Public
datastructure,WB.DATA360:DS_DATA360(1.2),I,A,Annual,JAM,Jamaica,WB_CLEAR_AQUASTAT_4554,SDG 6.4.1. Services Water Use Efficiency (US$/m3),_T,Total,_T,All age ranges or no breakdown by age,_T,Total,USD_M3,US dollars per cubic metre,_Z,Not Applicable,_Z,Not Applicable,_Z,Not Applicable,2017,65.00436677,WB_CLEAR,Climate and Economic Analyses for Resilience in Water (CLEAR Water),0,Units,CUR,Currency,602,CCYY,A,Normal value,PU,Public
datastructure,WB.DATA360:DS_DATA360(1.2),I,A,Annual,JPN,Japan,WB_CLEAR_AQUASTAT_4554,SDG 6.4.1. Services Water Use Efficiency (US$/m3),_T,Total,_T,All age ranges or no breakdown by age,_T,Total,USD_M3,US dollars per cubic metre,_Z,Not Applicable,_Z,Not Applicable,_Z,Not Applicable,2017,221.1665337,WB_CLEAR,Climate and Economic Analyses for Resilience in Water (CLEAR Water),0,Units,CUR,Currency,602,CCYY,A,Normal value,PU,Public
datastructure,WB.DATA360:DS_DATA360(1.2),I,A,Annual,JOR,Jordan,WB_CLEAR_AQUASTAT_4554,SDG 6.4.1. Services Water Use Efficiency (US$/m3),_T,Total,_T,All age ranges or no breakdown by age,_T,Total,USD_M3,US dollars per cubic metre,_Z,Not Applicable,_Z,Not Applicable,_Z,Not Applicable,2017,56.41994935,WB_CLEAR,Climate and Economic Analyses for Resilience in Water (CLEAR Water),0,Units,CUR,Currency,602,CCYY,A,Normal value,PU,Public
datastructure,WB.DATA360:DS_DATA360(1.2),I,A,Annual,KAZ,Kazakhstan,WB_CLEAR_AQUASTAT_4554,SDG 6.4.1. Services Water Use Efficiency (US$/m3),_T,Total,_T,All age ranges or no breakdown by age,_T,Total,USD_M3,US dollars per cubic metre,_Z,Not Applicable,_Z,Not Applicable,_Z,Not Applicable,2017,48.97101119,WB_CLEAR,Climate and Economic Analyses for Resilience in Water (CLEAR Water),0,Units,CUR,Currency,602,CCYY,A,Normal value,PU,Public
datastructure,WB.DATA360:DS_DATA360(1.2),I,A,Annual,KEN,Kenya,WB_CLEAR_AQUASTAT_4554,SDG 6.4.1. Services Water Use Efficiency (US$/m3),_T,Total,_T,All age ranges or no breakdown by age,_T,Total,USD_M3,US dollars per cubic metre,_Z,Not Applicable,_Z,Not Applicable,_Z,Not Applicable,2017,63.62570746,WB_CLEAR,Climate and Economic Analyses for Resilience in Water (CLEAR Water),0,Units,CUR,Currency,602,CCYY,A,Normal value,PU,Public
datastructure,WB.DATA360:DS_DATA360(1.2),I,A,Annual,KWT,Kuwait,WB_CLEAR_AQUASTAT_4554,SDG 6.4.1. Services Water Use Efficiency (US$/m3),_T,Total,_T,All age ranges or no breakdown by age,_T,Total,USD_M3,US dollars per cubic metre,_Z,Not Applicable,_Z,Not Applicable,_Z,Not Applicable,2017,149.1584847,WB_CLEAR,Climate and Economic Analyses for Resilience in Water (CLEAR Water),0,Units,CUR,Currency,602,CCYY,A,Normal value,PU,Public
datastructure,WB.DATA360:DS_DATA360(1.2),I,A,Annual,KGZ,Kyrgyz Republic,WB_CLEAR_AQUASTAT_4554,SDG 6.4.1. Services Water Use Efficiency (US$/m3),_T,Total,_T,All age ranges or no breakdown by age,_T,Total,USD_M3,US dollars per cubic metre,_Z,Not Applicable,_Z,Not Applicable,_Z,Not Applicable,2017,17.17153126,WB_CLEAR,Climate and Economic Analyses for Resilience in Water (CLEAR Water),0,Units,CUR,Currency,602,CCYY,A,Normal value,PU,Public
datastructure,WB.DATA360:DS_DATA360(1.2),I,A,Annual,LAO,Lao PDR,WB_CLEAR_AQUASTAT_4554,SDG 6.4.1. Services Water Use Efficiency (US$/m3),_T,Total,_T,All age ranges or no breakdown by age,_T,Total,USD_M3,US dollars per cubic metre,_Z,Not Applicable,_Z,Not Applicable,_Z,Not Applicable,2017,65.42224632,WB_CLEAR,Climate and Economic Analyses for Resilience in Water (CLEAR Water),0,Units,CUR,Currency,602,CCYY,A,Normal value,PU,Public
datastructure,WB.DATA360:DS_DATA360(1.2),I,A,Annual,LVA,Latvia,WB_CLEAR_AQUASTAT_4554,SDG 6.4.1. Services Water Use Efficiency (US$/m3),_T,Total,_T,All age ranges or no breakdown by age,_T,Total,USD_M3,US dollars per cubic metre,_Z,Not Applicable,_Z,Not Applicable,_Z,Not Applicable,2017,226.5196113,WB_CLEAR,Climate and Economic Analyses for Resilience in Water (CLEAR Water),0,Units,CUR,Currency,602,CCYY,A,Normal value,PU,Public
datastructure,WB.DATA360:DS_DATA360(1.2),I,A,Annual,LBN,Lebanon,WB_CLEAR_AQUASTAT_4554,SDG 6.4.1. Services Water Use Efficiency (US$/m3),_T,Total,_T,All age ranges or no breakdown by age,_T,Total,USD_M3,US dollars per cubic metre,_Z,Not Applicable,_Z,Not Applicable,_Z,Not Applicable,2017,167.0385,WB_CLEAR,Climate and Economic Analyses for Resilience in Water (CLEAR Water),0,Units,CUR,Currency,602,CCYY,A,Normal value,PU,Public
datastructure,WB.DATA360:DS_DATA360(1.2),I,A,Annual,LSO,Lesotho,WB_CLEAR_AQUASTAT_4554,SDG 6.4.1. Services Water Use Efficiency (US$/m3),_T,Total,_T,All age ranges or no breakdown by age,_T,Total,USD_M3,US dollars per cubic metre,_Z,Not Applicable,_Z,Not Applicable,_Z,Not Applicable,2017,77.94413284,WB_CLEAR,Climate and Economic Analyses for Resilience in Water (CLEAR Water),0,Units,CUR,Currency,602,CCYY,A,Normal value,PU,Public
datastructure,WB.DATA360:DS_DATA360(1.2),I,A,Annual,LBR,Liberia,WB_CLEAR_AQUASTAT_4554,SDG 6.4.1. Services Water Use Efficiency (US$/m3),_T,Total,_T,All age ranges or no breakdown by age,_T,Total,USD_M3,US dollars per cubic metre,_Z,Not Applicable,_Z,Not Applicable,_Z,Not Applicable,2017,5.405820322,WB_CLEAR,Climate and Economic Analyses for Resilience in Water (CLEAR Water),0,Units,CUR,Currency,602,CCYY,A,Normal value,PU,Public
datastructure,WB.DATA360:DS_DATA360(1.2),I,A,Annual,LBY,Libya,WB_CLEAR_AQUASTAT_4554,SDG 6.4.1. Services Water Use Efficiency (US$/m3),_T,Total,_T,All age ranges or no breakdown by age,_T,Total,USD_M3,US dollars per cubic metre,_Z,Not Applicable,_Z,Not Applicable,_Z,Not Applicable,2017,10.73811786,WB_CLEAR,Climate and Economic Analyses for Resilience in Water (CLEAR Water),0,Units,CUR,Currency,602,CCYY,A,Normal value,PU,Public
datastructure,WB.DATA360:DS_DATA360(1.2),I,A,Annual,LIE,Liechtenstein,WB_CLEAR_AQUASTAT_4554,SDG 6.4.1. Services Water Use Efficiency (US$/m3),_T,Total,_T,All age ranges or no breakdown by age,_T,Total,USD_M3,US dollars per cubic metre,_Z,Not Applicable,_Z,Not Applicable,_Z,Not Applicable,2017,441.8708319,WB_CLEAR,Climate and Economic Analyses for Resilience in Water (CLEAR Water),0,Units,CUR,Currency,602,CCYY,A,Normal value,PU,Public
datastructure,WB.DATA360:DS_DATA360(1.2),I,A,Annual,LTU,Lithuania,WB_CLEAR_AQUASTAT_4554,SDG 6.4.1. Services Water Use Efficiency (US$/m3),_T,Total,_T,All age ranges or no breakdown by age,_T,Total,USD_M3,US dollars per cubic metre,_Z,Not Applicable,_Z,Not Applicable,_Z,Not Applicable,2017,214.1674999,WB_CLEAR,Climate and Economic Analyses for Resilience in Water (CLEAR Water),0,Units,CUR,Currency,602,CCYY,A,Normal value,PU,Public
datastructure,WB.DATA360:DS_DATA360(1.2),I,A,Annual,LUX,Luxembourg,WB_CLEAR_AQUASTAT_4554,SDG 6.4.1. Services Water Use Efficiency (US$/m3),_T,Total,_T,All age ranges or no breakdown by age,_T,Total,USD_M3,US dollars per cubic metre,_Z,Not Applicable,_Z,Not Applicable,_Z,Not Applicable,2017,1134.870223,WB_CLEAR,Climate and Economic Analyses for Resilience in Water (CLEAR Water),0,Units,CUR,Currency,602,CCYY,A,Normal value,PU,Public
datastructure,WB.DATA360:DS_DATA360(1.2),I,A,Annual,MDG,Madagascar,WB_CLEAR_AQUASTAT_4554,SDG 6.4.1. Services Water Use Efficiency (US$/m3),_T,Total,_T,All age ranges or no breakdown by age,_T,Total,USD_M3,US dollars per cubic metre,_Z,Not Applicable,_Z,Not Applicable,_Z,Not Applicable,2017,16.09043315,WB_CLEAR,Climate and Economic Analyses for Resilience in Water (CLEAR Water),0,Units,CUR,Currency,602,CCYY,A,Normal value,PU,Public
datastructure,WB.DATA360:DS_DATA360(1.2),I,A,Annual,MWI,Malawi,WB_CLEAR_AQUASTAT_4554,SDG 6.4.1. Services Water Use Efficiency (US$/m3),_T,Total,_T,All age ranges or no breakdown by age,_T,Total,USD_M3,US dollars per cubic metre,_Z,Not Applicable,_Z,Not Applicable,_Z,Not Applicable,2017,22.90546545,WB_CLEAR,Climate and Economic Analyses for Resilience in Water (CLEAR Water),0,Units,CUR,Currency,602,CCYY,A,Normal value,PU,Public
datastructure,WB.DATA360:DS_DATA360(1.2),I,A,Annual,MYS,Malaysia,WB_CLEAR_AQUASTAT_4554,SDG 6.4.1. Services Water Use Efficiency (US$/m3),_T,Total,_T,All age ranges or no breakdown by age,_T,Total,USD_M3,US dollars per cubic metre,_Z,Not Applicable,_Z,Not Applicable,_Z,Not Applicable,2017,135.0202445,WB_CLEAR,Climate and Economic Analyses for Resilience in Water (CLEAR Water),0,Units,CUR,Currency,602,CCYY,A,Normal value,PU,Public
datastructure,WB.DATA360:DS_DATA360(1.2),I,A,Annual,MDV,Maldives,WB_CLEAR_AQUASTAT_4554,SDG 6.4.1. Services Water Use Efficiency (US$/m3),_T,Total,_T,All age ranges or no breakdown by age,_T,Total,USD_M3,US dollars per cubic metre,_Z,Not Applicable,_Z,Not Applicable,_Z,Not Applicable,2017,591.348237,WB_CLEAR,Climate and Economic Analyses for Resilience in Water (CLEAR Water),0,Units,CUR,Currency,602,CCYY,A,Normal value,PU,Public
datastructure,WB.DATA360:DS_DATA360(1.2),I,A,Annual,MLI,Mali,WB_CLEAR_AQUASTAT_4554,SDG 6.4.1. Services Water Use Efficiency (US$/m3),_T,Total,_T,All age ranges or no breakdown by age,_T,Total,USD_M3,US dollars per cubic metre,_Z,Not Applicable,_Z,Not Applicable,_Z,Not Applicable,2017,55.42566147,WB_CLEAR,Climate and Economic Analyses for Resilience in Water (CLEAR Water),0,Units,CUR,Currency,602,CCYY,A,Normal value,PU,Public
datastructure,WB.DATA360:DS_DATA360(1.2),I,A,Annual,MLT,Malta,WB_CLEAR_AQUASTAT_4554,SDG 6.4.1. Services Water Use Efficiency (US$/m3),_T,Total,_T,All age ranges or no breakdown by age,_T,Total,USD_M3,US dollars per cubic metre,_Z,Not Applicable,_Z,Not Applicable,_Z,Not Applicable,2017,248.877369,WB_CLEAR,Climate and Economic Analyses for Resilience in Water (CLEAR Water),0,Units,CUR,Currency,602,CCYY,A,Normal value,PU,Public
datastructure,WB.DATA360:DS_DATA360(1.2),I,A,Annual,MRT,Mauritania,WB_CLEAR_AQUASTAT_4554,SDG 6.4.1. Services Water Use Efficiency (US$/m3),_T,Total,_T,All age ranges or no breakdown by age,_T,Total,USD_M3,US dollars per cubic metre,_Z,Not Applicable,_Z,Not Applicable,_Z,Not Applicable,2017,32.69729969,WB_CLEAR,Climate and Economic Analyses for Resilience in Water (CLEAR Water),0,Units,CUR,Currency,602,CCYY,A,Normal value,PU,Public
datastructure,WB.DATA360:DS_DATA360(1.2),I,A,Annual,MUS,Mauritius,WB_CLEAR_AQUASTAT_4554,SDG 6.4.1. Services Water Use Efficiency (US$/m3),_T,Total,_T,All age ranges or no breakdown by age,_T,Total,USD_M3,US dollars per cubic metre,_Z,Not Applicable,_Z,Not Applicable,_Z,Not Applicable,2017,33.56304746,WB_CLEAR,Climate and Economic Analyses for Resilience in Water (CLEAR Water),0,Units,CUR,Currency,602,CCYY,A,Normal value,PU,Public
datastructure,WB.DATA360:DS_DATA360(1.2),I,A,Annual,MEX,Mexico,WB_CLEAR_AQUASTAT_4554,SDG 6.4.1. Services Water Use Efficiency (US$/m3),_T,Total,_T,All age ranges or no breakdown by age,_T,Total,USD_M3,US dollars per cubic metre,_Z,Not Applicable,_Z,Not Applicable,_Z,Not Applicable,2017,53.96522993,WB_CLEAR,Climate and Economic Analyses for Resilience in Water (CLEAR Water),0,Units,CUR,Currency,602,CCYY,A,Normal value,PU,Public
datastructure,WB.DATA360:DS_DATA360(1.2),I,A,Annual,MCO,Monaco,WB_CLEAR_AQUASTAT_4554,SDG 6.4.1. Services Water Use Efficiency (US$/m3),_T,Total,_T,All age ranges or no breakdown by age,_T,Total,USD_M3,US dollars per cubic metre,_Z,Not Applicable,_Z,Not Applicable,_Z,Not Applicable,2017,1089.663906,WB_CLEAR,Climate and Economic Analyses for Resilience in Water (CLEAR Water),0,Units,CUR,Currency,602,CCYY,A,Normal value,PU,Public
datastructure,WB.DATA360:DS_DATA360(1.2),I,A,Annual,MNG,Mongolia,WB_CLEAR_AQUASTAT_4554,SDG 6.4.1. Services Water Use Efficiency (US$/m3),_T,Total,_T,All age ranges or no breakdown by age,_T,Total,USD_M3,US dollars per cubic metre,_Z,Not Applicable,_Z,Not Applicable,_Z,Not Applicable,2017,123.962242,WB_CLEAR,Climate and Economic Analyses for Resilience in Water (CLEAR Water),0,Units,CUR,Currency,602,CCYY,A,Normal value,PU,Public
datastructure,WB.DATA360:DS_DATA360(1.2),I,A,Annual,MNE,Montenegro,WB_CLEAR_AQUASTAT_4554,SDG 6.4.1. Services Water Use Efficiency (US$/m3),_T,Total,_T,All age ranges or no breakdown by age,_T,Total,USD_M3,US dollars per cubic metre,_Z,Not Applicable,_Z,Not Applicable,_Z,Not Applicable,2017,29.07626479,WB_CLEAR,Climate and Economic Analyses for Resilience in Water (CLEAR Water),0,Units,CUR,Currency,602,CCYY,A,Normal value,PU,Public
datastructure,WB.DATA360:DS_DATA360(1.2),I,A,Annual,MAR,Morocco,WB_CLEAR_AQUASTAT_4554,SDG 6.4.1. Services Water Use Efficiency (US$/m3),_T,Total,_T,All age ranges or no breakdown by age,_T,Total,USD_M3,US dollars per cubic metre,_Z,Not Applicable,_Z,Not Applicable,_Z,Not Applicable,2017,54.58883353,WB_CLEAR,Climate and Economic Analyses for Resilience in Water (CLEAR Water),0,Units,CUR,Currency,602,CCYY,A,Normal value,PU,Public
datastructure,WB.DATA360:DS_DATA360(1.2),I,A,Annual,MOZ,Mozambique,WB_CLEAR_AQUASTAT_4554,SDG 6.4.1. Services Water Use Efficiency (US$/m3),_T,Total,_T,All age ranges or no breakdown by age,_T,Total,USD_M3,US dollars per cubic metre,_Z,Not Applicable,_Z,Not Applicable,_Z,Not Applicable,2017,20.26640458,WB_CLEAR,Climate and Economic Analyses for Resilience in Water (CLEAR Water),0,Units,CUR,Currency,602,CCYY,A,Normal value,PU,Public
datastructure,WB.DATA360:DS_DATA360(1.2),I,A,Annual,MMR,Myanmar,WB_CLEAR_AQUASTAT_4554,SDG 6.4.1. Services Water Use Efficiency (US$/m3),_T,Total,_T,All age ranges or no breakdown by age,_T,Total,USD_M3,US dollars per cubic metre,_Z,Not Applicable,_Z,Not Applicable,_Z,Not Applicable,2017,8.806792887,WB_CLEAR,Climate and Economic Analyses for Resilience in Water (CLEAR Water),0,Units,CUR,Currency,602,CCYY,A,Normal value,PU,Public
datastructure,WB.DATA360:DS_DATA360(1.2),I,A,Annual,NAM,Namibia,WB_CLEAR_AQUASTAT_4554,SDG 6.4.1. Services Water Use Efficiency (US$/m3),_T,Total,_T,All age ranges or no breakdown by age,_T,Total,USD_M3,US dollars per cubic metre,_Z,Not Applicable,_Z,Not Applicable,_Z,Not Applicable,2017,99.27757423,WB_CLEAR,Climate and Economic Analyses for Resilience in Water (CLEAR Water),0,Units,CUR,Currency,602,CCYY,A,Normal value,PU,Public
datastructure,WB.DATA360:DS_DATA360(1.2),I,A,Annual,NPL,Nepal,WB_CLEAR_AQUASTAT_4554,SDG 6.4.1. Services Water Use Efficiency (US$/m3),_T,Total,_T,All age ranges or no breakdown by age,_T,Total,USD_M3,US dollars per cubic metre,_Z,Not Applicable,_Z,Not Applicable,_Z,Not Applicable,2017,80.03569849,WB_CLEAR,Climate and Economic Analyses for Resilience in Water (CLEAR Water),0,Units,CUR,Currency,602,CCYY,A,Normal value,PU,Public
datastructure,WB.DATA360:DS_DATA360(1.2),I,A,Annual,NLD,Netherlands,WB_CLEAR_AQUASTAT_4554,SDG 6.4.1. Services Water Use Efficiency (US$/m3),_T,Total,_T,All age ranges or no breakdown by age,_T,Total,USD_M3,US dollars per cubic metre,_Z,Not Applicable,_Z,Not Applicable,_Z,Not Applicable,2017,340.1395332,WB_CLEAR,Climate and Economic Analyses for Resilience in Water (CLEAR Water),0,Units,CUR,Currency,602,CCYY,A,Normal value,PU,Public
datastructure,WB.DATA360:DS_DATA360(1.2),I,A,Annual,NZL,New Zealand,WB_CLEAR_AQUASTAT_4554,SDG 6.4.1. Services Water Use Efficiency (US$/m3),_T,Total,_T,All age ranges or no breakdown by age,_T,Total,USD_M3,US dollars per cubic metre,_Z,Not Applicable,_Z,Not Applicable,_Z,Not Applicable,2017,309.6390156,WB_CLEAR,Climate and Economic Analyses for Resilience in Water (CLEAR Water),0,Units,CUR,Currency,602,CCYY,A,Normal value,PU,Public
datastructure,WB.DATA360:DS_DATA360(1.2),I,A,Annual,NIC,Nicaragua,WB_CLEAR_AQUASTAT_4554,SDG 6.4.1. Services Water Use Efficiency (US$/m3),_T,Total,_T,All age ranges or no breakdown by age,_T,Total,USD_M3,US dollars per cubic metre,_Z,Not Applicable,_Z,Not Applicable,_Z,Not Applicable,2017,26.21183286,WB_CLEAR,Climate and Economic Analyses for Resilience in Water (CLEAR Water),0,Units,CUR,Currency,602,CCYY,A,Normal value,PU,Public
datastructure,WB.DATA360:DS_DATA360(1.2),I,A,Annual,NER,Niger,WB_CLEAR_AQUASTAT_4554,SDG 6.4.1. Services Water Use Efficiency (US$/m3),_T,Total,_T,All age ranges or no breakdown by age,_T,Total,USD_M3,US dollars per cubic metre,_Z,Not Applicable,_Z,Not Applicable,_Z,Not Applicable,2017,24.0608883,WB_CLEAR,Climate and Economic Analyses for Resilience in Water (CLEAR Water),0,Units,CUR,Currency,602,CCYY,A,Normal value,PU,Public
datastructure,WB.DATA360:DS_DATA360(1.2),I,A,Annual,NGA,Nigeria,WB_CLEAR_AQUASTAT_4554,SDG 6.4.1. Services Water Use Efficiency (US$/m3),_T,Total,_T,All age ranges or no breakdown by age,_T,Total,USD_M3,US dollars per cubic metre,_Z,Not Applicable,_Z,Not Applicable,_Z,Not Applicable,2017,55.4563992,WB_CLEAR,Climate and Economic Analyses for Resilience in Water (CLEAR Water),0,Units,CUR,Currency,602,CCYY,A,Normal value,PU,Public
datastructure,WB.DATA360:DS_DATA360(1.2),I,A,Annual,MKD,North Macedonia,WB_CLEAR_AQUASTAT_4554,SDG 6.4.1. Services Water Use Efficiency (US$/m3),_T,Total,_T,All age ranges or no breakdown by age,_T,Total,USD_M3,US dollars per cubic metre,_Z,Not Applicable,_Z,Not Applicable,_Z,Not Applicable,2017,21.92743986,WB_CLEAR,Climate and Economic Analyses for Resilience in Water (CLEAR Water),0,Units,CUR,Currency,602,CCYY,A,Normal value,PU,Public
datastructure,WB.DATA360:DS_DATA360(1.2),I,A,Annual,NOR,Norway,WB_CLEAR_AQUASTAT_4554,SDG 6.4.1. Services Water Use Efficiency (US$/m3),_T,Total,_T,All age ranges or no breakdown by age,_T,Total,USD_M3,US dollars per cubic metre,_Z,Not Applicable,_Z,Not Applicable,_Z,Not Applicable,2017,305.8184886,WB_CLEAR,Climate and Economic Analyses for Resilience in Water (CLEAR Water),0,Units,CUR,Currency,602,CCYY,A,Normal value,PU,Public
datastructure,WB.DATA360:DS_DATA360(1.2),I,A,Annual,OMN,Oman,WB_CLEAR_AQUASTAT_4554,SDG 6.4.1. Services Water Use Efficiency (US$/m3),_T,Total,_T,All age ranges or no breakdown by age,_T,Total,USD_M3,US dollars per cubic metre,_Z,Not Applicable,_Z,Not Applicable,_Z,Not Applicable,2017,452.1925044,WB_CLEAR,Climate and Economic Analyses for Resilience in Water (CLEAR Water),0,Units,CUR,Currency,602,CCYY,A,Normal value,PU,Public
datastructure,WB.DATA360:DS_DATA360(1.2),I,A,Annual,PAK,Pakistan,WB_CLEAR_AQUASTAT_4554,SDG 6.4.1. Services Water Use Efficiency (US$/m3),_T,Total,_T,All age ranges or no breakdown by age,_T,Total,USD_M3,US dollars per cubic metre,_Z,Not Applicable,_Z,Not Applicable,_Z,Not Applicable,2017,16.93975188,WB_CLEAR,Climate and Economic Analyses for Resilience in Water (CLEAR Water),0,Units,CUR,Currency,602,CCYY,A,Normal value,PU,Public
datastructure,WB.DATA360:DS_DATA360(1.2),I,A,Annual,PSE,West Bank and Gaza,WB_CLEAR_AQUASTAT_4554,SDG 6.4.1. Services Water Use Efficiency (US$/m3),_T,Total,_T,All age ranges or no breakdown by age,_T,Total,USD_M3,US dollars per cubic metre,_Z,Not Applicable,_Z,Not Applicable,_Z,Not Applicable,2017,51.88572324,WB_CLEAR,Climate and Economic Analyses for Resilience in Water (CLEAR Water),0,Units,CUR,Currency,602,CCYY,A,Normal value,PU,Public
datastructure,WB.DATA360:DS_DATA360(1.2),I,A,Annual,PAN,Panama,WB_CLEAR_AQUASTAT_4554,SDG 6.4.1. Services Water Use Efficiency (US$/m3),_T,Total,_T,All age ranges or no breakdown by age,_T,Total,USD_M3,US dollars per cubic metre,_Z,Not Applicable,_Z,Not Applicable,_Z,Not Applicable,2017,52.44344714,WB_CLEAR,Climate and Economic Analyses for Resilience in Water (CLEAR Water),0,Units,CUR,Currency,602,CCYY,A,Normal value,PU,Public
datastructure,WB.DATA360:DS_DATA360(1.2),I,A,Annual,PNG,Papua New Guinea,WB_CLEAR_AQUASTAT_4554,SDG 6.4.1. Services Water Use Efficiency (US$/m3),_T,Total,_T,All age ranges or no breakdown by age,_T,Total,USD_M3,US dollars per cubic metre,_Z,Not Applicable,_Z,Not Applicable,_Z,Not Applicable,2017,49.56292654,WB_CLEAR,Climate and Economic Analyses for Resilience in Water (CLEAR Water),0,Units,CUR,Currency,602,CCYY,A,Normal value,PU,Public
datastructure,WB.DATA360:DS_DATA360(1.2),I,A,Annual,PRY,Paraguay,WB_CLEAR_AQUASTAT_4554,SDG 6.4.1. Services Water Use Efficiency (US$/m3),_T,Total,_T,All age ranges or no breakdown by age,_T,Total,USD_M3,US dollars per cubic metre,_Z,Not Applicable,_Z,Not Applicable,_Z,Not Applicable,2017,61.47315198,WB_CLEAR,Climate and Economic Analyses for Resilience in Water (CLEAR Water),0,Units,CUR,Currency,602,CCYY,A,Normal value,PU,Public
datastructure,WB.DATA360:DS_DATA360(1.2),I,A,Annual,PER,Peru,WB_CLEAR_AQUASTAT_4554,SDG 6.4.1. Services Water Use Efficiency (US$/m3),_T,Total,_T,All age ranges or no breakdown by age,_T,Total,USD_M3,US dollars per cubic metre,_Z,Not Applicable,_Z,Not Applicable,_Z,Not Applicable,2017,59.71801721,WB_CLEAR,Climate and Economic Analyses for Resilience in Water (CLEAR Water),0,Units,CUR,Currency,602,CCYY,A,Normal value,PU,Public
datastructure,WB.DATA360:DS_DATA360(1.2),I,A,Annual,PHL,Philippines,WB_CLEAR_AQUASTAT_4554,SDG 6.4.1. Services Water Use Efficiency (US$/m3),_T,Total,_T,All age ranges or no breakdown by age,_T,Total,USD_M3,US dollars per cubic metre,_Z,Not Applicable,_Z,Not Applicable,_Z,Not Applicable,2017,22.08910411,WB_CLEAR,Climate and Economic Analyses for Resilience in Water (CLEAR Water),0,Units,CUR,Currency,602,CCYY,A,Normal value,PU,Public
datastructure,WB.DATA360:DS_DATA360(1.2),I,A,Annual,POL,Poland,WB_CLEAR_AQUASTAT_4554,SDG 6.4.1. Services Water Use Efficiency (US$/m3),_T,Total,_T,All age ranges or no breakdown by age,_T,Total,USD_M3,US dollars per cubic metre,_Z,Not Applicable,_Z,Not Applicable,_Z,Not Applicable,2017,153.68778,WB_CLEAR,Climate and Economic Analyses for Resilience in Water (CLEAR Water),0,Units,CUR,Currency,602,CCYY,A,Normal value,PU,Public
datastructure,WB.DATA360:DS_DATA360(1.2),I,A,Annual,PRT,Portugal,WB_CLEAR_AQUASTAT_4554,SDG 6.4.1. Services Water Use Efficiency (US$/m3),_T,Total,_T,All age ranges or no breakdown by age,_T,Total,USD_M3,US dollars per cubic metre,_Z,Not Applicable,_Z,Not Applicable,_Z,Not Applicable,2017,157.3050601,WB_CLEAR,Climate and Economic Analyses for Resilience in Water (CLEAR Water),0,Units,CUR,Currency,602,CCYY,A,Normal value,PU,Public
datastructure,WB.DATA360:DS_DATA360(1.2),I,A,Annual,PRI,Puerto Rico,WB_CLEAR_AQUASTAT_4554,SDG 6.4.1. Services Water Use Efficiency (US$/m3),_T,Total,_T,All age ranges or no breakdown by age,_T,Total,USD_M3,US dollars per cubic metre,_Z,Not Applicable,_Z,Not Applicable,_Z,Not Applicable,2017,63.34518511,WB_CLEAR,Climate and Economic Analyses for Resilience in Water (CLEAR Water),0,Units,CUR,Currency,602,CCYY,A,Normal value,PU,Public
datastructure,WB.DATA360:DS_DATA360(1.2),I,A,Annual,QAT,Qatar,WB_CLEAR_AQUASTAT_4554,SDG 6.4.1. Services Water Use Efficiency (US$/m3),_T,Total,_T,All age ranges or no breakdown by age,_T,Total,USD_M3,US dollars per cubic metre,_Z,Not Applicable,_Z,Not Applicable,_Z,Not Applicable,2017,137.0558494,WB_CLEAR,Climate and Economic Analyses for Resilience in Water (CLEAR Water),0,Units,CUR,Currency,602,CCYY,A,Normal value,PU,Public
datastructure,WB.DATA360:DS_DATA360(1.2),I,A,Annual,KOR,"Korea, Rep.",WB_CLEAR_AQUASTAT_4554,SDG 6.4.1. Services Water Use Efficiency (US$/m3),_T,Total,_T,All age ranges or no breakdown by age,_T,Total,USD_M3,US dollars per cubic metre,_Z,Not Applicable,_Z,Not Applicable,_Z,Not Applicable,2017,133.050642,WB_CLEAR,Climate and Economic Analyses for Resilience in Water (CLEAR Water),0,Units,CUR,Currency,602,CCYY,A,Normal value,PU,Public
datastructure,WB.DATA360:DS_DATA360(1.2),I,A,Annual,MDA,Moldova,WB_CLEAR_AQUASTAT_4554,SDG 6.4.1. Services Water Use Efficiency (US$/m3),_T,Total,_T,All age ranges or no breakdown by age,_T,Total,USD_M3,US dollars per cubic metre,_Z,Not Applicable,_Z,Not Applicable,_Z,Not Applicable,2017,32.25865259,WB_CLEAR,Climate and Economic Analyses for Resilience in Water (CLEAR Water),0,Units,CUR,Currency,602,CCYY,A,Normal value,PU,Public
datastructure,WB.DATA360:DS_DATA360(1.2),I,A,Annual,ROU,Romania,WB_CLEAR_AQUASTAT_4554,SDG 6.4.1. Services Water Use Efficiency (US$/m3),_T,Total,_T,All age ranges or no breakdown by age,_T,Total,USD_M3,US dollars per cubic metre,_Z,Not Applicable,_Z,Not Applicable,_Z,Not Applicable,2017,115.2337998,WB_CLEAR,Climate and Economic Analyses for Resilience in Water (CLEAR Water),0,Units,CUR,Currency,602,CCYY,A,Normal value,PU,Public
datastructure,WB.DATA360:DS_DATA360(1.2),I,A,Annual,RUS,Russian Federation,WB_CLEAR_AQUASTAT_4554,SDG 6.4.1. Services Water Use Efficiency (US$/m3),_T,Total,_T,All age ranges or no breakdown by age,_T,Total,USD_M3,US dollars per cubic metre,_Z,Not Applicable,_Z,Not Applicable,_Z,Not Applicable,2017,46.65871039,WB_CLEAR,Climate and Economic Analyses for Resilience in Water (CLEAR Water),0,Units,CUR,Currency,602,CCYY,A,Normal value,PU,Public
datastructure,WB.DATA360:DS_DATA360(1.2),I,A,Annual,RWA,Rwanda,WB_CLEAR_AQUASTAT_4554,SDG 6.4.1. Services Water Use Efficiency (US$/m3),_T,Total,_T,All age ranges or no breakdown by age,_T,Total,USD_M3,US dollars per cubic metre,_Z,Not Applicable,_Z,Not Applicable,_Z,Not Applicable,2017,72.62057513,WB_CLEAR,Climate and Economic Analyses for Resilience in Water (CLEAR Water),0,Units,CUR,Currency,602,CCYY,A,Normal value,PU,Public
datastructure,WB.DATA360:DS_DATA360(1.2),I,A,Annual,KNA,St. Kitts and Nevis,WB_CLEAR_AQUASTAT_4554,SDG 6.4.1. Services Water Use Efficiency (US$/m3),_T,Total,_T,All age ranges or no breakdown by age,_T,Total,USD_M3,US dollars per cubic metre,_Z,Not Applicable,_Z,Not Applicable,_Z,Not Applicable,2017,40.12901496,WB_CLEAR,Climate and Economic Analyses for Resilience in Water (CLEAR Water),0,Units,CUR,Currency,602,CCYY,A,Normal value,PU,Public
datastructure,WB.DATA360:DS_DATA360(1.2),I,A,Annual,LCA,St. Lucia,WB_CLEAR_AQUASTAT_4554,SDG 6.4.1. Services Water Use Efficiency (US$/m3),_T,Total,_T,All age ranges or no breakdown by age,_T,Total,USD_M3,US dollars per cubic metre,_Z,Not Applicable,_Z,Not Applicable,_Z,Not Applicable,2017,108.6525778,WB_CLEAR,Climate and Economic Analyses for Resilience in Water (CLEAR Water),0,Units,CUR,Currency,602,CCYY,A,Normal value,PU,Public
datastructure,WB.DATA360:DS_DATA360(1.2),I,A,Annual,VCT,St. Vincent and the Grenadines,WB_CLEAR_AQUASTAT_4554,SDG 6.4.1. Services Water Use Efficiency (US$/m3),_T,Total,_T,All age ranges or no breakdown by age,_T,Total,USD_M3,US dollars per cubic metre,_Z,Not Applicable,_Z,Not Applicable,_Z,Not Applicable,2017,59.83572245,WB_CLEAR,Climate and Economic Analyses for Resilience in Water (CLEAR Water),0,Units,CUR,Currency,602,CCYY,A,Normal value,PU,Public
datastructure,WB.DATA360:DS_DATA360(1.2),I,A,Annual,BOL,Bolivia,WB_CLEAR_AQUASTAT_4554,SDG 6.4.1. Services Water Use Efficiency (US$/m3),_T,Total,_T,All age ranges or no breakdown by age,_T,Total,USD_M3,US dollars per cubic metre,_Z,Not Applicable,_Z,Not Applicable,_Z,Not Applicable,2017,134.1172834,WB_CLEAR,Climate and Economic Analyses for Resilience in Water (CLEAR Water),0,Units,CUR,Currency,602,CCYY,A,Normal value,PU,Public
datastructure,WB.DATA360:DS_DATA360(1.2),I,A,Annual,BIH,Bosnia and Herzegovina,WB_CLEAR_AQUASTAT_4554,SDG 6.4.1. Services Water Use Efficiency (US$/m3),_T,Total,_T,All age ranges or no breakdown by age,_T,Total,USD_M3,US dollars per cubic metre,_Z,Not Applicable,_Z,Not Applicable,_Z,Not Applicable,2017,28.98477239,WB_CLEAR,Climate and Economic Analyses for Resilience in Water (CLEAR Water),0,Units,CUR,Currency,602,CCYY,A,Normal value,PU,Public
datastructure,WB.DATA360:DS_DATA360(1.2),I,A,Annual,BWA,Botswana,WB_CLEAR_AQUASTAT_4554,SDG 6.4.1. Services Water Use Efficiency (US$/m3),_T,Total,_T,All age ranges or no breakdown by age,_T,Total,USD_M3,US dollars per cubic metre,_Z,Not Applicable,_Z,Not Applicable,_Z,Not Applicable,2017,92.46622765,WB_CLEAR,Climate and Economic Analyses for Resilience in Water (CLEAR Water),0,Units,CUR,Currency,602,CCYY,A,Normal value,PU,Public
datastructure,WB.DATA360:DS_DATA360(1.2),I,A,Annual,BRA,Brazil,WB_CLEAR_AQUASTAT_4554,SDG 6.4.1. Services Water Use Efficiency (US$/m3),_T,Total,_T,All age ranges or no breakdown by age,_T,Total,USD_M3,US dollars per cubic metre,_Z,Not Applicable,_Z,Not Applicable,_Z,Not Applicable,2017,68.1632601,WB_CLEAR,Climate and Economic Analyses for Resilience in Water (CLEAR Water),0,Units,CUR,Currency,602,CCYY,A,Normal value,PU,Public
datastructure,WB.DATA360:DS_DATA360(1.2),I,A,Annual,BRN,Brunei Darussalam,WB_CLEAR_AQUASTAT_4554,SDG 6.4.1. Services Water Use Efficiency (US$/m3),_T,Total,_T,All age ranges or no breakdown by age,_T,Total,USD_M3,US dollars per cubic metre,_Z,Not Applicable,_Z,Not Applicable,_Z,Not Applicable,2017,35.26472919,WB_CLEAR,Climate and Economic Analyses for Resilience in Water (CLEAR Water),0,Units,CUR,Currency,602,CCYY,A,Normal value,PU,Public
datastructure,WB.DATA360:DS_DATA360(1.2),I,A,Annual,BGR,Bulgaria,WB_CLEAR_AQUASTAT_4554,SDG 6.4.1. Services Water Use Efficiency (US$/m3),_T,Total,_T,All age ranges or no breakdown by age,_T,Total,USD_M3,US dollars per cubic metre,_Z,Not Applicable,_Z,Not Applicable,_Z,Not Applicable,2017,37.61891164,WB_CLEAR,Climate and Economic Analyses for Resilience in Water (CLEAR Water),0,Units,CUR,Currency,602,CCYY,A,Normal value,PU,Public
datastructure,WB.DATA360:DS_DATA360(1.2),I,A,Annual,BFA,Burkina Faso,WB_CLEAR_AQUASTAT_4554,SDG 6.4.1. Services Water Use Efficiency (US$/m3),_T,Total,_T,All age ranges or no breakdown by age,_T,Total,USD_M3,US dollars per cubic metre,_Z,Not Applicable,_Z,Not Applicable,_Z,Not Applicable,2017,15.79459908,WB_CLEAR,Climate and Economic Analyses for Resilience in Water (CLEAR Water),0,Units,CUR,Currency,602,CCYY,A,Normal value,PU,Public
datastructure,WB.DATA360:DS_DATA360(1.2),I,A,Annual,BDI,Burundi,WB_CLEAR_AQUASTAT_4554,SDG 6.4.1. Services Water Use Efficiency (US$/m3),_T,Total,_T,All age ranges or no breakdown by age,_T,Total,USD_M3,US dollars per cubic metre,_Z,Not Applicable,_Z,Not Applicable,_Z,Not Applicable,2017,28.49258018,WB_CLEAR,Climate and Economic Analyses for Resilience in Water (CLEAR Water),0,Units,CUR,Currency,602,CCYY,A,Normal value,PU,Public
datastructure,WB.DATA360:DS_DATA360(1.2),I,A,Annual,CPV,Cabo Verde,WB_CLEAR_AQUASTAT_4554,SDG 6.4.1. Services Water Use Efficiency (US$/m3),_T,Total,_T,All age ranges or no breakdown by age,_T,Total,USD_M3,US dollars per cubic metre,_Z,Not Applicable,_Z,Not Applicable,_Z,Not Applicable,2017,690.320267,WB_CLEAR,Climate and Economic Analyses for Resilience in Water (CLEAR Water),0,Units,CUR,Currency,602,CCYY,A,Normal value,PU,Public
datastructure,WB.DATA360:DS_DATA360(1.2),I,A,Annual,KHM,Cambodia,WB_CLEAR_AQUASTAT_4554,SDG 6.4.1. Services Water Use Efficiency (US$/m3),_T,Total,_T,All age ranges or no breakdown by age,_T,Total,USD_M3,US dollars per cubic metre,_Z,Not Applicable,_Z,Not Applicable,_Z,Not Applicable,2017,84.860371,WB_CLEAR,Climate and Economic Analyses for Resilience in Water (CLEAR Water),0,Units,CUR,Currency,602,CCYY,A,Normal value,PU,Public
datastructure,WB.DATA360:DS_DATA360(1.2),I,A,Annual,STP,Sao Tome and Principe,WB_CLEAR_AQUASTAT_4554,SDG 6.4.1. Services Water Use Efficiency (US$/m3),_T,Total,_T,All age ranges or no breakdown by age,_T,Total,USD_M3,US dollars per cubic metre,_Z,Not Applicable,_Z,Not Applicable,_Z,Not Applicable,2017,16.91283643,WB_CLEAR,Climate and Economic Analyses for Resilience in Water (CLEAR Water),0,Units,CUR,Currency,602,CCYY,A,Normal value,PU,Public
datastructure,WB.DATA360:DS_DATA360(1.2),I,A,Annual,SAU,Saudi Arabia,WB_CLEAR_AQUASTAT_4554,SDG 6.4.1. Services Water Use Efficiency (US$/m3),_T,Total,_T,All age ranges or no breakdown by age,_T,Total,USD_M3,US dollars per cubic metre,_Z,Not Applicable,_Z,Not Applicable,_Z,Not Applicable,2017,111.461024,WB_CLEAR,Climate and Economic Analyses for Resilience in Water (CLEAR Water),0,Units,CUR,Currency,602,CCYY,A,Normal value,PU,Public
datastructure,WB.DATA360:DS_DATA360(1.2),I,A,Annual,SEN,Senegal,WB_CLEAR_AQUASTAT_4554,SDG 6.4.1. Services Water Use Efficiency (US$/m3),_T,Total,_T,All age ranges or no breakdown by age,_T,Total,USD_M3,US dollars per cubic metre,_Z,Not Applicable,_Z,Not Applicable,_Z,Not Applicable,2017,111.3887226,WB_CLEAR,Climate and Economic Analyses for Resilience in Water (CLEAR Water),0,Units,CUR,Currency,602,CCYY,A,Normal value,PU,Public
datastructure,WB.DATA360:DS_DATA360(1.2),I,A,Annual,SRB,Serbia,WB_CLEAR_AQUASTAT_4554,SDG 6.4.1. Services Water Use Efficiency (US$/m3),_T,Total,_T,All age ranges or no breakdown by age,_T,Total,USD_M3,US dollars per cubic metre,_Z,Not Applicable,_Z,Not Applicable,_Z,Not Applicable,2017,33.64638756,WB_CLEAR,Climate and Economic Analyses for Resilience in Water (CLEAR Water),0,Units,CUR,Currency,602,CCYY,A,Normal value,PU,Public
datastructure,WB.DATA360:DS_DATA360(1.2),I,A,Annual,SYC,Seychelles,WB_CLEAR_AQUASTAT_4554,SDG 6.4.1. Services Water Use Efficiency (US$/m3),_T,Total,_T,All age ranges or no breakdown by age,_T,Total,USD_M3,US dollars per cubic metre,_Z,Not Applicable,_Z,Not Applicable,_Z,Not Applicable,2017,118.9021571,WB_CLEAR,Climate and Economic Analyses for Resilience in Water (CLEAR Water),0,Units,CUR,Currency,602,CCYY,A,Normal value,PU,Public
datastructure,WB.DATA360:DS_DATA360(1.2),I,A,Annual,SLE,Sierra Leone,WB_CLEAR_AQUASTAT_4554,SDG 6.4.1. Services Water Use Efficiency (US$/m3),_T,Total,_T,All age ranges or no breakdown by age,_T,Total,USD_M3,US dollars per cubic metre,_Z,Not Applicable,_Z,Not Applicable,_Z,Not Applicable,2017,13.53987588,WB_CLEAR,Climate and Economic Analyses for Resilience in Water (CLEAR Water),0,Units,CUR,Currency,602,CCYY,A,Normal value,PU,Public
datastructure,WB.DATA360:DS_DATA360(1.2),I,A,Annual,SGP,Singapore,WB_CLEAR_AQUASTAT_4554,SDG 6.4.1. Services Water Use Efficiency (US$/m3),_T,Total,_T,All age ranges or no breakdown by age,_T,Total,USD_M3,US dollars per cubic metre,_Z,Not Applicable,_Z,Not Applicable,_Z,Not Applicable,2017,790.2051406,WB_CLEAR,Climate and Economic Analyses for Resilience in Water (CLEAR Water),0,Units,CUR,Currency,602,CCYY,A,Normal value,PU,Public
datastructure,WB.DATA360:DS_DATA360(1.2),I,A,Annual,SVK,Slovak Republic,WB_CLEAR_AQUASTAT_4554,SDG 6.4.1. Services Water Use Efficiency (US$/m3),_T,Total,_T,All age ranges or no breakdown by age,_T,Total,USD_M3,US dollars per cubic metre,_Z,Not Applicable,_Z,Not Applicable,_Z,Not Applicable,2017,195.1783371,WB_CLEAR,Climate and Economic Analyses for Resilience in Water (CLEAR Water),0,Units,CUR,Currency,602,CCYY,A,Normal value,PU,Public
datastructure,WB.DATA360:DS_DATA360(1.2),I,A,Annual,SVN,Slovenia,WB_CLEAR_AQUASTAT_4554,SDG 6.4.1. Services Water Use Efficiency (US$/m3),_T,Total,_T,All age ranges or no breakdown by age,_T,Total,USD_M3,US dollars per cubic metre,_Z,Not Applicable,_Z,Not Applicable,_Z,Not Applicable,2017,163.2119601,WB_CLEAR,Climate and Economic Analyses for Resilience in Water (CLEAR Water),0,Units,CUR,Currency,602,CCYY,A,Normal value,PU,Public
datastructure,WB.DATA360:DS_DATA360(1.2),I,A,Annual,SOM,Somalia,WB_CLEAR_AQUASTAT_4554,SDG 6.4.1. Services Water Use Efficiency (US$/m3),_T,Total,_T,All age ranges or no breakdown by age,_T,Total,USD_M3,US dollars per cubic metre,_Z,Not Applicable,_Z,Not Applicable,_Z,Not Applicable,2017,27.81128719,WB_CLEAR,Climate and Economic Analyses for Resilience in Water (CLEAR Water),0,Units,CUR,Currency,602,CCYY,A,Normal value,PU,Public
datastructure,WB.DATA360:DS_DATA360(1.2),I,A,Annual,ZAF,South Africa,WB_CLEAR_AQUASTAT_4554,SDG 6.4.1. Services Water Use Efficiency (US$/m3),_T,Total,_T,All age ranges or no breakdown by age,_T,Total,USD_M3,US dollars per cubic metre,_Z,Not Applicable,_Z,Not Applicable,_Z,Not Applicable,2017,53.51851434,WB_CLEAR,Climate and Economic Analyses for Resilience in Water (CLEAR Water),0,Units,CUR,Currency,602,CCYY,A,Normal value,PU,Public
datastructure,WB.DATA360:DS_DATA360(1.2),I,A,Annual,SSD,South Sudan,WB_CLEAR_AQUASTAT_4554,SDG 6.4.1. Services Water Use Efficiency (US$/m3),_T,Total,_T,All age ranges or no breakdown by age,_T,Total,USD_M3,US dollars per cubic metre,_Z,Not Applicable,_Z,Not Applicable,_Z,Not Applicable,2017,32.64658514,WB_CLEAR,Climate and Economic Analyses for Resilience in Water (CLEAR Water),0,Units,CUR,Currency,602,CCYY,A,Normal value,PU,Public
datastructure,WB.DATA360:DS_DATA360(1.2),I,A,Annual,ESP,Spain,WB_CLEAR_AQUASTAT_4554,SDG 6.4.1. Services Water Use Efficiency (US$/m3),_T,Total,_T,All age ranges or no breakdown by age,_T,Total,USD_M3,US dollars per cubic metre,_Z,Not Applicable,_Z,Not Applicable,_Z,Not Applicable,2017,183.5994491,WB_CLEAR,Climate and Economic Analyses for Resilience in Water (CLEAR Water),0,Units,CUR,Currency,602,CCYY,A,Normal value,PU,Public
datastructure,WB.DATA360:DS_DATA360(1.2),I,A,Annual,LKA,Sri Lanka,WB_CLEAR_AQUASTAT_4554,SDG 6.4.1. Services Water Use Efficiency (US$/m3),_T,Total,_T,All age ranges or no breakdown by age,_T,Total,USD_M3,US dollars per cubic metre,_Z,Not Applicable,_Z,Not Applicable,_Z,Not Applicable,2017,61.81412442,WB_CLEAR,Climate and Economic Analyses for Resilience in Water (CLEAR Water),0,Units,CUR,Currency,602,CCYY,A,Normal value,PU,Public
datastructure,WB.DATA360:DS_DATA360(1.2),I,A,Annual,SDN,Sudan,WB_CLEAR_AQUASTAT_4554,SDG 6.4.1. Services Water Use Efficiency (US$/m3),_T,Total,_T,All age ranges or no breakdown by age,_T,Total,USD_M3,US dollars per cubic metre,_Z,Not Applicable,_Z,Not Applicable,_Z,Not Applicable,2017,53.04703565,WB_CLEAR,Climate and Economic Analyses for Resilience in Water (CLEAR Water),0,Units,CUR,Currency,602,CCYY,A,Normal value,PU,Public
datastructure,WB.DATA360:DS_DATA360(1.2),I,A,Annual,SUR,Suriname,WB_CLEAR_AQUASTAT_4554,SDG 6.4.1. Services Water Use Efficiency (US$/m3),_T,Total,_T,All age ranges or no breakdown by age,_T,Total,USD_M3,US dollars per cubic metre,_Z,Not Applicable,_Z,Not Applicable,_Z,Not Applicable,2017,47.59274275,WB_CLEAR,Climate and Economic Analyses for Resilience in Water (CLEAR Water),0,Units,CUR,Currency,602,CCYY,A,Normal value,PU,Public
datastructure,WB.DATA360:DS_DATA360(1.2),I,A,Annual,SWE,Sweden,WB_CLEAR_AQUASTAT_4554,SDG 6.4.1. Services Water Use Efficiency (US$/m3),_T,Total,_T,All age ranges or no breakdown by age,_T,Total,USD_M3,US dollars per cubic metre,_Z,Not Applicable,_Z,Not Applicable,_Z,Not Applicable,2017,374.0546261,WB_CLEAR,Climate and Economic Analyses for Resilience in Water (CLEAR Water),0,Units,CUR,Currency,602,CCYY,A,Normal value,PU,Public
datastructure,WB.DATA360:DS_DATA360(1.2),I,A,Annual,CHE,Switzerland,WB_CLEAR_AQUASTAT_4554,SDG 6.4.1. Services Water Use Efficiency (US$/m3),_T,Total,_T,All age ranges or no breakdown by age,_T,Total,USD_M3,US dollars per cubic metre,_Z,Not Applicable,_Z,Not Applicable,_Z,Not Applicable,2017,549.4602941,WB_CLEAR,Climate and Economic Analyses for Resilience in Water (CLEAR Water),0,Units,CUR,Currency,602,CCYY,A,Normal value,PU,Public
datastructure,WB.DATA360:DS_DATA360(1.2),I,A,Annual,SYR,Syrian Arab Republic,WB_CLEAR_AQUASTAT_4554,SDG 6.4.1. Services Water Use Efficiency (US$/m3),_T,Total,_T,All age ranges or no breakdown by age,_T,Total,USD_M3,US dollars per cubic metre,_Z,Not Applicable,_Z,Not Applicable,_Z,Not Applicable,2017,6.022564499,WB_CLEAR,Climate and Economic Analyses for Resilience in Water (CLEAR Water),0,Units,CUR,Currency,602,CCYY,A,Normal value,PU,Public
datastructure,WB.DATA360:DS_DATA360(1.2),I,A,Annual,TJK,Tajikistan,WB_CLEAR_AQUASTAT_4554,SDG 6.4.1. Services Water Use Efficiency (US$/m3),_T,Total,_T,All age ranges or no breakdown by age,_T,Total,USD_M3,US dollars per cubic metre,_Z,Not Applicable,_Z,Not Applicable,_Z,Not Applicable,2017,6.470698084,WB_CLEAR,Climate and Economic Analyses for Resilience in Water (CLEAR Water),0,Units,CUR,Currency,602,CCYY,A,Normal value,PU,Public
datastructure,WB.DATA360:DS_DATA360(1.2),I,A,Annual,THA,Thailand,WB_CLEAR_AQUASTAT_4554,SDG 6.4.1. Services Water Use Efficiency (US$/m3),_T,Total,_T,All age ranges or no breakdown by age,_T,Total,USD_M3,US dollars per cubic metre,_Z,Not Applicable,_Z,Not Applicable,_Z,Not Applicable,2017,93.6440763,WB_CLEAR,Climate and Economic Analyses for Resilience in Water (CLEAR Water),0,Units,CUR,Currency,602,CCYY,A,Normal value,PU,Public
datastructure,WB.DATA360:DS_DATA360(1.2),I,A,Annual,TLS,Timor-Leste,WB_CLEAR_AQUASTAT_4554,SDG 6.4.1. Services Water Use Efficiency (US$/m3),_T,Total,_T,All age ranges or no breakdown by age,_T,Total,USD_M3,US dollars per cubic metre,_Z,Not Applicable,_Z,Not Applicable,_Z,Not Applicable,2017,10.95977637,WB_CLEAR,Climate and Economic Analyses for Resilience in Water (CLEAR Water),0,Units,CUR,Currency,602,CCYY,A,Normal value,PU,Public
datastructure,WB.DATA360:DS_DATA360(1.2),I,A,Annual,TGO,Togo,WB_CLEAR_AQUASTAT_4554,SDG 6.4.1. Services Water Use Efficiency (US$/m3),_T,Total,_T,All age ranges or no breakdown by age,_T,Total,USD_M3,US dollars per cubic metre,_Z,Not Applicable,_Z,Not Applicable,_Z,Not Applicable,2017,16.42151744,WB_CLEAR,Climate and Economic Analyses for Resilience in Water (CLEAR Water),0,Units,CUR,Currency,602,CCYY,A,Normal value,PU,Public
datastructure,WB.DATA360:DS_DATA360(1.2),I,A,Annual,TTO,Trinidad and Tobago,WB_CLEAR_AQUASTAT_4554,SDG 6.4.1. Services Water Use Efficiency (US$/m3),_T,Total,_T,All age ranges or no breakdown by age,_T,Total,USD_M3,US dollars per cubic metre,_Z,Not Applicable,_Z,Not Applicable,_Z,Not Applicable,2017,59.08865281,WB_CLEAR,Climate and Economic Analyses for Resilience in Water (CLEAR Water),0,Units,CUR,Currency,602,CCYY,A,Normal value,PU,Public
datastructure,WB.DATA360:DS_DATA360(1.2),I,A,Annual,TUN,Tunisia,WB_CLEAR_AQUASTAT_4554,SDG 6.4.1. Services Water Use Efficiency (US$/m3),_T,Total,_T,All age ranges or no breakdown by age,_T,Total,USD_M3,US dollars per cubic metre,_Z,Not Applicable,_Z,Not Applicable,_Z,Not Applicable,2017,33.20333201,WB_CLEAR,Climate and Economic Analyses for Resilience in Water (CLEAR Water),0,Units,CUR,Currency,602,CCYY,A,Normal value,PU,Public
datastructure,WB.DATA360:DS_DATA360(1.2),I,A,Annual,TUR,Turkiye,WB_CLEAR_AQUASTAT_4554,SDG 6.4.1. Services Water Use Efficiency (US$/m3),_T,Total,_T,All age ranges or no breakdown by age,_T,Total,USD_M3,US dollars per cubic metre,_Z,Not Applicable,_Z,Not Applicable,_Z,Not Applicable,2017,82.62932008,WB_CLEAR,Climate and Economic Analyses for Resilience in Water (CLEAR Water),0,Units,CUR,Currency,602,CCYY,A,Normal value,PU,Public
datastructure,WB.DATA360:DS_DATA360(1.2),I,A,Annual,TKM,Turkmenistan,WB_CLEAR_AQUASTAT_4554,SDG 6.4.1. Services Water Use Efficiency (US$/m3),_T,Total,_T,All age ranges or no breakdown by age,_T,Total,USD_M3,US dollars per cubic metre,_Z,Not Applicable,_Z,Not Applicable,_Z,Not Applicable,2017,17.96705173,WB_CLEAR,Climate and Economic Analyses for Resilience in Water (CLEAR Water),0,Units,CUR,Currency,602,CCYY,A,Normal value,PU,Public
datastructure,WB.DATA360:DS_DATA360(1.2),I,A,Annual,UGA,Uganda,WB_CLEAR_AQUASTAT_4554,SDG 6.4.1. Services Water Use Efficiency (US$/m3),_T,Total,_T,All age ranges or no breakdown by age,_T,Total,USD_M3,US dollars per cubic metre,_Z,Not Applicable,_Z,Not Applicable,_Z,Not Applicable,2017,41.92379387,WB_CLEAR,Climate and Economic Analyses for Resilience in Water (CLEAR Water),0,Units,CUR,Currency,602,CCYY,A,Normal value,PU,Public
datastructure,WB.DATA360:DS_DATA360(1.2),I,A,Annual,UKR,Ukraine,WB_CLEAR_AQUASTAT_4554,SDG 6.4.1. Services Water Use Efficiency (US$/m3),_T,Total,_T,All age ranges or no breakdown by age,_T,Total,USD_M3,US dollars per cubic metre,_Z,Not Applicable,_Z,Not Applicable,_Z,Not Applicable,2017,21.01205159,WB_CLEAR,Climate and Economic Analyses for Resilience in Water (CLEAR Water),0,Units,CUR,Currency,602,CCYY,A,Normal value,PU,Public
datastructure,WB.DATA360:DS_DATA360(1.2),I,A,Annual,ARE,United Arab Emirates,WB_CLEAR_AQUASTAT_4554,SDG 6.4.1. Services Water Use Efficiency (US$/m3),_T,Total,_T,All age ranges or no breakdown by age,_T,Total,USD_M3,US dollars per cubic metre,_Z,Not Applicable,_Z,Not Applicable,_Z,Not Applicable,2017,117.5874266,WB_CLEAR,Climate and Economic Analyses for Resilience in Water (CLEAR Water),0,Units,CUR,Currency,602,CCYY,A,Normal value,PU,Public
datastructure,WB.DATA360:DS_DATA360(1.2),I,A,Annual,GBR,United Kingdom,WB_CLEAR_AQUASTAT_4554,SDG 6.4.1. Services Water Use Efficiency (US$/m3),_T,Total,_T,All age ranges or no breakdown by age,_T,Total,USD_M3,US dollars per cubic metre,_Z,Not Applicable,_Z,Not Applicable,_Z,Not Applicable,2017,356.5692036,WB_CLEAR,Climate and Economic Analyses for Resilience in Water (CLEAR Water),0,Units,CUR,Currency,602,CCYY,A,Normal value,PU,Public
datastructure,WB.DATA360:DS_DATA360(1.2),I,A,Annual,TZA,Tanzania,WB_CLEAR_AQUASTAT_4554,SDG 6.4.1. Services Water Use Efficiency (US$/m3),_T,Total,_T,All age ranges or no breakdown by age,_T,Total,USD_M3,US dollars per cubic metre,_Z,Not Applicable,_Z,Not Applicable,_Z,Not Applicable,2017,41.08301144,WB_CLEAR,Climate and Economic Analyses for Resilience in Water (CLEAR Water),0,Units,CUR,Currency,602,CCYY,A,Normal value,PU,Public
datastructure,WB.DATA360:DS_DATA360(1.2),I,A,Annual,URY,Uruguay,WB_CLEAR_AQUASTAT_4554,SDG 6.4.1. Services Water Use Efficiency (US$/m3),_T,Total,_T,All age ranges or no breakdown by age,_T,Total,USD_M3,US dollars per cubic metre,_Z,Not Applicable,_Z,Not Applicable,_Z,Not Applicable,2017,86.36915361,WB_CLEAR,Climate and Economic Analyses for Resilience in Water (CLEAR Water),0,Units,CUR,Currency,602,CCYY,A,Normal value,PU,Public
datastructure,WB.DATA360:DS_DATA360(1.2),I,A,Annual,UZB,Uzbekistan,WB_CLEAR_AQUASTAT_4554,SDG 6.4.1. Services Water Use Efficiency (US$/m3),_T,Total,_T,All age ranges or no breakdown by age,_T,Total,USD_M3,US dollars per cubic metre,_Z,Not Applicable,_Z,Not Applicable,_Z,Not Applicable,2017,13.83945228,WB_CLEAR,Climate and Economic Analyses for Resilience in Water (CLEAR Water),0,Units,CUR,Currency,602,CCYY,A,Normal value,PU,Public
datastructure,WB.DATA360:DS_DATA360(1.2),I,A,Annual,VEN,"Venezuela, RB",WB_CLEAR_AQUASTAT_4554,SDG 6.4.1. Services Water Use Efficiency (US$/m3),_T,Total,_T,All age ranges or no breakdown by age,_T,Total,USD_M3,US dollars per cubic metre,_Z,Not Applicable,_Z,Not Applicable,_Z,Not Applicable,2017,25.30186669,WB_CLEAR,Climate and Economic Analyses for Resilience in Water (CLEAR Water),0,Units,CUR,Currency,602,CCYY,A,Normal value,PU,Public
datastructure,WB.DATA360:DS_DATA360(1.2),I,A,Annual,VNM,Viet Nam,WB_CLEAR_AQUASTAT_4554,SDG 6.4.1. Services Water Use Efficiency (US$/m3),_T,Total,_T,All age ranges or no breakdown by age,_T,Total,USD_M3,US dollars per cubic metre,_Z,Not Applicable,_Z,Not Applicable,_Z,Not Applicable,2017,83.84070881,WB_CLEAR,Climate and Economic Analyses for Resilience in Water (CLEAR Water),0,Units,CUR,Currency,602,CCYY,A,Normal value,PU,Public
datastructure,WB.DATA360:DS_DATA360(1.2),I,A,Annual,YEM,"Yemen, Rep.",WB_CLEAR_AQUASTAT_4554,SDG 6.4.1. Services Water Use Efficiency (US$/m3),_T,Total,_T,All age ranges or no breakdown by age,_T,Total,USD_M3,US dollars per cubic metre,_Z,Not Applicable,_Z,Not Applicable,_Z,Not Applicable,2017,54.76082947,WB_CLEAR,Climate and Economic Analyses for Resilience in Water (CLEAR Water),0,Units,CUR,Currency,602,CCYY,A,Normal value,PU,Public
datastructure,WB.DATA360:DS_DATA360(1.2),I,A,Annual,ZMB,Zambia,WB_CLEAR_AQUASTAT_4554,SDG 6.4.1. Services Water Use Efficiency (US$/m3),_T,Total,_T,All age ranges or no breakdown by age,_T,Total,USD_M3,US dollars per cubic metre,_Z,Not Applicable,_Z,Not Applicable,_Z,Not Applicable,2017,43.21762832,WB_CLEAR,Climate and Economic Analyses for Resilience in Water (CLEAR Water),0,Units,CUR,Currency,602,CCYY,A,Normal value,PU,Public
datastructure,WB.DATA360:DS_DATA360(1.2),I,A,Annual,ZWE,Zimbabwe,WB_CLEAR_AQUASTAT_4554,SDG 6.4.1. Services Water Use Efficiency (US$/m3),_T,Total,_T,All age ranges or no breakdown by age,_T,Total,USD_M3,US dollars per cubic metre,_Z,Not Applicable,_Z,Not Applicable,_Z,Not Applicable,2017,27.19440961,WB_CLEAR,Climate and Economic Analyses for Resilience in Water (CLEAR Water),0,Units,CUR,Currency,602,CCYY,A,Normal value,PU,Public
datastructure,WB.DATA360:DS_DATA360(1.2),I,A,Annual,USA,United States,WB_CLEAR_AQUASTAT_4554,SDG 6.4.1. Services Water Use Efficiency (US$/m3),_T,Total,_T,All age ranges or no breakdown by age,_T,Total,USD_M3,US dollars per cubic metre,_Z,Not Applicable,_Z,Not Applicable,_Z,Not Applicable,2017,267.5326242,WB_CLEAR,Climate and Economic Analyses for Resilience in Water (CLEAR Water),0,Units,CUR,Currency,602,CCYY,A,Normal value,PU,Public
datastructure,WB.DATA360:DS_DATA360(1.2),I,A,Annual,CMR,Cameroon,WB_CLEAR_AQUASTAT_4554,SDG 6.4.1. Services Water Use Efficiency (US$/m3),_T,Total,_T,All age ranges or no breakdown by age,_T,Total,USD_M3,US dollars per cubic metre,_Z,Not Applicable,_Z,Not Applicable,_Z,Not Applicable,2017,72.61674612,WB_CLEAR,Climate and Economic Analyses for Resilience in Water (CLEAR Water),0,Units,CUR,Currency,602,CCYY,A,Normal value,PU,Public
datastructure,WB.DATA360:DS_DATA360(1.2),I,A,Annual,CAF,Central African Republic,WB_CLEAR_AQUASTAT_4554,SDG 6.4.1. Services Water Use Efficiency (US$/m3),_T,Total,_T,All age ranges or no breakdown by age,_T,Total,USD_M3,US dollars per cubic metre,_Z,Not Applicable,_Z,Not Applicable,_Z,Not Applicable,2017,12.94444609,WB_CLEAR,Climate and Economic Analyses for Resilience in Water (CLEAR Water),0,Units,CUR,Currency,602,CCYY,A,Normal value,PU,Public
datastructure,WB.DATA360:DS_DATA360(1.2),I,A,Annual,TCD,Chad,WB_CLEAR_AQUASTAT_4554,SDG 6.4.1. Services Water Use Efficiency (US$/m3),_T,Total,_T,All age ranges or no breakdown by age,_T,Total,USD_M3,US dollars per cubic metre,_Z,Not Applicable,_Z,Not Applicable,_Z,Not Applicable,2017,49.23288041,WB_CLEAR,Climate and Economic Analyses for Resilience in Water (CLEAR Water),0,Units,CUR,Currency,602,CCYY,A,Normal value,PU,Public
datastructure,WB.DATA360:DS_DATA360(1.2),I,A,Annual,CHN,China,WB_CLEAR_AQUASTAT_4554,SDG 6.4.1. Services Water Use Efficiency (US$/m3),_T,Total,_T,All age ranges or no breakdown by age,_T,Total,USD_M3,US dollars per cubic metre,_Z,Not Applicable,_Z,Not Applicable,_Z,Not Applicable,2017,82.77697876,WB_CLEAR,Climate and Economic Analyses for Resilience in Water (CLEAR Water),0,Units,CUR,Currency,602,CCYY,A,Normal value,PU,Public
datastructure,WB.DATA360:DS_DATA360(1.2),I,A,Annual,COL,Colombia,WB_CLEAR_AQUASTAT_4554,SDG 6.4.1. Services Water Use Efficiency (US$/m3),_T,Total,_T,All age ranges or no breakdown by age,_T,Total,USD_M3,US dollars per cubic metre,_Z,Not Applicable,_Z,Not Applicable,_Z,Not Applicable,2017,51.87662144,WB_CLEAR,Climate and Economic Analyses for Resilience in Water (CLEAR Water),0,Units,CUR,Currency,602,CCYY,A,Normal value,PU,Public
datastructure,WB.DATA360:DS_DATA360(1.2),I,A,Annual,COM,Comoros,WB_CLEAR_AQUASTAT_4554,SDG 6.4.1. Services Water Use Efficiency (US$/m3),_T,Total,_T,All age ranges or no breakdown by age,_T,Total,USD_M3,US dollars per cubic metre,_Z,Not Applicable,_Z,Not Applicable,_Z,Not Applicable,2017,115.4973007,WB_CLEAR,Climate and Economic Analyses for Resilience in Water (CLEAR Water),0,Units,CUR,Currency,602,CCYY,A,Normal value,PU,Public
datastructure,WB.DATA360:DS_DATA360(1.2),I,A,Annual,COG,"Congo, Rep.",WB_CLEAR_AQUASTAT_4554,SDG 6.4.1. Services Water Use Efficiency (US$/m3),_T,Total,_T,All age ranges or no breakdown by age,_T,Total,USD_M3,US dollars per cubic metre,_Z,Not Applicable,_Z,Not Applicable,_Z,Not Applicable,2017,73.72621939,WB_CLEAR,Climate and Economic Analyses for Resilience in Water (CLEAR Water),0,Units,CUR,Currency,602,CCYY,A,Normal value,PU,Public
datastructure,WB.DATA360:DS_DATA360(1.2),I,A,Annual,CRI,Costa Rica,WB_CLEAR_AQUASTAT_4554,SDG 6.4.1. Services Water Use Efficiency (US$/m3),_T,Total,_T,All age ranges or no breakdown by age,_T,Total,USD_M3,US dollars per cubic metre,_Z,Not Applicable,_Z,Not Applicable,_Z,Not Applicable,2017,69.91949834,WB_CLEAR,Climate and Economic Analyses for Resilience in Water (CLEAR Water),0,Units,CUR,Currency,602,CCYY,A,Normal value,PU,Public
datastructure,WB.DATA360:DS_DATA360(1.2),I,A,Annual,CIV,Cote d'Ivoire,WB_CLEAR_AQUASTAT_4554,SDG 6.4.1. Services Water Use Efficiency (US$/m3),_T,Total,_T,All age ranges or no breakdown by age,_T,Total,USD_M3,US dollars per cubic metre,_Z,Not Applicable,_Z,Not Applicable,_Z,Not Applicable,2017,56.69056953,WB_CLEAR,Climate and Economic Analyses for Resilience in Water (CLEAR Water),0,Units,CUR,Currency,602,CCYY,A,Normal value,PU,Public
datastructure,WB.DATA360:DS_DATA360(1.2),I,A,Annual,HRV,Croatia,WB_CLEAR_AQUASTAT_4554,SDG 6.4.1. Services Water Use Efficiency (US$/m3),_T,Total,_T,All age ranges or no breakdown by age,_T,Total,USD_M3,US dollars per cubic metre,_Z,Not Applicable,_Z,Not Applicable,_Z,Not Applicable,2017,72.35562474,WB_CLEAR,Climate and Economic Analyses for Resilience in Water (CLEAR Water),0,Units,CUR,Currency,602,CCYY,A,Normal value,PU,Public
datastructure,WB.DATA360:DS_DATA360(1.2),I,A,Annual,CUB,Cuba,WB_CLEAR_AQUASTAT_4554,SDG 6.4.1. Services Water Use Efficiency (US$/m3),_T,Total,_T,All age ranges or no breakdown by age,_T,Total,USD_M3,US dollars per cubic metre,_Z,Not Applicable,_Z,Not Applicable,_Z,Not Applicable,2017,37.97900588,WB_CLEAR,Climate and Economic Analyses for Resilience in Water (CLEAR Water),0,Units,CUR,Currency,602,CCYY,A,Normal value,PU,Public
datastructure,WB.DATA360:DS_DATA360(1.2),I,A,Annual,CYP,Cyprus,WB_CLEAR_AQUASTAT_4554,SDG 6.4.1. Services Water Use Efficiency (US$/m3),_T,Total,_T,All age ranges or no breakdown by age,_T,Total,USD_M3,US dollars per cubic metre,_Z,Not Applicable,_Z,Not Applicable,_Z,Not Applicable,2017,150.7146822,WB_CLEAR,Climate and Economic Analyses for Resilience in Water (CLEAR Water),0,Units,CUR,Currency,602,CCYY,A,Normal value,PU,Public
datastructure,WB.DATA360:DS_DATA360(1.2),I,A,Annual,CZE,Czechia,WB_CLEAR_AQUASTAT_4554,SDG 6.4.1. Services Water Use Efficiency (US$/m3),_T,Total,_T,All age ranges or no breakdown by age,_T,Total,USD_M3,US dollars per cubic metre,_Z,Not Applicable,_Z,Not Applicable,_Z,Not Applicable,2017,188.944662,WB_CLEAR,Climate and Economic Analyses for Resilience in Water (CLEAR Water),0,Units,CUR,Currency,602,CCYY,A,Normal value,PU,Public
datastructure,WB.DATA360:DS_DATA360(1.2),I,A,Annual,PRK,"Korea, Dem. People's Rep.",WB_CLEAR_AQUASTAT_4554,SDG 6.4.1. Services Water Use Efficiency (US$/m3),_T,Total,_T,All age ranges or no breakdown by age,_T,Total,USD_M3,US dollars per cubic metre,_Z,Not Applicable,_Z,Not Applicable,_Z,Not Applicable,2017,6.638270607,WB_CLEAR,Climate and Economic Analyses for Resilience in Water (CLEAR Water),0,Units,CUR,Currency,602,CCYY,A,Normal value,PU,Public
datastructure,WB.DATA360:DS_DATA360(1.2),I,A,Annual,COD,"Congo, Dem. Rep.",WB_CLEAR_AQUASTAT_4554,SDG 6.4.1. Services Water Use Efficiency (US$/m3),_T,Total,_T,All age ranges or no breakdown by age,_T,Total,USD_M3,US dollars per cubic metre,_Z,Not Applicable,_Z,Not Applicable,_Z,Not Applicable,2017,32.64941989,WB_CLEAR,Climate and Economic Analyses for Resilience in Water (CLEAR Water),0,Units,CUR,Currency,602,CCYY,A,Normal value,PU,Public
datastructure,WB.DATA360:DS_DATA360(1.2),I,A,Annual,DNK,Denmark,WB_CLEAR_AQUASTAT_4554,SDG 6.4.1. Services Water Use Efficiency (US$/m3),_T,Total,_T,All age ranges or no breakdown by age,_T,Total,USD_M3,US dollars per cubic metre,_Z,Not Applicable,_Z,Not Applicable,_Z,Not Applicable,2017,558.1087106,WB_CLEAR,Climate and Economic Analyses for Resilience in Water (CLEAR Water),0,Units,CUR,Currency,602,CCYY,A,Normal value,PU,Public
datastructure,WB.DATA360:DS_DATA360(1.2),I,A,Annual,DJI,Djibouti,WB_CLEAR_AQUASTAT_4554,SDG 6.4.1. Services Water Use Efficiency (US$/m3),_T,Total,_T,All age ranges or no breakdown by age,_T,Total,USD_M3,US dollars per cubic metre,_Z,Not Applicable,_Z,Not Applicable,_Z,Not Applicable,2017,144.6693871,WB_CLEAR,Climate and Economic Analyses for Resilience in Water (CLEAR Water),0,Units,CUR,Currency,602,CCYY,A,Normal value,PU,Public
datastructure,WB.DATA360:DS_DATA360(1.2),I,A,Annual,DMA,Dominica,WB_CLEAR_AQUASTAT_4554,SDG 6.4.1. Services Water Use Efficiency (US$/m3),_T,Total,_T,All age ranges or no breakdown by age,_T,Total,USD_M3,US dollars per cubic metre,_Z,Not Applicable,_Z,Not Applicable,_Z,Not Applicable,2017,17.49009526,WB_CLEAR,Climate and Economic Analyses for Resilience in Water (CLEAR Water),0,Units,CUR,Currency,602,CCYY,A,Normal value,PU,Public
datastructure,WB.DATA360:DS_DATA360(1.2),I,A,Annual,DOM,Dominican Republic,WB_CLEAR_AQUASTAT_4554,SDG 6.4.1. Services Water Use Efficiency (US$/m3),_T,Total,_T,All age ranges or no breakdown by age,_T,Total,USD_M3,US dollars per cubic metre,_Z,Not Applicable,_Z,Not Applicable,_Z,Not Applicable,2017,54.72882367,WB_CLEAR,Climate and Economic Analyses for Resilience in Water (CLEAR Water),0,Units,CUR,Currency,602,CCYY,A,Normal value,PU,Public
datastructure,WB.DATA360:DS_DATA360(1.2),I,A,Annual,ECU,Ecuador,WB_CLEAR_AQUASTAT_4554,SDG 6.4.1. Services Water Use Efficiency (US$/m3),_T,Total,_T,All age ranges or no breakdown by age,_T,Total,USD_M3,US dollars per cubic metre,_Z,Not Applicable,_Z,Not Applicable,_Z,Not Applicable,2017,41.13834975,WB_CLEAR,Climate and Economic Analyses for Resilience in Water (CLEAR Water),0,Units,CUR,Currency,602,CCYY,A,Normal value,PU,Public
datastructure,WB.DATA360:DS_DATA360(1.2),I,A,Annual,EGY,"Egypt, Arab Rep.",WB_CLEAR_AQUASTAT_4554,SDG 6.4.1. Services Water Use Efficiency (US$/m3),_T,Total,_T,All age ranges or no breakdown by age,_T,Total,USD_M3,US dollars per cubic metre,_Z,Not Applicable,_Z,Not Applicable,_Z,Not Applicable,2017,17.76373953,WB_CLEAR,Climate and Economic Analyses for Resilience in Water (CLEAR Water),0,Units,CUR,Currency,602,CCYY,A,Normal value,PU,Public
datastructure,WB.DATA360:DS_DATA360(1.2),I,A,Annual,SLV,El Salvador,WB_CLEAR_AQUASTAT_4554,SDG 6.4.1. Services Water Use Efficiency (US$/m3),_T,Total,_T,All age ranges or no breakdown by age,_T,Total,USD_M3,US dollars per cubic metre,_Z,Not Applicable,_Z,Not Applicable,_Z,Not Applicable,2017,33.19138563,WB_CLEAR,Climate and Economic Analyses for Resilience in Water (CLEAR Water),0,Units,CUR,Currency,602,CCYY,A,Normal value,PU,Public
datastructure,WB.DATA360:DS_DATA360(1.2),I,A,Annual,GNQ,Equatorial Guinea,WB_CLEAR_AQUASTAT_4554,SDG 6.4.1. Services Water Use Efficiency (US$/m3),_T,Total,_T,All age ranges or no breakdown by age,_T,Total,USD_M3,US dollars per cubic metre,_Z,Not Applicable,_Z,Not Applicable,_Z,Not Applicable,2017,316.333268,WB_CLEAR,Climate and Economic Analyses for Resilience in Water (CLEAR Water),0,Units,CUR,Currency,602,CCYY,A,Normal value,PU,Public
datastructure,WB.DATA360:DS_DATA360(1.2),I,A,Annual,ERI,Eritrea,WB_CLEAR_AQUASTAT_4554,SDG 6.4.1. Services Water Use Efficiency (US$/m3),_T,Total,_T,All age ranges or no breakdown by age,_T,Total,USD_M3,US dollars per cubic metre,_Z,Not Applicable,_Z,Not Applicable,_Z,Not Applicable,2017,120.5831198,WB_CLEAR,Climate and Economic Analyses for Resilience in Water (CLEAR Water),0,Units,CUR,Currency,602,CCYY,A,Normal value,PU,Public
datastructure,WB.DATA360:DS_DATA360(1.2),I,A,Annual,EST,Estonia,WB_CLEAR_AQUASTAT_4554,SDG 6.4.1. Services Water Use Efficiency (US$/m3),_T,Total,_T,All age ranges or no breakdown by age,_T,Total,USD_M3,US dollars per cubic metre,_Z,Not Applicable,_Z,Not Applicable,_Z,Not Applicable,2017,269.1817911,WB_CLEAR,Climate and Economic Analyses for Resilience in Water (CLEAR Water),0,Units,CUR,Currency,602,CCYY,A,Normal value,PU,Public
datastructure,WB.DATA360:DS_DATA360(1.2),I,A,Annual,SWZ,Eswatini,WB_CLEAR_AQUASTAT_4554,SDG 6.4.1. Services Water Use Efficiency (US$/m3),_T,Total,_T,All age ranges or no breakdown by age,_T,Total,USD_M3,US dollars per cubic metre,_Z,Not Applicable,_Z,Not Applicable,_Z,Not Applicable,2017,55.57867652,WB_CLEAR,Climate and Economic Analyses for Resilience in Water (CLEAR Water),0,Units,CUR,Currency,602,CCYY,A,Normal value,PU,Public
datastructure,WB.DATA360:DS_DATA360(1.2),I,A,Annual,ETH,Ethiopia,WB_CLEAR_AQUASTAT_4554,SDG 6.4.1. Services Water Use Efficiency (US$/m3),_T,Total,_T,All age ranges or no breakdown by age,_T,Total,USD_M3,US dollars per cubic metre,_Z,Not Applicable,_Z,Not Applicable,_Z,Not Applicable,2017,34.28830794,WB_CLEAR,Climate and Economic Analyses for Resilience in Water (CLEAR Water),0,Units,CUR,Currency,602,CCYY,A,Normal value,PU,Public
datastructure,WB.DATA360:DS_DATA360(1.2),I,A,Annual,FJI,Fiji,WB_CLEAR_AQUASTAT_4554,SDG 6.4.1. Services Water Use Efficiency (US$/m3),_T,Total,_T,All age ranges or no breakdown by age,_T,Total,USD_M3,US dollars per cubic metre,_Z,Not Applicable,_Z,Not Applicable,_Z,Not Applicable,2017,109.3998234,WB_CLEAR,Climate and Economic Analyses for Resilience in Water (CLEAR Water),0,Units,CUR,Currency,602,CCYY,A,Normal value,PU,Public
datastructure,WB.DATA360:DS_DATA360(1.2),I,A,Annual,AFG,Afghanistan,WB_CLEAR_AQUASTAT_4554,SDG 6.4.1. Services Water Use Efficiency (US$/m3),_T,Total,_T,All age ranges or no breakdown by age,_T,Total,USD_M3,US dollars per cubic metre,_Z,Not Applicable,_Z,Not Applicable,_Z,Not Applicable,2017,56.38479106,WB_CLEAR,Climate and Economic Analyses for Resilience in Water (CLEAR Water),0,Units,CUR,Currency,602,CCYY,A,Normal value,PU,Public
datastructure,WB.DATA360:DS_DATA360(1.2),I,A,Annual,ALB,Albania,WB_CLEAR_AQUASTAT_4554,SDG 6.4.1. Services Water Use Efficiency (US$/m3),_T,Total,_T,All age ranges or no breakdown by age,_T,Total,USD_M3,US dollars per cubic metre,_Z,Not Applicable,_Z,Not Applicable,_Z,Not Applicable,2017,21.85717811,WB_CLEAR,Climate and Economic Analyses for Resilience in Water (CLEAR Water),0,Units,CUR,Currency,602,CCYY,A,Normal value,PU,Public
datastructure,WB.DATA360:DS_DATA360(1.2),I,A,Annual,DZA,Algeria,WB_CLEAR_AQUASTAT_4554,SDG 6.4.1. Services Water Use Efficiency (US$/m3),_T,Total,_T,All age ranges or no breakdown by age,_T,Total,USD_M3,US dollars per cubic metre,_Z,Not Applicable,_Z,Not Applicable,_Z,Not Applicable,2017,22.70160726,WB_CLEAR,Climate and Economic Analyses for Resilience in Water (CLEAR Water),0,Units,CUR,Currency,602,CCYY,A,Normal value,PU,Public
datastructure,WB.DATA360:DS_DATA360(1.2),I,A,Annual,AGO,Angola,WB_CLEAR_AQUASTAT_4554,SDG 6.4.1. Services Water Use Efficiency (US$/m3),_T,Total,_T,All age ranges or no breakdown by age,_T,Total,USD_M3,US dollars per cubic metre,_Z,Not Applicable,_Z,Not Applicable,_Z,Not Applicable,2017,167.0314977,WB_CLEAR,Climate and Economic Analyses for Resilience in Water (CLEAR Water),0,Units,CUR,Currency,602,CCYY,A,Normal value,PU,Public
datastructure,WB.DATA360:DS_DATA360(1.2),I,A,Annual,ATG,Antigua and Barbuda,WB_CLEAR_AQUASTAT_4554,SDG 6.4.1. Services Water Use Efficiency (US$/m3),_T,Total,_T,All age ranges or no breakdown by age,_T,Total,USD_M3,US dollars per cubic metre,_Z,Not Applicable,_Z,Not Applicable,_Z,Not Applicable,2017,144.2775723,WB_CLEAR,Climate and Economic Analyses for Resilience in Water (CLEAR Water),0,Units,CUR,Currency,602,CCYY,A,Normal value,PU,Public
datastructure,WB.DATA360:DS_DATA360(1.2),I,A,Annual,ARG,Argentina,WB_CLEAR_AQUASTAT_4554,SDG 6.4.1. Services Water Use Efficiency (US$/m3),_T,Total,_T,All age ranges or no breakdown by age,_T,Total,USD_M3,US dollars per cubic metre,_Z,Not Applicable,_Z,Not Applicable,_Z,Not Applicable,2017,65.05495629,WB_CLEAR,Climate and Economic Analyses for Resilience in Water (CLEAR Water),0,Units,CUR,Currency,602,CCYY,A,Normal value,PU,Public
datastructure,WB.DATA360:DS_DATA360(1.2),I,A,Annual,ARM,Armenia,WB_CLEAR_AQUASTAT_4554,SDG 6.4.1. Services Water Use Efficiency (US$/m3),_T,Total,_T,All age ranges or no breakdown by age,_T,Total,USD_M3,US dollars per cubic metre,_Z,Not Applicable,_Z,Not Applicable,_Z,Not Applicable,2017,9.389525593,WB_CLEAR,Climate and Economic Analyses for Resilience in Water (CLEAR Water),0,Units,CUR,Currency,602,CCYY,A,Normal value,PU,Public
datastructure,WB.DATA360:DS_DATA360(1.2),I,A,Annual,AUS,Australia,WB_CLEAR_AQUASTAT_4554,SDG 6.4.1. Services Water Use Efficiency (US$/m3),_T,Total,_T,All age ranges or no breakdown by age,_T,Total,USD_M3,US dollars per cubic metre,_Z,Not Applicable,_Z,Not Applicable,_Z,Not Applicable,2017,267.6977239,WB_CLEAR,Climate and Economic Analyses for Resilience in Water (CLEAR Water),0,Units,CUR,Currency,602,CCYY,A,Normal value,PU,Public
datastructure,WB.DATA360:DS_DATA360(1.2),I,A,Annual,AUT,Austria,WB_CLEAR_AQUASTAT_4554,SDG 6.4.1. Services Water Use Efficiency (US$/m3),_T,Total,_T,All age ranges or no breakdown by age,_T,Total,USD_M3,US dollars per cubic metre,_Z,Not Applicable,_Z,Not Applicable,_Z,Not Applicable,2017,361.3149964,WB_CLEAR,Climate and Economic Analyses for Resilience in Water (CLEAR Water),0,Units,CUR,Currency,602,CCYY,A,Normal value,PU,Public
datastructure,WB.DATA360:DS_DATA360(1.2),I,A,Annual,CAN,Canada,WB_CLEAR_AQUASTAT_4554,SDG 6.4.1. Services Water Use Efficiency (US$/m3),_T,Total,_T,All age ranges or no breakdown by age,_T,Total,USD_M3,US dollars per cubic metre,_Z,Not Applicable,_Z,Not Applicable,_Z,Not Applicable,2007,154.4953332,WB_CLEAR,Climate and Economic Analyses for Resilience in Water (CLEAR Water),0,Units,CUR,Currency,602,CCYY,A,Normal value,PU,Public
datastructure,WB.DATA360:DS_DATA360(1.2),I,A,Annual,DEU,Germany,WB_CLEAR_AQUASTAT_4554,SDG 6.4.1. Services Water Use Efficiency (US$/m3),_T,Total,_T,All age ranges or no breakdown by age,_T,Total,USD_M3,US dollars per cubic metre,_Z,Not Applicable,_Z,Not Applicable,_Z,Not Applicable,2007,184.5199189,WB_CLEAR,Climate and Economic Analyses for Resilience in Water (CLEAR Water),0,Units,CUR,Currency,602,CCYY,A,Normal value,PU,Public
datastructure,WB.DATA360:DS_DATA360(1.2),I,A,Annual,CHL,Chile,WB_CLEAR_AQUASTAT_4554,SDG 6.4.1. Services Water Use Efficiency (US$/m3),_T,Total,_T,All age ranges or no breakdown by age,_T,Total,USD_M3,US dollars per cubic metre,_Z,Not Applicable,_Z,Not Applicable,_Z,Not Applicable,2007,74.5075916,WB_CLEAR,Climate and Economic Analyses for Resilience in Water (CLEAR Water),0,Units,CUR,Currency,602,CCYY,A,Normal value,PU,Public
datastructure,WB.DATA360:DS_DATA360(1.2),I,A,Annual,AZE,Azerbaijan,WB_CLEAR_AQUASTAT_4554,SDG 6.4.1. Services Water Use Efficiency (US$/m3),_T,Total,_T,All age ranges or no breakdown by age,_T,Total,USD_M3,US dollars per cubic metre,_Z,Not Applicable,_Z,Not Applicable,_Z,Not Applicable,2007,14.28161997,WB_CLEAR,Climate and Economic Analyses for Resilience in Water (CLEAR Water),0,Units,CUR,Currency,602,CCYY,A,Normal value,PU,Public
datastructure,WB.DATA360:DS_DATA360(1.2),I,A,Annual,BHS,"Bahamas, The",WB_CLEAR_AQUASTAT_4554,SDG 6.4.1. Services Water Use Efficiency (US$/m3),_T,Total,_T,All age ranges or no breakdown by age,_T,Total,USD_M3,US dollars per cubic metre,_Z,Not Applicable,_Z,Not Applicable,_Z,Not Applicable,2007,360.3585387,WB_CLEAR,Climate and Economic Analyses for Resilience in Water (CLEAR Water),0,Units,CUR,Currency,602,CCYY,A,Normal value,PU,Public
datastructure,WB.DATA360:DS_DATA360(1.2),I,A,Annual,BHR,Bahrain,WB_CLEAR_AQUASTAT_4554,SDG 6.4.1. Services Water Use Efficiency (US$/m3),_T,Total,_T,All age ranges or no breakdown by age,_T,Total,USD_M3,US dollars per cubic metre,_Z,Not Applicable,_Z,Not Applicable,_Z,Not Applicable,2007,58.12419227,WB_CLEAR,Climate and Economic Analyses for Resilience in Water (CLEAR Water),0,Units,CUR,Currency,602,CCYY,A,Normal value,PU,Public
datastructure,WB.DATA360:DS_DATA360(1.2),I,A,Annual,BGD,Bangladesh,WB_CLEAR_AQUASTAT_4554,SDG 6.4.1. Services Water Use Efficiency (US$/m3),_T,Total,_T,All age ranges or no breakdown by age,_T,Total,USD_M3,US dollars per cubic metre,_Z,Not Applicable,_Z,Not Applicable,_Z,Not Applicable,2007,18.78629458,WB_CLEAR,Climate and Economic Analyses for Resilience in Water (CLEAR Water),0,Units,CUR,Currency,602,CCYY,A,Normal value,PU,Public
datastructure,WB.DATA360:DS_DATA360(1.2),I,A,Annual,BRB,Barbados,WB_CLEAR_AQUASTAT_4554,SDG 6.4.1. Services Water Use Efficiency (US$/m3),_T,Total,_T,All age ranges or no breakdown by age,_T,Total,USD_M3,US dollars per cubic metre,_Z,Not Applicable,_Z,Not Applicable,_Z,Not Applicable,2007,186.6644577,WB_CLEAR,Climate and Economic Analyses for Resilience in Water (CLEAR Water),0,Units,CUR,Currency,602,CCYY,A,Normal value,PU,Public
datastructure,WB.DATA360:DS_DATA360(1.2),I,A,Annual,BLR,Belarus,WB_CLEAR_AQUASTAT_4554,SDG 6.4.1. Services Water Use Efficiency (US$/m3),_T,Total,_T,All age ranges or no breakdown by age,_T,Total,USD_M3,US dollars per cubic metre,_Z,Not Applicable,_Z,Not Applicable,_Z,Not Applicable,2007,28.21314165,WB_CLEAR,Climate and Economic Analyses for Resilience in Water (CLEAR Water),0,Units,CUR,Currency,602,CCYY,A,Normal value,PU,Public
datastructure,WB.DATA360:DS_DATA360(1.2),I,A,Annual,BEL,Belgium,WB_CLEAR_AQUASTAT_4554,SDG 6.4.1. Services Water Use Efficiency (US$/m3),_T,Total,_T,All age ranges or no breakdown by age,_T,Total,USD_M3,US dollars per cubic metre,_Z,Not Applicable,_Z,Not Applicable,_Z,Not Applicable,2007,400.3380111,WB_CLEAR,Climate and Economic Analyses for Resilience in Water (CLEAR Water),0,Units,CUR,Currency,602,CCYY,A,Normal value,PU,Public
datastructure,WB.DATA360:DS_DATA360(1.2),I,A,Annual,BLZ,Belize,WB_CLEAR_AQUASTAT_4554,SDG 6.4.1. Services Water Use Efficiency (US$/m3),_T,Total,_T,All age ranges or no breakdown by age,_T,Total,USD_M3,US dollars per cubic metre,_Z,Not Applicable,_Z,Not Applicable,_Z,Not Applicable,2007,80.06513406,WB_CLEAR,Climate and Economic Analyses for Resilience in Water (CLEAR Water),0,Units,CUR,Currency,602,CCYY,A,Normal value,PU,Public
datastructure,WB.DATA360:DS_DATA360(1.2),I,A,Annual,BEN,Benin,WB_CLEAR_AQUASTAT_4554,SDG 6.4.1. Services Water Use Efficiency (US$/m3),_T,Total,_T,All age ranges or no breakdown by age,_T,Total,USD_M3,US dollars per cubic metre,_Z,Not Applicable,_Z,Not Applicable,_Z,Not Applicable,2007,26.14639019,WB_CLEAR,Climate and Economic Analyses for Resilience in Water (CLEAR Water),0,Units,CUR,Currency,602,CCYY,A,Normal value,PU,Public
datastructure,WB.DATA360:DS_DATA360(1.2),I,A,Annual,BTN,Bhutan,WB_CLEAR_AQUASTAT_4554,SDG 6.4.1. Services Water Use Efficiency (US$/m3),_T,Total,_T,All age ranges or no breakdown by age,_T,Total,USD_M3,US dollars per cubic metre,_Z,Not Applicable,_Z,Not Applicable,_Z,Not Applicable,2007,41.39249887,WB_CLEAR,Climate and Economic Analyses for Resilience in Water (CLEAR Water),0,Units,CUR,Currency,602,CCYY,A,Normal value,PU,Public
datastructure,WB.DATA360:DS_DATA360(1.2),I,A,Annual,FIN,Finland,WB_CLEAR_AQUASTAT_4554,SDG 6.4.1. Services Water Use Efficiency (US$/m3),_T,Total,_T,All age ranges or no breakdown by age,_T,Total,USD_M3,US dollars per cubic metre,_Z,Not Applicable,_Z,Not Applicable,_Z,Not Applicable,2007,341.8911802,WB_CLEAR,Climate and Economic Analyses for Resilience in Water (CLEAR Water),0,Units,CUR,Currency,602,CCYY,A,Normal value,PU,Public
datastructure,WB.DATA360:DS_DATA360(1.2),I,A,Annual,FRA,France,WB_CLEAR_AQUASTAT_4554,SDG 6.4.1. Services Water Use Efficiency (US$/m3),_T,Total,_T,All age ranges or no breakdown by age,_T,Total,USD_M3,US dollars per cubic metre,_Z,Not Applicable,_Z,Not Applicable,_Z,Not Applicable,2007,291.4853086,WB_CLEAR,Climate and Economic Analyses for Resilience in Water (CLEAR Water),0,Units,CUR,Currency,602,CCYY,A,Normal value,PU,Public
datastructure,WB.DATA360:DS_DATA360(1.2),I,A,Annual,GAB,Gabon,WB_CLEAR_AQUASTAT_4554,SDG 6.4.1. Services Water Use Efficiency (US$/m3),_T,Total,_T,All age ranges or no breakdown by age,_T,Total,USD_M3,US dollars per cubic metre,_Z,Not Applicable,_Z,Not Applicable,_Z,Not Applicable,2007,42.7672516,WB_CLEAR,Climate and Economic Analyses for Resilience in Water (CLEAR Water),0,Units,CUR,Currency,602,CCYY,A,Normal value,PU,Public
datastructure,WB.DATA360:DS_DATA360(1.2),I,A,Annual,GMB,"Gambia, The",WB_CLEAR_AQUASTAT_4554,SDG 6.4.1. Services Water Use Efficiency (US$/m3),_T,Total,_T,All age ranges or no breakdown by age,_T,Total,USD_M3,US dollars per cubic metre,_Z,Not Applicable,_Z,Not Applicable,_Z,Not Applicable,2007,16.1337693,WB_CLEAR,Climate and Economic Analyses for Resilience in Water (CLEAR Water),0,Units,CUR,Currency,602,CCYY,A,Normal value,PU,Public
datastructure,WB.DATA360:DS_DATA360(1.2),I,A,Annual,GEO,Georgia,WB_CLEAR_AQUASTAT_4554,SDG 6.4.1. Services Water Use Efficiency (US$/m3),_T,Total,_T,All age ranges or no breakdown by age,_T,Total,USD_M3,US dollars per cubic metre,_Z,Not Applicable,_Z,Not Applicable,_Z,Not Applicable,2007,18.87597341,WB_CLEAR,Climate and Economic Analyses for Resilience in Water (CLEAR Water),0,Units,CUR,Currency,602,CCYY,A,Normal value,PU,Public
datastructure,WB.DATA360:DS_DATA360(1.2),I,A,Annual,GHA,Ghana,WB_CLEAR_AQUASTAT_4554,SDG 6.4.1. Services Water Use Efficiency (US$/m3),_T,Total,_T,All age ranges or no breakdown by age,_T,Total,USD_M3,US dollars per cubic metre,_Z,Not Applicable,_Z,Not Applicable,_Z,Not Applicable,2007,47.4070417,WB_CLEAR,Climate and Economic Analyses for Resilience in Water (CLEAR Water),0,Units,CUR,Currency,602,CCYY,A,Normal value,PU,Public
datastructure,WB.DATA360:DS_DATA360(1.2),I,A,Annual,GRC,Greece,WB_CLEAR_AQUASTAT_4554,SDG 6.4.1. Services Water Use Efficiency (US$/m3),_T,Total,_T,All age ranges or no breakdown by age,_T,Total,USD_M3,US dollars per cubic metre,_Z,Not Applicable,_Z,Not Applicable,_Z,Not Applicable,2007,219.6927963,WB_CLEAR,Climate and Economic Analyses for Resilience in Water (CLEAR Water),0,Units,CUR,Currency,602,CCYY,A,Normal value,PU,Public
datastructure,WB.DATA360:DS_DATA360(1.2),I,A,Annual,GTM,Guatemala,WB_CLEAR_AQUASTAT_4554,SDG 6.4.1. Services Water Use Efficiency (US$/m3),_T,Total,_T,All age ranges or no breakdown by age,_T,Total,USD_M3,US dollars per cubic metre,_Z,Not Applicable,_Z,Not Applicable,_Z,Not Applicable,2007,34.30449964,WB_CLEAR,Climate and Economic Analyses for Resilience in Water (CLEAR Water),0,Units,CUR,Currency,602,CCYY,A,Normal value,PU,Public
datastructure,WB.DATA360:DS_DATA360(1.2),I,A,Annual,GIN,Guinea,WB_CLEAR_AQUASTAT_4554,SDG 6.4.1. Services Water Use Efficiency (US$/m3),_T,Total,_T,All age ranges or no breakdown by age,_T,Total,USD_M3,US dollars per cubic metre,_Z,Not Applicable,_Z,Not Applicable,_Z,Not Applicable,2007,13.83195891,WB_CLEAR,Climate and Economic Analyses for Resilience in Water (CLEAR Water),0,Units,CUR,Currency,602,CCYY,A,Normal value,PU,Public
datastructure,WB.DATA360:DS_DATA360(1.2),I,A,Annual,GNB,Guinea-Bissau,WB_CLEAR_AQUASTAT_4554,SDG 6.4.1. Services Water Use Efficiency (US$/m3),_T,Total,_T,All age ranges or no breakdown by age,_T,Total,USD_M3,US dollars per cubic metre,_Z,Not Applicable,_Z,Not Applicable,_Z,Not Applicable,2007,9.830931039,WB_CLEAR,Climate and Economic Analyses for Resilience in Water (CLEAR Water),0,Units,CUR,Currency,602,CCYY,A,Normal value,PU,Public
datastructure,WB.DATA360:DS_DATA360(1.2),I,A,Annual,GUY,Guyana,WB_CLEAR_AQUASTAT_4554,SDG 6.4.1. Services Water Use Efficiency (US$/m3),_T,Total,_T,All age ranges or no breakdown by age,_T,Total,USD_M3,US dollars per cubic metre,_Z,Not Applicable,_Z,Not Applicable,_Z,Not Applicable,2007,15.22171622,WB_CLEAR,Climate and Economic Analyses for Resilience in Water (CLEAR Water),0,Units,CUR,Currency,602,CCYY,A,Normal value,PU,Public
datastructure,WB.DATA360:DS_DATA360(1.2),I,A,Annual,HTI,Haiti,WB_CLEAR_AQUASTAT_4554,SDG 6.4.1. Services Water Use Efficiency (US$/m3),_T,Total,_T,All age ranges or no breakdown by age,_T,Total,USD_M3,US dollars per cubic metre,_Z,Not Applicable,_Z,Not Applicable,_Z,Not Applicable,2007,16.58579415,WB_CLEAR,Climate and Economic Analyses for Resilience in Water (CLEAR Water),0,Units,CUR,Currency,602,CCYY,A,Normal value,PU,Public
datastructure,WB.DATA360:DS_DATA360(1.2),I,A,Annual,HND,Honduras,WB_CLEAR_AQUASTAT_4554,SDG 6.4.1. Services Water Use Efficiency (US$/m3),_T,Total,_T,All age ranges or no breakdown by age,_T,Total,USD_M3,US dollars per cubic metre,_Z,Not Applicable,_Z,Not Applicable,_Z,Not Applicable,2007,31.53072881,WB_CLEAR,Climate and Economic Analyses for Resilience in Water (CLEAR Water),0,Units,CUR,Currency,602,CCYY,A,Normal value,PU,Public
datastructure,WB.DATA360:DS_DATA360(1.2),I,A,Annual,HUN,Hungary,WB_CLEAR_AQUASTAT_4554,SDG 6.4.1. Services Water Use Efficiency (US$/m3),_T,Total,_T,All age ranges or no breakdown by age,_T,Total,USD_M3,US dollars per cubic metre,_Z,Not Applicable,_Z,Not Applicable,_Z,Not Applicable,2007,87.97973581,WB_CLEAR,Climate and Economic Analyses for Resilience in Water (CLEAR Water),0,Units,CUR,Currency,602,CCYY,A,Normal value,PU,Public
datastructure,WB.DATA360:DS_DATA360(1.2),I,A,Annual,ISL,Iceland,WB_CLEAR_AQUASTAT_4554,SDG 6.4.1. Services Water Use Efficiency (US$/m3),_T,Total,_T,All age ranges or no breakdown by age,_T,Total,USD_M3,US dollars per cubic metre,_Z,Not Applicable,_Z,Not Applicable,_Z,Not Applicable,2007,124.1860926,WB_CLEAR,Climate and Economic Analyses for Resilience in Water (CLEAR Water),0,Units,CUR,Currency,602,CCYY,A,Normal value,PU,Public
datastructure,WB.DATA360:DS_DATA360(1.2),I,A,Annual,IND,India,WB_CLEAR_AQUASTAT_4554,SDG 6.4.1. Services Water Use Efficiency (US$/m3),_T,Total,_T,All age ranges or no breakdown by age,_T,Total,USD_M3,US dollars per cubic metre,_Z,Not Applicable,_Z,Not Applicable,_Z,Not Applicable,2007,11.58038635,WB_CLEAR,Climate and Economic Analyses for Resilience in Water (CLEAR Water),0,Units,CUR,Currency,602,CCYY,A,Normal value,PU,Public
datastructure,WB.DATA360:DS_DATA360(1.2),I,A,Annual,IDN,Indonesia,WB_CLEAR_AQUASTAT_4554,SDG 6.4.1. Services Water Use Efficiency (US$/m3),_T,Total,_T,All age ranges or no breakdown by age,_T,Total,USD_M3,US dollars per cubic metre,_Z,Not Applicable,_Z,Not Applicable,_Z,Not Applicable,2007,15.72701287,WB_CLEAR,Climate and Economic Analyses for Resilience in Water (CLEAR Water),0,Units,CUR,Currency,602,CCYY,A,Normal value,PU,Public
datastructure,WB.DATA360:DS_DATA360(1.2),I,A,Annual,IRN,"Iran, Islamic Rep.",WB_CLEAR_AQUASTAT_4554,SDG 6.4.1. Services Water Use Efficiency (US$/m3),_T,Total,_T,All age ranges or no breakdown by age,_T,Total,USD_M3,US dollars per cubic metre,_Z,Not Applicable,_Z,Not Applicable,_Z,Not Applicable,2007,30.26772968,WB_CLEAR,Climate and Economic Analyses for Resilience in Water (CLEAR Water),0,Units,CUR,Currency,602,CCYY,A,Normal value,PU,Public
datastructure,WB.DATA360:DS_DATA360(1.2),I,A,Annual,IRQ,Iraq,WB_CLEAR_AQUASTAT_4554,SDG 6.4.1. Services Water Use Efficiency (US$/m3),_T,Total,_T,All age ranges or no breakdown by age,_T,Total,USD_M3,US dollars per cubic metre,_Z,Not Applicable,_Z,Not Applicable,_Z,Not Applicable,2007,13.12011217,WB_CLEAR,Climate and Economic Analyses for Resilience in Water (CLEAR Water),0,Units,CUR,Currency,602,CCYY,A,Normal value,PU,Public
datastructure,WB.DATA360:DS_DATA360(1.2),I,A,Annual,IRL,Ireland,WB_CLEAR_AQUASTAT_4554,SDG 6.4.1. Services Water Use Efficiency (US$/m3),_T,Total,_T,All age ranges or no breakdown by age,_T,Total,USD_M3,US dollars per cubic metre,_Z,Not Applicable,_Z,Not Applicable,_Z,Not Applicable,2007,204.0636974,WB_CLEAR,Climate and Economic Analyses for Resilience in Water (CLEAR Water),0,Units,CUR,Currency,602,CCYY,A,Normal value,PU,Public
datastructure,WB.DATA360:DS_DATA360(1.2),I,A,Annual,ISR,Israel,WB_CLEAR_AQUASTAT_4554,SDG 6.4.1. Services Water Use Efficiency (US$/m3),_T,Total,_T,All age ranges or no breakdown by age,_T,Total,USD_M3,US dollars per cubic metre,_Z,Not Applicable,_Z,Not Applicable,_Z,Not Applicable,2007,220.7504189,WB_CLEAR,Climate and Economic Analyses for Resilience in Water (CLEAR Water),0,Units,CUR,Currency,602,CCYY,A,Normal value,PU,Public
datastructure,WB.DATA360:DS_DATA360(1.2),I,A,Annual,ITA,Italy,WB_CLEAR_AQUASTAT_4554,SDG 6.4.1. Services Water Use Efficiency (US$/m3),_T,Total,_T,All age ranges or no breakdown by age,_T,Total,USD_M3,US dollars per cubic metre,_Z,Not Applicable,_Z,Not Applicable,_Z,Not Applicable,2007,145.7056772,WB_CLEAR,Climate and Economic Analyses for Resilience in Water (CLEAR Water),0,Units,CUR,Currency,602,CCYY,A,Normal value,PU,Public
datastructure,WB.DATA360:DS_DATA360(1.2),I,A,Annual,JAM,Jamaica,WB_CLEAR_AQUASTAT_4554,SDG 6.4.1. Services Water Use Efficiency (US$/m3),_T,Total,_T,All age ranges or no breakdown by age,_T,Total,USD_M3,US dollars per cubic metre,_Z,Not Applicable,_Z,Not Applicable,_Z,Not Applicable,2007,34.15493348,WB_CLEAR,Climate and Economic Analyses for Resilience in Water (CLEAR Water),0,Units,CUR,Currency,602,CCYY,A,Normal value,PU,Public
datastructure,WB.DATA360:DS_DATA360(1.2),I,A,Annual,JPN,Japan,WB_CLEAR_AQUASTAT_4554,SDG 6.4.1. Services Water Use Efficiency (US$/m3),_T,Total,_T,All age ranges or no breakdown by age,_T,Total,USD_M3,US dollars per cubic metre,_Z,Not Applicable,_Z,Not Applicable,_Z,Not Applicable,2007,195.5784061,WB_CLEAR,Climate and Economic Analyses for Resilience in Water (CLEAR Water),0,Units,CUR,Currency,602,CCYY,A,Normal value,PU,Public
datastructure,WB.DATA360:DS_DATA360(1.2),I,A,Annual,JOR,Jordan,WB_CLEAR_AQUASTAT_4554,SDG 6.4.1. Services Water Use Efficiency (US$/m3),_T,Total,_T,All age ranges or no breakdown by age,_T,Total,USD_M3,US dollars per cubic metre,_Z,Not Applicable,_Z,Not Applicable,_Z,Not Applicable,2007,63.99603373,WB_CLEAR,Climate and Economic Analyses for Resilience in Water (CLEAR Water),0,Units,CUR,Currency,602,CCYY,A,Normal value,PU,Public
datastructure,WB.DATA360:DS_DATA360(1.2),I,A,Annual,KAZ,Kazakhstan,WB_CLEAR_AQUASTAT_4554,SDG 6.4.1. Services Water Use Efficiency (US$/m3),_T,Total,_T,All age ranges or no breakdown by age,_T,Total,USD_M3,US dollars per cubic metre,_Z,Not Applicable,_Z,Not Applicable,_Z,Not Applicable,2007,28.76891709,WB_CLEAR,Climate and Economic Analyses for Resilience in Water (CLEAR Water),0,Units,CUR,Currency,602,CCYY,A,Normal value,PU,Public
datastructure,WB.DATA360:DS_DATA360(1.2),I,A,Annual,KEN,Kenya,WB_CLEAR_AQUASTAT_4554,SDG 6.4.1. Services Water Use Efficiency (US$/m3),_T,Total,_T,All age ranges or no breakdown by age,_T,Total,USD_M3,US dollars per cubic metre,_Z,Not Applicable,_Z,Not Applicable,_Z,Not Applicable,2007,25.81915683,WB_CLEAR,Climate and Economic Analyses for Resilience in Water (CLEAR Water),0,Units,CUR,Currency,602,CCYY,A,Normal value,PU,Public
datastructure,WB.DATA360:DS_DATA360(1.2),I,A,Annual,KWT,Kuwait,WB_CLEAR_AQUASTAT_4554,SDG 6.4.1. Services Water Use Efficiency (US$/m3),_T,Total,_T,All age ranges or no breakdown by age,_T,Total,USD_M3,US dollars per cubic metre,_Z,Not Applicable,_Z,Not Applicable,_Z,Not Applicable,2007,102.3531338,WB_CLEAR,Climate and Economic Analyses for Resilience in Water (CLEAR Water),0,Units,CUR,Currency,602,CCYY,A,Normal value,PU,Public
datastructure,WB.DATA360:DS_DATA360(1.2),I,A,Annual,KGZ,Kyrgyz Republic,WB_CLEAR_AQUASTAT_4554,SDG 6.4.1. Services Water Use Efficiency (US$/m3),_T,Total,_T,All age ranges or no breakdown by age,_T,Total,USD_M3,US dollars per cubic metre,_Z,Not Applicable,_Z,Not Applicable,_Z,Not Applicable,2007,10.23829459,WB_CLEAR,Climate and Economic Analyses for Resilience in Water (CLEAR Water),0,Units,CUR,Currency,602,CCYY,A,Normal value,PU,Public
datastructure,WB.DATA360:DS_DATA360(1.2),I,A,Annual,LAO,Lao PDR,WB_CLEAR_AQUASTAT_4554,SDG 6.4.1. Services Water Use Efficiency (US$/m3),_T,Total,_T,All age ranges or no breakdown by age,_T,Total,USD_M3,US dollars per cubic metre,_Z,Not Applicable,_Z,Not Applicable,_Z,Not Applicable,2007,26.56753677,WB_CLEAR,Climate and Economic Analyses for Resilience in Water (CLEAR Water),0,Units,CUR,Currency,602,CCYY,A,Normal value,PU,Public
datastructure,WB.DATA360:DS_DATA360(1.2),I,A,Annual,LVA,Latvia,WB_CLEAR_AQUASTAT_4554,SDG 6.4.1. Services Water Use Efficiency (US$/m3),_T,Total,_T,All age ranges or no breakdown by age,_T,Total,USD_M3,US dollars per cubic metre,_Z,Not Applicable,_Z,Not Applicable,_Z,Not Applicable,2007,152.1533046,WB_CLEAR,Climate and Economic Analyses for Resilience in Water (CLEAR Water),0,Units,CUR,Currency,602,CCYY,A,Normal value,PU,Public
datastructure,WB.DATA360:DS_DATA360(1.2),I,A,Annual,LBN,Lebanon,WB_CLEAR_AQUASTAT_4554,SDG 6.4.1. Services Water Use Efficiency (US$/m3),_T,Total,_T,All age ranges or no breakdown by age,_T,Total,USD_M3,US dollars per cubic metre,_Z,Not Applicable,_Z,Not Applicable,_Z,Not Applicable,2007,73.71057038,WB_CLEAR,Climate and Economic Analyses for Resilience in Water (CLEAR Water),0,Units,CUR,Currency,602,CCYY,A,Normal value,PU,Public
datastructure,WB.DATA360:DS_DATA360(1.2),I,A,Annual,LSO,Lesotho,WB_CLEAR_AQUASTAT_4554,SDG 6.4.1. Services Water Use Efficiency (US$/m3),_T,Total,_T,All age ranges or no breakdown by age,_T,Total,USD_M3,US dollars per cubic metre,_Z,Not Applicable,_Z,Not Applicable,_Z,Not Applicable,2007,49.40752833,WB_CLEAR,Climate and Economic Analyses for Resilience in Water (CLEAR Water),0,Units,CUR,Currency,602,CCYY,A,Normal value,PU,Public
datastructure,WB.DATA360:DS_DATA360(1.2),I,A,Annual,LBR,Liberia,WB_CLEAR_AQUASTAT_4554,SDG 6.4.1. Services Water Use Efficiency (US$/m3),_T,Total,_T,All age ranges or no breakdown by age,_T,Total,USD_M3,US dollars per cubic metre,_Z,Not Applicable,_Z,Not Applicable,_Z,Not Applicable,2007,2.981907759,WB_CLEAR,Climate and Economic Analyses for Resilience in Water (CLEAR Water),0,Units,CUR,Currency,602,CCYY,A,Normal value,PU,Public
datastructure,WB.DATA360:DS_DATA360(1.2),I,A,Annual,LBY,Libya,WB_CLEAR_AQUASTAT_4554,SDG 6.4.1. Services Water Use Efficiency (US$/m3),_T,Total,_T,All age ranges or no breakdown by age,_T,Total,USD_M3,US dollars per cubic metre,_Z,Not Applicable,_Z,Not Applicable,_Z,Not Applicable,2007,49.85900091,WB_CLEAR,Climate and Economic Analyses for Resilience in Water (CLEAR Water),0,Units,CUR,Currency,602,CCYY,A,Normal value,PU,Public
datastructure,WB.DATA360:DS_DATA360(1.2),I,A,Annual,LTU,Lithuania,WB_CLEAR_AQUASTAT_4554,SDG 6.4.1. Services Water Use Efficiency (US$/m3),_T,Total,_T,All age ranges or no breakdown by age,_T,Total,USD_M3,US dollars per cubic metre,_Z,Not Applicable,_Z,Not Applicable,_Z,Not Applicable,2007,172.2344442,WB_CLEAR,Climate and Economic Analyses for Resilience in Water (CLEAR Water),0,Units,CUR,Currency,602,CCYY,A,Normal value,PU,Public
datastructure,WB.DATA360:DS_DATA360(1.2),I,A,Annual,LUX,Luxembourg,WB_CLEAR_AQUASTAT_4554,SDG 6.4.1. Services Water Use Efficiency (US$/m3),_T,Total,_T,All age ranges or no breakdown by age,_T,Total,USD_M3,US dollars per cubic metre,_Z,Not Applicable,_Z,Not Applicable,_Z,Not Applicable,2007,877.825215,WB_CLEAR,Climate and Economic Analyses for Resilience in Water (CLEAR Water),0,Units,CUR,Currency,602,CCYY,A,Normal value,PU,Public
datastructure,WB.DATA360:DS_DATA360(1.2),I,A,Annual,MDG,Madagascar,WB_CLEAR_AQUASTAT_4554,SDG 6.4.1. Services Water Use Efficiency (US$/m3),_T,Total,_T,All age ranges or no breakdown by age,_T,Total,USD_M3,US dollars per cubic metre,_Z,Not Applicable,_Z,Not Applicable,_Z,Not Applicable,2007,11.95196741,WB_CLEAR,Climate and Economic Analyses for Resilience in Water (CLEAR Water),0,Units,CUR,Currency,602,CCYY,A,Normal value,PU,Public
datastructure,WB.DATA360:DS_DATA360(1.2),I,A,Annual,MWI,Malawi,WB_CLEAR_AQUASTAT_4554,SDG 6.4.1. Services Water Use Efficiency (US$/m3),_T,Total,_T,All age ranges or no breakdown by age,_T,Total,USD_M3,US dollars per cubic metre,_Z,Not Applicable,_Z,Not Applicable,_Z,Not Applicable,2007,13.52890887,WB_CLEAR,Climate and Economic Analyses for Resilience in Water (CLEAR Water),0,Units,CUR,Currency,602,CCYY,A,Normal value,PU,Public
datastructure,WB.DATA360:DS_DATA360(1.2),I,A,Annual,MYS,Malaysia,WB_CLEAR_AQUASTAT_4554,SDG 6.4.1. Services Water Use Efficiency (US$/m3),_T,Total,_T,All age ranges or no breakdown by age,_T,Total,USD_M3,US dollars per cubic metre,_Z,Not Applicable,_Z,Not Applicable,_Z,Not Applicable,2007,73.31035218,WB_CLEAR,Climate and Economic Analyses for Resilience in Water (CLEAR Water),0,Units,CUR,Currency,602,CCYY,A,Normal value,PU,Public
datastructure,WB.DATA360:DS_DATA360(1.2),I,A,Annual,MDV,Maldives,WB_CLEAR_AQUASTAT_4554,SDG 6.4.1. Services Water Use Efficiency (US$/m3),_T,Total,_T,All age ranges or no breakdown by age,_T,Total,USD_M3,US dollars per cubic metre,_Z,Not Applicable,_Z,Not Applicable,_Z,Not Applicable,2007,381.3519644,WB_CLEAR,Climate and Economic Analyses for Resilience in Water (CLEAR Water),0,Units,CUR,Currency,602,CCYY,A,Normal value,PU,Public
datastructure,WB.DATA360:DS_DATA360(1.2),I,A,Annual,MLI,Mali,WB_CLEAR_AQUASTAT_4554,SDG 6.4.1. Services Water Use Efficiency (US$/m3),_T,Total,_T,All age ranges or no breakdown by age,_T,Total,USD_M3,US dollars per cubic metre,_Z,Not Applicable,_Z,Not Applicable,_Z,Not Applicable,2007,23.28653125,WB_CLEAR,Climate and Economic Analyses for Resilience in Water (CLEAR Water),0,Units,CUR,Currency,602,CCYY,A,Normal value,PU,Public
datastructure,WB.DATA360:DS_DATA360(1.2),I,A,Annual,MLT,Malta,WB_CLEAR_AQUASTAT_4554,SDG 6.4.1. Services Water Use Efficiency (US$/m3),_T,Total,_T,All age ranges or no breakdown by age,_T,Total,USD_M3,US dollars per cubic metre,_Z,Not Applicable,_Z,Not Applicable,_Z,Not Applicable,2007,204.8451306,WB_CLEAR,Climate and Economic Analyses for Resilience in Water (CLEAR Water),0,Units,CUR,Currency,602,CCYY,A,Normal value,PU,Public
datastructure,WB.DATA360:DS_DATA360(1.2),I,A,Annual,MRT,Mauritania,WB_CLEAR_AQUASTAT_4554,SDG 6.4.1. Services Water Use Efficiency (US$/m3),_T,Total,_T,All age ranges or no breakdown by age,_T,Total,USD_M3,US dollars per cubic metre,_Z,Not Applicable,_Z,Not Applicable,_Z,Not Applicable,2007,22.34052419,WB_CLEAR,Climate and Economic Analyses for Resilience in Water (CLEAR Water),0,Units,CUR,Currency,602,CCYY,A,Normal value,PU,Public
datastructure,WB.DATA360:DS_DATA360(1.2),I,A,Annual,MUS,Mauritius,WB_CLEAR_AQUASTAT_4554,SDG 6.4.1. Services Water Use Efficiency (US$/m3),_T,Total,_T,All age ranges or no breakdown by age,_T,Total,USD_M3,US dollars per cubic metre,_Z,Not Applicable,_Z,Not Applicable,_Z,Not Applicable,2007,27.10385772,WB_CLEAR,Climate and Economic Analyses for Resilience in Water (CLEAR Water),0,Units,CUR,Currency,602,CCYY,A,Normal value,PU,Public
datastructure,WB.DATA360:DS_DATA360(1.2),I,A,Annual,MEX,Mexico,WB_CLEAR_AQUASTAT_4554,SDG 6.4.1. Services Water Use Efficiency (US$/m3),_T,Total,_T,All age ranges or no breakdown by age,_T,Total,USD_M3,US dollars per cubic metre,_Z,Not Applicable,_Z,Not Applicable,_Z,Not Applicable,2007,54.97070042,WB_CLEAR,Climate and Economic Analyses for Resilience in Water (CLEAR Water),0,Units,CUR,Currency,602,CCYY,A,Normal value,PU,Public
datastructure,WB.DATA360:DS_DATA360(1.2),I,A,Annual,MCO,Monaco,WB_CLEAR_AQUASTAT_4554,SDG 6.4.1. Services Water Use Efficiency (US$/m3),_T,Total,_T,All age ranges or no breakdown by age,_T,Total,USD_M3,US dollars per cubic metre,_Z,Not Applicable,_Z,Not Applicable,_Z,Not Applicable,2007,843.5241756,WB_CLEAR,Climate and Economic Analyses for Resilience in Water (CLEAR Water),0,Units,CUR,Currency,602,CCYY,A,Normal value,PU,Public
datastructure,WB.DATA360:DS_DATA360(1.2),I,A,Annual,MNG,Mongolia,WB_CLEAR_AQUASTAT_4554,SDG 6.4.1. Services Water Use Efficiency (US$/m3),_T,Total,_T,All age ranges or no breakdown by age,_T,Total,USD_M3,US dollars per cubic metre,_Z,Not Applicable,_Z,Not Applicable,_Z,Not Applicable,2007,27.67499609,WB_CLEAR,Climate and Economic Analyses for Resilience in Water (CLEAR Water),0,Units,CUR,Currency,602,CCYY,A,Normal value,PU,Public
datastructure,WB.DATA360:DS_DATA360(1.2),I,A,Annual,MNE,Montenegro,WB_CLEAR_AQUASTAT_4554,SDG 6.4.1. Services Water Use Efficiency (US$/m3),_T,Total,_T,All age ranges or no breakdown by age,_T,Total,USD_M3,US dollars per cubic metre,_Z,Not Applicable,_Z,Not Applicable,_Z,Not Applicable,2007,22.51279058,WB_CLEAR,Climate and Economic Analyses for Resilience in Water (CLEAR Water),0,Units,CUR,Currency,602,CCYY,A,Normal value,PU,Public
datastructure,WB.DATA360:DS_DATA360(1.2),I,A,Annual,MAR,Morocco,WB_CLEAR_AQUASTAT_4554,SDG 6.4.1. Services Water Use Efficiency (US$/m3),_T,Total,_T,All age ranges or no breakdown by age,_T,Total,USD_M3,US dollars per cubic metre,_Z,Not Applicable,_Z,Not Applicable,_Z,Not Applicable,2007,21.06176935,WB_CLEAR,Climate and Economic Analyses for Resilience in Water (CLEAR Water),0,Units,CUR,Currency,602,CCYY,A,Normal value,PU,Public
datastructure,WB.DATA360:DS_DATA360(1.2),I,A,Annual,MOZ,Mozambique,WB_CLEAR_AQUASTAT_4554,SDG 6.4.1. Services Water Use Efficiency (US$/m3),_T,Total,_T,All age ranges or no breakdown by age,_T,Total,USD_M3,US dollars per cubic metre,_Z,Not Applicable,_Z,Not Applicable,_Z,Not Applicable,2007,15.93124636,WB_CLEAR,Climate and Economic Analyses for Resilience in Water (CLEAR Water),0,Units,CUR,Currency,602,CCYY,A,Normal value,PU,Public
datastructure,WB.DATA360:DS_DATA360(1.2),I,A,Annual,MMR,Myanmar,WB_CLEAR_AQUASTAT_4554,SDG 6.4.1. Services Water Use Efficiency (US$/m3),_T,Total,_T,All age ranges or no breakdown by age,_T,Total,USD_M3,US dollars per cubic metre,_Z,Not Applicable,_Z,Not Applicable,_Z,Not Applicable,2007,3.388221692,WB_CLEAR,Climate and Economic Analyses for Resilience in Water (CLEAR Water),0,Units,CUR,Currency,602,CCYY,A,Normal value,PU,Public
datastructure,WB.DATA360:DS_DATA360(1.2),I,A,Annual,NAM,Namibia,WB_CLEAR_AQUASTAT_4554,SDG 6.4.1. Services Water Use Efficiency (US$/m3),_T,Total,_T,All age ranges or no breakdown by age,_T,Total,USD_M3,US dollars per cubic metre,_Z,Not Applicable,_Z,Not Applicable,_Z,Not Applicable,2007,60.71271684,WB_CLEAR,Climate and Economic Analyses for Resilience in Water (CLEAR Water),0,Units,CUR,Currency,602,CCYY,A,Normal value,PU,Public
datastructure,WB.DATA360:DS_DATA360(1.2),I,A,Annual,NPL,Nepal,WB_CLEAR_AQUASTAT_4554,SDG 6.4.1. Services Water Use Efficiency (US$/m3),_T,Total,_T,All age ranges or no breakdown by age,_T,Total,USD_M3,US dollars per cubic metre,_Z,Not Applicable,_Z,Not Applicable,_Z,Not Applicable,2007,49.84957406,WB_CLEAR,Climate and Economic Analyses for Resilience in Water (CLEAR Water),0,Units,CUR,Currency,602,CCYY,A,Normal value,PU,Public
datastructure,WB.DATA360:DS_DATA360(1.2),I,A,Annual,NLD,Netherlands,WB_CLEAR_AQUASTAT_4554,SDG 6.4.1. Services Water Use Efficiency (US$/m3),_T,Total,_T,All age ranges or no breakdown by age,_T,Total,USD_M3,US dollars per cubic metre,_Z,Not Applicable,_Z,Not Applicable,_Z,Not Applicable,2007,401.8584991,WB_CLEAR,Climate and Economic Analyses for Resilience in Water (CLEAR Water),0,Units,CUR,Currency,602,CCYY,A,Normal value,PU,Public
datastructure,WB.DATA360:DS_DATA360(1.2),I,A,Annual,NZL,New Zealand,WB_CLEAR_AQUASTAT_4554,SDG 6.4.1. Services Water Use Efficiency (US$/m3),_T,Total,_T,All age ranges or no breakdown by age,_T,Total,USD_M3,US dollars per cubic metre,_Z,Not Applicable,_Z,Not Applicable,_Z,Not Applicable,2007,94.03691209,WB_CLEAR,Climate and Economic Analyses for Resilience in Water (CLEAR Water),0,Units,CUR,Currency,602,CCYY,A,Normal value,PU,Public
datastructure,WB.DATA360:DS_DATA360(1.2),I,A,Annual,NIC,Nicaragua,WB_CLEAR_AQUASTAT_4554,SDG 6.4.1. Services Water Use Efficiency (US$/m3),_T,Total,_T,All age ranges or no breakdown by age,_T,Total,USD_M3,US dollars per cubic metre,_Z,Not Applicable,_Z,Not Applicable,_Z,Not Applicable,2007,18.55557886,WB_CLEAR,Climate and Economic Analyses for Resilience in Water (CLEAR Water),0,Units,CUR,Currency,602,CCYY,A,Normal value,PU,Public
datastructure,WB.DATA360:DS_DATA360(1.2),I,A,Annual,NER,Niger,WB_CLEAR_AQUASTAT_4554,SDG 6.4.1. Services Water Use Efficiency (US$/m3),_T,Total,_T,All age ranges or no breakdown by age,_T,Total,USD_M3,US dollars per cubic metre,_Z,Not Applicable,_Z,Not Applicable,_Z,Not Applicable,2007,11.41084174,WB_CLEAR,Climate and Economic Analyses for Resilience in Water (CLEAR Water),0,Units,CUR,Currency,602,CCYY,A,Normal value,PU,Public
datastructure,WB.DATA360:DS_DATA360(1.2),I,A,Annual,NGA,Nigeria,WB_CLEAR_AQUASTAT_4554,SDG 6.4.1. Services Water Use Efficiency (US$/m3),_T,Total,_T,All age ranges or no breakdown by age,_T,Total,USD_M3,US dollars per cubic metre,_Z,Not Applicable,_Z,Not Applicable,_Z,Not Applicable,2007,35.10405437,WB_CLEAR,Climate and Economic Analyses for Resilience in Water (CLEAR Water),0,Units,CUR,Currency,602,CCYY,A,Normal value,PU,Public
datastructure,WB.DATA360:DS_DATA360(1.2),I,A,Annual,MKD,North Macedonia,WB_CLEAR_AQUASTAT_4554,SDG 6.4.1. Services Water Use Efficiency (US$/m3),_T,Total,_T,All age ranges or no breakdown by age,_T,Total,USD_M3,US dollars per cubic metre,_Z,Not Applicable,_Z,Not Applicable,_Z,Not Applicable,2007,21.88984269,WB_CLEAR,Climate and Economic Analyses for Resilience in Water (CLEAR Water),0,Units,CUR,Currency,602,CCYY,A,Normal value,PU,Public
datastructure,WB.DATA360:DS_DATA360(1.2),I,A,Annual,NOR,Norway,WB_CLEAR_AQUASTAT_4554,SDG 6.4.1. Services Water Use Efficiency (US$/m3),_T,Total,_T,All age ranges or no breakdown by age,_T,Total,USD_M3,US dollars per cubic metre,_Z,Not Applicable,_Z,Not Applicable,_Z,Not Applicable,2007,197.4113629,WB_CLEAR,Climate and Economic Analyses for Resilience in Water (CLEAR Water),0,Units,CUR,Currency,602,CCYY,A,Normal value,PU,Public
datastructure,WB.DATA360:DS_DATA360(1.2),I,A,Annual,OMN,Oman,WB_CLEAR_AQUASTAT_4554,SDG 6.4.1. Services Water Use Efficiency (US$/m3),_T,Total,_T,All age ranges or no breakdown by age,_T,Total,USD_M3,US dollars per cubic metre,_Z,Not Applicable,_Z,Not Applicable,_Z,Not Applicable,2007,142.0643932,WB_CLEAR,Climate and Economic Analyses for Resilience in Water (CLEAR Water),0,Units,CUR,Currency,602,CCYY,A,Normal value,PU,Public
datastructure,WB.DATA360:DS_DATA360(1.2),I,A,Annual,PAK,Pakistan,WB_CLEAR_AQUASTAT_4554,SDG 6.4.1. Services Water Use Efficiency (US$/m3),_T,Total,_T,All age ranges or no breakdown by age,_T,Total,USD_M3,US dollars per cubic metre,_Z,Not Applicable,_Z,Not Applicable,_Z,Not Applicable,2007,12.21973141,WB_CLEAR,Climate and Economic Analyses for Resilience in Water (CLEAR Water),0,Units,CUR,Currency,602,CCYY,A,Normal value,PU,Public
datastructure,WB.DATA360:DS_DATA360(1.2),I,A,Annual,PSE,West Bank and Gaza,WB_CLEAR_AQUASTAT_4554,SDG 6.4.1. Services Water Use Efficiency (US$/m3),_T,Total,_T,All age ranges or no breakdown by age,_T,Total,USD_M3,US dollars per cubic metre,_Z,Not Applicable,_Z,Not Applicable,_Z,Not Applicable,2007,31.16539343,WB_CLEAR,Climate and Economic Analyses for Resilience in Water (CLEAR Water),0,Units,CUR,Currency,602,CCYY,A,Normal value,PU,Public
datastructure,WB.DATA360:DS_DATA360(1.2),I,A,Annual,PAN,Panama,WB_CLEAR_AQUASTAT_4554,SDG 6.4.1. Services Water Use Efficiency (US$/m3),_T,Total,_T,All age ranges or no breakdown by age,_T,Total,USD_M3,US dollars per cubic metre,_Z,Not Applicable,_Z,Not Applicable,_Z,Not Applicable,2007,61.93435706,WB_CLEAR,Climate and Economic Analyses for Resilience in Water (CLEAR Water),0,Units,CUR,Currency,602,CCYY,A,Normal value,PU,Public
datastructure,WB.DATA360:DS_DATA360(1.2),I,A,Annual,PNG,Papua New Guinea,WB_CLEAR_AQUASTAT_4554,SDG 6.4.1. Services Water Use Efficiency (US$/m3),_T,Total,_T,All age ranges or no breakdown by age,_T,Total,USD_M3,US dollars per cubic metre,_Z,Not Applicable,_Z,Not Applicable,_Z,Not Applicable,2007,27.07612666,WB_CLEAR,Climate and Economic Analyses for Resilience in Water (CLEAR Water),0,Units,CUR,Currency,602,CCYY,A,Normal value,PU,Public
datastructure,WB.DATA360:DS_DATA360(1.2),I,A,Annual,PRY,Paraguay,WB_CLEAR_AQUASTAT_4554,SDG 6.4.1. Services Water Use Efficiency (US$/m3),_T,Total,_T,All age ranges or no breakdown by age,_T,Total,USD_M3,US dollars per cubic metre,_Z,Not Applicable,_Z,Not Applicable,_Z,Not Applicable,2007,55.81259007,WB_CLEAR,Climate and Economic Analyses for Resilience in Water (CLEAR Water),0,Units,CUR,Currency,602,CCYY,A,Normal value,PU,Public
datastructure,WB.DATA360:DS_DATA360(1.2),I,A,Annual,PER,Peru,WB_CLEAR_AQUASTAT_4554,SDG 6.4.1. Services Water Use Efficiency (US$/m3),_T,Total,_T,All age ranges or no breakdown by age,_T,Total,USD_M3,US dollars per cubic metre,_Z,Not Applicable,_Z,Not Applicable,_Z,Not Applicable,2007,49.15202131,WB_CLEAR,Climate and Economic Analyses for Resilience in Water (CLEAR Water),0,Units,CUR,Currency,602,CCYY,A,Normal value,PU,Public
datastructure,WB.DATA360:DS_DATA360(1.2),I,A,Annual,PHL,Philippines,WB_CLEAR_AQUASTAT_4554,SDG 6.4.1. Services Water Use Efficiency (US$/m3),_T,Total,_T,All age ranges or no breakdown by age,_T,Total,USD_M3,US dollars per cubic metre,_Z,Not Applicable,_Z,Not Applicable,_Z,Not Applicable,2007,16.16102415,WB_CLEAR,Climate and Economic Analyses for Resilience in Water (CLEAR Water),0,Units,CUR,Currency,602,CCYY,A,Normal value,PU,Public
datastructure,WB.DATA360:DS_DATA360(1.2),I,A,Annual,POL,Poland,WB_CLEAR_AQUASTAT_4554,SDG 6.4.1. Services Water Use Efficiency (US$/m3),_T,Total,_T,All age ranges or no breakdown by age,_T,Total,USD_M3,US dollars per cubic metre,_Z,Not Applicable,_Z,Not Applicable,_Z,Not Applicable,2007,103.1496275,WB_CLEAR,Climate and Economic Analyses for Resilience in Water (CLEAR Water),0,Units,CUR,Currency,602,CCYY,A,Normal value,PU,Public
datastructure,WB.DATA360:DS_DATA360(1.2),I,A,Annual,PRT,Portugal,WB_CLEAR_AQUASTAT_4554,SDG 6.4.1. Services Water Use Efficiency (US$/m3),_T,Total,_T,All age ranges or no breakdown by age,_T,Total,USD_M3,US dollars per cubic metre,_Z,Not Applicable,_Z,Not Applicable,_Z,Not Applicable,2007,142.4566832,WB_CLEAR,Climate and Economic Analyses for Resilience in Water (CLEAR Water),0,Units,CUR,Currency,602,CCYY,A,Normal value,PU,Public
datastructure,WB.DATA360:DS_DATA360(1.2),I,A,Annual,PRI,Puerto Rico,WB_CLEAR_AQUASTAT_4554,SDG 6.4.1. Services Water Use Efficiency (US$/m3),_T,Total,_T,All age ranges or no breakdown by age,_T,Total,USD_M3,US dollars per cubic metre,_Z,Not Applicable,_Z,Not Applicable,_Z,Not Applicable,2007,67.42899126,WB_CLEAR,Climate and Economic Analyses for Resilience in Water (CLEAR Water),0,Units,CUR,Currency,602,CCYY,A,Normal value,PU,Public
datastructure,WB.DATA360:DS_DATA360(1.2),I,A,Annual,QAT,Qatar,WB_CLEAR_AQUASTAT_4554,SDG 6.4.1. Services Water Use Efficiency (US$/m3),_T,Total,_T,All age ranges or no breakdown by age,_T,Total,USD_M3,US dollars per cubic metre,_Z,Not Applicable,_Z,Not Applicable,_Z,Not Applicable,2007,104.5308348,WB_CLEAR,Climate and Economic Analyses for Resilience in Water (CLEAR Water),0,Units,CUR,Currency,602,CCYY,A,Normal value,PU,Public
datastructure,WB.DATA360:DS_DATA360(1.2),I,A,Annual,KOR,"Korea, Rep.",WB_CLEAR_AQUASTAT_4554,SDG 6.4.1. Services Water Use Efficiency (US$/m3),_T,Total,_T,All age ranges or no breakdown by age,_T,Total,USD_M3,US dollars per cubic metre,_Z,Not Applicable,_Z,Not Applicable,_Z,Not Applicable,2007,92.90926887,WB_CLEAR,Climate and Economic Analyses for Resilience in Water (CLEAR Water),0,Units,CUR,Currency,602,CCYY,A,Normal value,PU,Public
datastructure,WB.DATA360:DS_DATA360(1.2),I,A,Annual,MDA,Moldova,WB_CLEAR_AQUASTAT_4554,SDG 6.4.1. Services Water Use Efficiency (US$/m3),_T,Total,_T,All age ranges or no breakdown by age,_T,Total,USD_M3,US dollars per cubic metre,_Z,Not Applicable,_Z,Not Applicable,_Z,Not Applicable,2007,23.29131762,WB_CLEAR,Climate and Economic Analyses for Resilience in Water (CLEAR Water),0,Units,CUR,Currency,602,CCYY,A,Normal value,PU,Public
datastructure,WB.DATA360:DS_DATA360(1.2),I,A,Annual,ROU,Romania,WB_CLEAR_AQUASTAT_4554,SDG 6.4.1. Services Water Use Efficiency (US$/m3),_T,Total,_T,All age ranges or no breakdown by age,_T,Total,USD_M3,US dollars per cubic metre,_Z,Not Applicable,_Z,Not Applicable,_Z,Not Applicable,2007,73.1787093,WB_CLEAR,Climate and Economic Analyses for Resilience in Water (CLEAR Water),0,Units,CUR,Currency,602,CCYY,A,Normal value,PU,Public
datastructure,WB.DATA360:DS_DATA360(1.2),I,A,Annual,RUS,Russian Federation,WB_CLEAR_AQUASTAT_4554,SDG 6.4.1. Services Water Use Efficiency (US$/m3),_T,Total,_T,All age ranges or no breakdown by age,_T,Total,USD_M3,US dollars per cubic metre,_Z,Not Applicable,_Z,Not Applicable,_Z,Not Applicable,2007,51.25160517,WB_CLEAR,Climate and Economic Analyses for Resilience in Water (CLEAR Water),0,Units,CUR,Currency,602,CCYY,A,Normal value,PU,Public
datastructure,WB.DATA360:DS_DATA360(1.2),I,A,Annual,RWA,Rwanda,WB_CLEAR_AQUASTAT_4554,SDG 6.4.1. Services Water Use Efficiency (US$/m3),_T,Total,_T,All age ranges or no breakdown by age,_T,Total,USD_M3,US dollars per cubic metre,_Z,Not Applicable,_Z,Not Applicable,_Z,Not Applicable,2007,37.23093091,WB_CLEAR,Climate and Economic Analyses for Resilience in Water (CLEAR Water),0,Units,CUR,Currency,602,CCYY,A,Normal value,PU,Public
datastructure,WB.DATA360:DS_DATA360(1.2),I,A,Annual,LCA,St. Lucia,WB_CLEAR_AQUASTAT_4554,SDG 6.4.1. Services Water Use Efficiency (US$/m3),_T,Total,_T,All age ranges or no breakdown by age,_T,Total,USD_M3,US dollars per cubic metre,_Z,Not Applicable,_Z,Not Applicable,_Z,Not Applicable,2007,96.58392127,WB_CLEAR,Climate and Economic Analyses for Resilience in Water (CLEAR Water),0,Units,CUR,Currency,602,CCYY,A,Normal value,PU,Public
datastructure,WB.DATA360:DS_DATA360(1.2),I,A,Annual,BOL,Bolivia,WB_CLEAR_AQUASTAT_4554,SDG 6.4.1. Services Water Use Efficiency (US$/m3),_T,Total,_T,All age ranges or no breakdown by age,_T,Total,USD_M3,US dollars per cubic metre,_Z,Not Applicable,_Z,Not Applicable,_Z,Not Applicable,2007,73.28106486,WB_CLEAR,Climate and Economic Analyses for Resilience in Water (CLEAR Water),0,Units,CUR,Currency,602,CCYY,A,Normal value,PU,Public
datastructure,WB.DATA360:DS_DATA360(1.2),I,A,Annual,BIH,Bosnia and Herzegovina,WB_CLEAR_AQUASTAT_4554,SDG 6.4.1. Services Water Use Efficiency (US$/m3),_T,Total,_T,All age ranges or no breakdown by age,_T,Total,USD_M3,US dollars per cubic metre,_Z,Not Applicable,_Z,Not Applicable,_Z,Not Applicable,2007,23.84857798,WB_CLEAR,Climate and Economic Analyses for Resilience in Water (CLEAR Water),0,Units,CUR,Currency,602,CCYY,A,Normal value,PU,Public
datastructure,WB.DATA360:DS_DATA360(1.2),I,A,Annual,BWA,Botswana,WB_CLEAR_AQUASTAT_4554,SDG 6.4.1. Services Water Use Efficiency (US$/m3),_T,Total,_T,All age ranges or no breakdown by age,_T,Total,USD_M3,US dollars per cubic metre,_Z,Not Applicable,_Z,Not Applicable,_Z,Not Applicable,2007,56.6984522,WB_CLEAR,Climate and Economic Analyses for Resilience in Water (CLEAR Water),0,Units,CUR,Currency,602,CCYY,A,Normal value,PU,Public
datastructure,WB.DATA360:DS_DATA360(1.2),I,A,Annual,BRA,Brazil,WB_CLEAR_AQUASTAT_4554,SDG 6.4.1. Services Water Use Efficiency (US$/m3),_T,Total,_T,All age ranges or no breakdown by age,_T,Total,USD_M3,US dollars per cubic metre,_Z,Not Applicable,_Z,Not Applicable,_Z,Not Applicable,2007,55.21738229,WB_CLEAR,Climate and Economic Analyses for Resilience in Water (CLEAR Water),0,Units,CUR,Currency,602,CCYY,A,Normal value,PU,Public
datastructure,WB.DATA360:DS_DATA360(1.2),I,A,Annual,BRN,Brunei Darussalam,WB_CLEAR_AQUASTAT_4554,SDG 6.4.1. Services Water Use Efficiency (US$/m3),_T,Total,_T,All age ranges or no breakdown by age,_T,Total,USD_M3,US dollars per cubic metre,_Z,Not Applicable,_Z,Not Applicable,_Z,Not Applicable,2007,27.15252845,WB_CLEAR,Climate and Economic Analyses for Resilience in Water (CLEAR Water),0,Units,CUR,Currency,602,CCYY,A,Normal value,PU,Public
datastructure,WB.DATA360:DS_DATA360(1.2),I,A,Annual,BGR,Bulgaria,WB_CLEAR_AQUASTAT_4554,SDG 6.4.1. Services Water Use Efficiency (US$/m3),_T,Total,_T,All age ranges or no breakdown by age,_T,Total,USD_M3,US dollars per cubic metre,_Z,Not Applicable,_Z,Not Applicable,_Z,Not Applicable,2007,25.73388571,WB_CLEAR,Climate and Economic Analyses for Resilience in Water (CLEAR Water),0,Units,CUR,Currency,602,CCYY,A,Normal value,PU,Public
datastructure,WB.DATA360:DS_DATA360(1.2),I,A,Annual,BFA,Burkina Faso,WB_CLEAR_AQUASTAT_4554,SDG 6.4.1. Services Water Use Efficiency (US$/m3),_T,Total,_T,All age ranges or no breakdown by age,_T,Total,USD_M3,US dollars per cubic metre,_Z,Not Applicable,_Z,Not Applicable,_Z,Not Applicable,2007,10.06811452,WB_CLEAR,Climate and Economic Analyses for Resilience in Water (CLEAR Water),0,Units,CUR,Currency,602,CCYY,A,Normal value,PU,Public
datastructure,WB.DATA360:DS_DATA360(1.2),I,A,Annual,BDI,Burundi,WB_CLEAR_AQUASTAT_4554,SDG 6.4.1. Services Water Use Efficiency (US$/m3),_T,Total,_T,All age ranges or no breakdown by age,_T,Total,USD_M3,US dollars per cubic metre,_Z,Not Applicable,_Z,Not Applicable,_Z,Not Applicable,2007,21.1661607,WB_CLEAR,Climate and Economic Analyses for Resilience in Water (CLEAR Water),0,Units,CUR,Currency,602,CCYY,A,Normal value,PU,Public
datastructure,WB.DATA360:DS_DATA360(1.2),I,A,Annual,CPV,Cabo Verde,WB_CLEAR_AQUASTAT_4554,SDG 6.4.1. Services Water Use Efficiency (US$/m3),_T,Total,_T,All age ranges or no breakdown by age,_T,Total,USD_M3,US dollars per cubic metre,_Z,Not Applicable,_Z,Not Applicable,_Z,Not Applicable,2007,535.1058137,WB_CLEAR,Climate and Economic Analyses for Resilience in Water (CLEAR Water),0,Units,CUR,Currency,602,CCYY,A,Normal value,PU,Public
datastructure,WB.DATA360:DS_DATA360(1.2),I,A,Annual,KHM,Cambodia,WB_CLEAR_AQUASTAT_4554,SDG 6.4.1. Services Water Use Efficiency (US$/m3),_T,Total,_T,All age ranges or no breakdown by age,_T,Total,USD_M3,US dollars per cubic metre,_Z,Not Applicable,_Z,Not Applicable,_Z,Not Applicable,2007,44.94645771,WB_CLEAR,Climate and Economic Analyses for Resilience in Water (CLEAR Water),0,Units,CUR,Currency,602,CCYY,A,Normal value,PU,Public
datastructure,WB.DATA360:DS_DATA360(1.2),I,A,Annual,SAU,Saudi Arabia,WB_CLEAR_AQUASTAT_4554,SDG 6.4.1. Services Water Use Efficiency (US$/m3),_T,Total,_T,All age ranges or no breakdown by age,_T,Total,USD_M3,US dollars per cubic metre,_Z,Not Applicable,_Z,Not Applicable,_Z,Not Applicable,2007,75.93723021,WB_CLEAR,Climate and Economic Analyses for Resilience in Water (CLEAR Water),0,Units,CUR,Currency,602,CCYY,A,Normal value,PU,Public
datastructure,WB.DATA360:DS_DATA360(1.2),I,A,Annual,SEN,Senegal,WB_CLEAR_AQUASTAT_4554,SDG 6.4.1. Services Water Use Efficiency (US$/m3),_T,Total,_T,All age ranges or no breakdown by age,_T,Total,USD_M3,US dollars per cubic metre,_Z,Not Applicable,_Z,Not Applicable,_Z,Not Applicable,2007,75.29401312,WB_CLEAR,Climate and Economic Analyses for Resilience in Water (CLEAR Water),0,Units,CUR,Currency,602,CCYY,A,Normal value,PU,Public
datastructure,WB.DATA360:DS_DATA360(1.2),I,A,Annual,SYC,Seychelles,WB_CLEAR_AQUASTAT_4554,SDG 6.4.1. Services Water Use Efficiency (US$/m3),_T,Total,_T,All age ranges or no breakdown by age,_T,Total,USD_M3,US dollars per cubic metre,_Z,Not Applicable,_Z,Not Applicable,_Z,Not Applicable,2007,83.6180766,WB_CLEAR,Climate and Economic Analyses for Resilience in Water (CLEAR Water),0,Units,CUR,Currency,602,CCYY,A,Normal value,PU,Public
datastructure,WB.DATA360:DS_DATA360(1.2),I,A,Annual,SLE,Sierra Leone,WB_CLEAR_AQUASTAT_4554,SDG 6.4.1. Services Water Use Efficiency (US$/m3),_T,Total,_T,All age ranges or no breakdown by age,_T,Total,USD_M3,US dollars per cubic metre,_Z,Not Applicable,_Z,Not Applicable,_Z,Not Applicable,2007,9.531791508,WB_CLEAR,Climate and Economic Analyses for Resilience in Water (CLEAR Water),0,Units,CUR,Currency,602,CCYY,A,Normal value,PU,Public
datastructure,WB.DATA360:DS_DATA360(1.2),I,A,Annual,SGP,Singapore,WB_CLEAR_AQUASTAT_4554,SDG 6.4.1. Services Water Use Efficiency (US$/m3),_T,Total,_T,All age ranges or no breakdown by age,_T,Total,USD_M3,US dollars per cubic metre,_Z,Not Applicable,_Z,Not Applicable,_Z,Not Applicable,2007,155.1856581,WB_CLEAR,Climate and Economic Analyses for Resilience in Water (CLEAR Water),0,Units,CUR,Currency,602,CCYY,A,Normal value,PU,Public
datastructure,WB.DATA360:DS_DATA360(1.2),I,A,Annual,SVK,Slovak Republic,WB_CLEAR_AQUASTAT_4554,SDG 6.4.1. Services Water Use Efficiency (US$/m3),_T,Total,_T,All age ranges or no breakdown by age,_T,Total,USD_M3,US dollars per cubic metre,_Z,Not Applicable,_Z,Not Applicable,_Z,Not Applicable,2007,122.7423465,WB_CLEAR,Climate and Economic Analyses for Resilience in Water (CLEAR Water),0,Units,CUR,Currency,602,CCYY,A,Normal value,PU,Public
datastructure,WB.DATA360:DS_DATA360(1.2),I,A,Annual,SVN,Slovenia,WB_CLEAR_AQUASTAT_4554,SDG 6.4.1. Services Water Use Efficiency (US$/m3),_T,Total,_T,All age ranges or no breakdown by age,_T,Total,USD_M3,US dollars per cubic metre,_Z,Not Applicable,_Z,Not Applicable,_Z,Not Applicable,2007,150.360397,WB_CLEAR,Climate and Economic Analyses for Resilience in Water (CLEAR Water),0,Units,CUR,Currency,602,CCYY,A,Normal value,PU,Public
datastructure,WB.DATA360:DS_DATA360(1.2),I,A,Annual,SOM,Somalia,WB_CLEAR_AQUASTAT_4554,SDG 6.4.1. Services Water Use Efficiency (US$/m3),_T,Total,_T,All age ranges or no breakdown by age,_T,Total,USD_M3,US dollars per cubic metre,_Z,Not Applicable,_Z,Not Applicable,_Z,Not Applicable,2007,22.40911955,WB_CLEAR,Climate and Economic Analyses for Resilience in Water (CLEAR Water),0,Units,CUR,Currency,602,CCYY,A,Normal value,PU,Public
datastructure,WB.DATA360:DS_DATA360(1.2),I,A,Annual,ZAF,South Africa,WB_CLEAR_AQUASTAT_4554,SDG 6.4.1. Services Water Use Efficiency (US$/m3),_T,Total,_T,All age ranges or no breakdown by age,_T,Total,USD_M3,US dollars per cubic metre,_Z,Not Applicable,_Z,Not Applicable,_Z,Not Applicable,2007,41.40376648,WB_CLEAR,Climate and Economic Analyses for Resilience in Water (CLEAR Water),0,Units,CUR,Currency,602,CCYY,A,Normal value,PU,Public
datastructure,WB.DATA360:DS_DATA360(1.2),I,A,Annual,ESP,Spain,WB_CLEAR_AQUASTAT_4554,SDG 6.4.1. Services Water Use Efficiency (US$/m3),_T,Total,_T,All age ranges or no breakdown by age,_T,Total,USD_M3,US dollars per cubic metre,_Z,Not Applicable,_Z,Not Applicable,_Z,Not Applicable,2007,133.2647937,WB_CLEAR,Climate and Economic Analyses for Resilience in Water (CLEAR Water),0,Units,CUR,Currency,602,CCYY,A,Normal value,PU,Public
datastructure,WB.DATA360:DS_DATA360(1.2),I,A,Annual,LKA,Sri Lanka,WB_CLEAR_AQUASTAT_4554,SDG 6.4.1. Services Water Use Efficiency (US$/m3),_T,Total,_T,All age ranges or no breakdown by age,_T,Total,USD_M3,US dollars per cubic metre,_Z,Not Applicable,_Z,Not Applicable,_Z,Not Applicable,2007,35.62415214,WB_CLEAR,Climate and Economic Analyses for Resilience in Water (CLEAR Water),0,Units,CUR,Currency,602,CCYY,A,Normal value,PU,Public
datastructure,WB.DATA360:DS_DATA360(1.2),I,A,Annual,SUR,Suriname,WB_CLEAR_AQUASTAT_4554,SDG 6.4.1. Services Water Use Efficiency (US$/m3),_T,Total,_T,All age ranges or no breakdown by age,_T,Total,USD_M3,US dollars per cubic metre,_Z,Not Applicable,_Z,Not Applicable,_Z,Not Applicable,2007,36.84539688,WB_CLEAR,Climate and Economic Analyses for Resilience in Water (CLEAR Water),0,Units,CUR,Currency,602,CCYY,A,Normal value,PU,Public
datastructure,WB.DATA360:DS_DATA360(1.2),I,A,Annual,SWE,Sweden,WB_CLEAR_AQUASTAT_4554,SDG 6.4.1. Services Water Use Efficiency (US$/m3),_T,Total,_T,All age ranges or no breakdown by age,_T,Total,USD_M3,US dollars per cubic metre,_Z,Not Applicable,_Z,Not Applicable,_Z,Not Applicable,2007,287.654321,WB_CLEAR,Climate and Economic Analyses for Resilience in Water (CLEAR Water),0,Units,CUR,Currency,602,CCYY,A,Normal value,PU,Public
datastructure,WB.DATA360:DS_DATA360(1.2),I,A,Annual,CHE,Switzerland,WB_CLEAR_AQUASTAT_4554,SDG 6.4.1. Services Water Use Efficiency (US$/m3),_T,Total,_T,All age ranges or no breakdown by age,_T,Total,USD_M3,US dollars per cubic metre,_Z,Not Applicable,_Z,Not Applicable,_Z,Not Applicable,2007,419.2331134,WB_CLEAR,Climate and Economic Analyses for Resilience in Water (CLEAR Water),0,Units,CUR,Currency,602,CCYY,A,Normal value,PU,Public
datastructure,WB.DATA360:DS_DATA360(1.2),I,A,Annual,SYR,Syrian Arab Republic,WB_CLEAR_AQUASTAT_4554,SDG 6.4.1. Services Water Use Efficiency (US$/m3),_T,Total,_T,All age ranges or no breakdown by age,_T,Total,USD_M3,US dollars per cubic metre,_Z,Not Applicable,_Z,Not Applicable,_Z,Not Applicable,2007,11.84904855,WB_CLEAR,Climate and Economic Analyses for Resilience in Water (CLEAR Water),0,Units,CUR,Currency,602,CCYY,A,Normal value,PU,Public
datastructure,WB.DATA360:DS_DATA360(1.2),I,A,Annual,TJK,Tajikistan,WB_CLEAR_AQUASTAT_4554,SDG 6.4.1. Services Water Use Efficiency (US$/m3),_T,Total,_T,All age ranges or no breakdown by age,_T,Total,USD_M3,US dollars per cubic metre,_Z,Not Applicable,_Z,Not Applicable,_Z,Not Applicable,2007,3.41646157,WB_CLEAR,Climate and Economic Analyses for Resilience in Water (CLEAR Water),0,Units,CUR,Currency,602,CCYY,A,Normal value,PU,Public
datastructure,WB.DATA360:DS_DATA360(1.2),I,A,Annual,THA,Thailand,WB_CLEAR_AQUASTAT_4554,SDG 6.4.1. Services Water Use Efficiency (US$/m3),_T,Total,_T,All age ranges or no breakdown by age,_T,Total,USD_M3,US dollars per cubic metre,_Z,Not Applicable,_Z,Not Applicable,_Z,Not Applicable,2007,62.99045037,WB_CLEAR,Climate and Economic Analyses for Resilience in Water (CLEAR Water),0,Units,CUR,Currency,602,CCYY,A,Normal value,PU,Public
datastructure,WB.DATA360:DS_DATA360(1.2),I,A,Annual,TLS,Timor-Leste,WB_CLEAR_AQUASTAT_4554,SDG 6.4.1. Services Water Use Efficiency (US$/m3),_T,Total,_T,All age ranges or no breakdown by age,_T,Total,USD_M3,US dollars per cubic metre,_Z,Not Applicable,_Z,Not Applicable,_Z,Not Applicable,2007,6.234110887,WB_CLEAR,Climate and Economic Analyses for Resilience in Water (CLEAR Water),0,Units,CUR,Currency,602,CCYY,A,Normal value,PU,Public
datastructure,WB.DATA360:DS_DATA360(1.2),I,A,Annual,TGO,Togo,WB_CLEAR_AQUASTAT_4554,SDG 6.4.1. Services Water Use Efficiency (US$/m3),_T,Total,_T,All age ranges or no breakdown by age,_T,Total,USD_M3,US dollars per cubic metre,_Z,Not Applicable,_Z,Not Applicable,_Z,Not Applicable,2007,8.817916175,WB_CLEAR,Climate and Economic Analyses for Resilience in Water (CLEAR Water),0,Units,CUR,Currency,602,CCYY,A,Normal value,PU,Public
datastructure,WB.DATA360:DS_DATA360(1.2),I,A,Annual,TTO,Trinidad and Tobago,WB_CLEAR_AQUASTAT_4554,SDG 6.4.1. Services Water Use Efficiency (US$/m3),_T,Total,_T,All age ranges or no breakdown by age,_T,Total,USD_M3,US dollars per cubic metre,_Z,Not Applicable,_Z,Not Applicable,_Z,Not Applicable,2007,48.54088135,WB_CLEAR,Climate and Economic Analyses for Resilience in Water (CLEAR Water),0,Units,CUR,Currency,602,CCYY,A,Normal value,PU,Public
datastructure,WB.DATA360:DS_DATA360(1.2),I,A,Annual,TUN,Tunisia,WB_CLEAR_AQUASTAT_4554,SDG 6.4.1. Services Water Use Efficiency (US$/m3),_T,Total,_T,All age ranges or no breakdown by age,_T,Total,USD_M3,US dollars per cubic metre,_Z,Not Applicable,_Z,Not Applicable,_Z,Not Applicable,2007,44.69809518,WB_CLEAR,Climate and Economic Analyses for Resilience in Water (CLEAR Water),0,Units,CUR,Currency,602,CCYY,A,Normal value,PU,Public
datastructure,WB.DATA360:DS_DATA360(1.2),I,A,Annual,TUR,Turkiye,WB_CLEAR_AQUASTAT_4554,SDG 6.4.1. Services Water Use Efficiency (US$/m3),_T,Total,_T,All age ranges or no breakdown by age,_T,Total,USD_M3,US dollars per cubic metre,_Z,Not Applicable,_Z,Not Applicable,_Z,Not Applicable,2007,68.13186818,WB_CLEAR,Climate and Economic Analyses for Resilience in Water (CLEAR Water),0,Units,CUR,Currency,602,CCYY,A,Normal value,PU,Public
datastructure,WB.DATA360:DS_DATA360(1.2),I,A,Annual,TKM,Turkmenistan,WB_CLEAR_AQUASTAT_4554,SDG 6.4.1. Services Water Use Efficiency (US$/m3),_T,Total,_T,All age ranges or no breakdown by age,_T,Total,USD_M3,US dollars per cubic metre,_Z,Not Applicable,_Z,Not Applicable,_Z,Not Applicable,2007,9.608028158,WB_CLEAR,Climate and Economic Analyses for Resilience in Water (CLEAR Water),0,Units,CUR,Currency,602,CCYY,A,Normal value,PU,Public
datastructure,WB.DATA360:DS_DATA360(1.2),I,A,Annual,UGA,Uganda,WB_CLEAR_AQUASTAT_4554,SDG 6.4.1. Services Water Use Efficiency (US$/m3),_T,Total,_T,All age ranges or no breakdown by age,_T,Total,USD_M3,US dollars per cubic metre,_Z,Not Applicable,_Z,Not Applicable,_Z,Not Applicable,2007,27.36849402,WB_CLEAR,Climate and Economic Analyses for Resilience in Water (CLEAR Water),0,Units,CUR,Currency,602,CCYY,A,Normal value,PU,Public
datastructure,WB.DATA360:DS_DATA360(1.2),I,A,Annual,UKR,Ukraine,WB_CLEAR_AQUASTAT_4554,SDG 6.4.1. Services Water Use Efficiency (US$/m3),_T,Total,_T,All age ranges or no breakdown by age,_T,Total,USD_M3,US dollars per cubic metre,_Z,Not Applicable,_Z,Not Applicable,_Z,Not Applicable,2007,19.68085597,WB_CLEAR,Climate and Economic Analyses for Resilience in Water (CLEAR Water),0,Units,CUR,Currency,602,CCYY,A,Normal value,PU,Public
datastructure,WB.DATA360:DS_DATA360(1.2),I,A,Annual,ARE,United Arab Emirates,WB_CLEAR_AQUASTAT_4554,SDG 6.4.1. Services Water Use Efficiency (US$/m3),_T,Total,_T,All age ranges or no breakdown by age,_T,Total,USD_M3,US dollars per cubic metre,_Z,Not Applicable,_Z,Not Applicable,_Z,Not Applicable,2007,159.858647,WB_CLEAR,Climate and Economic Analyses for Resilience in Water (CLEAR Water),0,Units,CUR,Currency,602,CCYY,A,Normal value,PU,Public
datastructure,WB.DATA360:DS_DATA360(1.2),I,A,Annual,GBR,United Kingdom,WB_CLEAR_AQUASTAT_4554,SDG 6.4.1. Services Water Use Efficiency (US$/m3),_T,Total,_T,All age ranges or no breakdown by age,_T,Total,USD_M3,US dollars per cubic metre,_Z,Not Applicable,_Z,Not Applicable,_Z,Not Applicable,2007,327.0941224,WB_CLEAR,Climate and Economic Analyses for Resilience in Water (CLEAR Water),0,Units,CUR,Currency,602,CCYY,A,Normal value,PU,Public
datastructure,WB.DATA360:DS_DATA360(1.2),I,A,Annual,TZA,Tanzania,WB_CLEAR_AQUASTAT_4554,SDG 6.4.1. Services Water Use Efficiency (US$/m3),_T,Total,_T,All age ranges or no breakdown by age,_T,Total,USD_M3,US dollars per cubic metre,_Z,Not Applicable,_Z,Not Applicable,_Z,Not Applicable,2007,26.96192936,WB_CLEAR,Climate and Economic Analyses for Resilience in Water (CLEAR Water),0,Units,CUR,Currency,602,CCYY,A,Normal value,PU,Public
datastructure,WB.DATA360:DS_DATA360(1.2),I,A,Annual,URY,Uruguay,WB_CLEAR_AQUASTAT_4554,SDG 6.4.1. Services Water Use Efficiency (US$/m3),_T,Total,_T,All age ranges or no breakdown by age,_T,Total,USD_M3,US dollars per cubic metre,_Z,Not Applicable,_Z,Not Applicable,_Z,Not Applicable,2007,54.91846202,WB_CLEAR,Climate and Economic Analyses for Resilience in Water (CLEAR Water),0,Units,CUR,Currency,602,CCYY,A,Normal value,PU,Public
datastructure,WB.DATA360:DS_DATA360(1.2),I,A,Annual,UZB,Uzbekistan,WB_CLEAR_AQUASTAT_4554,SDG 6.4.1. Services Water Use Efficiency (US$/m3),_T,Total,_T,All age ranges or no breakdown by age,_T,Total,USD_M3,US dollars per cubic metre,_Z,Not Applicable,_Z,Not Applicable,_Z,Not Applicable,2007,4.271450934,WB_CLEAR,Climate and Economic Analyses for Resilience in Water (CLEAR Water),0,Units,CUR,Currency,602,CCYY,A,Normal value,PU,Public
datastructure,WB.DATA360:DS_DATA360(1.2),I,A,Annual,VEN,"Venezuela, RB",WB_CLEAR_AQUASTAT_4554,SDG 6.4.1. Services Water Use Efficiency (US$/m3),_T,Total,_T,All age ranges or no breakdown by age,_T,Total,USD_M3,US dollars per cubic metre,_Z,Not Applicable,_Z,Not Applicable,_Z,Not Applicable,2007,28.72644195,WB_CLEAR,Climate and Economic Analyses for Resilience in Water (CLEAR Water),0,Units,CUR,Currency,602,CCYY,A,Normal value,PU,Public
datastructure,WB.DATA360:DS_DATA360(1.2),I,A,Annual,VNM,Viet Nam,WB_CLEAR_AQUASTAT_4554,SDG 6.4.1. Services Water Use Efficiency (US$/m3),_T,Total,_T,All age ranges or no breakdown by age,_T,Total,USD_M3,US dollars per cubic metre,_Z,Not Applicable,_Z,Not Applicable,_Z,Not Applicable,2007,47.28367108,WB_CLEAR,Climate and Economic Analyses for Resilience in Water (CLEAR Water),0,Units,CUR,Currency,602,CCYY,A,Normal value,PU,Public
datastructure,WB.DATA360:DS_DATA360(1.2),I,A,Annual,YEM,"Yemen, Rep.",WB_CLEAR_AQUASTAT_4554,SDG 6.4.1. Services Water Use Efficiency (US$/m3),_T,Total,_T,All age ranges or no breakdown by age,_T,Total,USD_M3,US dollars per cubic metre,_Z,Not Applicable,_Z,Not Applicable,_Z,Not Applicable,2007,79.71429886,WB_CLEAR,Climate and Economic Analyses for Resilience in Water (CLEAR Water),0,Units,CUR,Currency,602,CCYY,A,Normal value,PU,Public
datastructure,WB.DATA360:DS_DATA360(1.2),I,A,Annual,ZMB,Zambia,WB_CLEAR_AQUASTAT_4554,SDG 6.4.1. Services Water Use Efficiency (US$/m3),_T,Total,_T,All age ranges or no breakdown by age,_T,Total,USD_M3,US dollars per cubic metre,_Z,Not Applicable,_Z,Not Applicable,_Z,Not Applicable,2007,22.61201079,WB_CLEAR,Climate and Economic Analyses for Resilience in Water (CLEAR Water),0,Units,CUR,Currency,602,CCYY,A,Normal value,PU,Public
datastructure,WB.DATA360:DS_DATA360(1.2),I,A,Annual,ZWE,Zimbabwe,WB_CLEAR_AQUASTAT_4554,SDG 6.4.1. Services Water Use Efficiency (US$/m3),_T,Total,_T,All age ranges or no breakdown by age,_T,Total,USD_M3,US dollars per cubic metre,_Z,Not Applicable,_Z,Not Applicable,_Z,Not Applicable,2007,8.137429997,WB_CLEAR,Climate and Economic Analyses for Resilience in Water (CLEAR Water),0,Units,CUR,Currency,602,CCYY,A,Normal value,PU,Public
datastructure,WB.DATA360:DS_DATA360(1.2),I,A,Annual,USA,United States,WB_CLEAR_AQUASTAT_4554,SDG 6.4.1. Services Water Use Efficiency (US$/m3),_T,Total,_T,All age ranges or no breakdown by age,_T,Total,USD_M3,US dollars per cubic metre,_Z,Not Applicable,_Z,Not Applicable,_Z,Not Applicable,2007,201.7822763,WB_CLEAR,Climate and Economic Analyses for Resilience in Water (CLEAR Water),0,Units,CUR,Currency,602,CCYY,A,Normal value,PU,Public
datastructure,WB.DATA360:DS_DATA360(1.2),I,A,Annual,CMR,Cameroon,WB_CLEAR_AQUASTAT_4554,SDG 6.4.1. Services Water Use Efficiency (US$/m3),_T,Total,_T,All age ranges or no breakdown by age,_T,Total,USD_M3,US dollars per cubic metre,_Z,Not Applicable,_Z,Not Applicable,_Z,Not Applicable,2007,45.71634962,WB_CLEAR,Climate and Economic Analyses for Resilience in Water (CLEAR Water),0,Units,CUR,Currency,602,CCYY,A,Normal value,PU,Public
datastructure,WB.DATA360:DS_DATA360(1.2),I,A,Annual,CAF,Central African Republic,WB_CLEAR_AQUASTAT_4554,SDG 6.4.1. Services Water Use Efficiency (US$/m3),_T,Total,_T,All age ranges or no breakdown by age,_T,Total,USD_M3,US dollars per cubic metre,_Z,Not Applicable,_Z,Not Applicable,_Z,Not Applicable,2007,12.06289972,WB_CLEAR,Climate and Economic Analyses for Resilience in Water (CLEAR Water),0,Units,CUR,Currency,602,CCYY,A,Normal value,PU,Public
datastructure,WB.DATA360:DS_DATA360(1.2),I,A,Annual,TCD,Chad,WB_CLEAR_AQUASTAT_4554,SDG 6.4.1. Services Water Use Efficiency (US$/m3),_T,Total,_T,All age ranges or no breakdown by age,_T,Total,USD_M3,US dollars per cubic metre,_Z,Not Applicable,_Z,Not Applicable,_Z,Not Applicable,2007,26.88298949,WB_CLEAR,Climate and Economic Analyses for Resilience in Water (CLEAR Water),0,Units,CUR,Currency,602,CCYY,A,Normal value,PU,Public
datastructure,WB.DATA360:DS_DATA360(1.2),I,A,Annual,CHN,China,WB_CLEAR_AQUASTAT_4554,SDG 6.4.1. Services Water Use Efficiency (US$/m3),_T,Total,_T,All age ranges or no breakdown by age,_T,Total,USD_M3,US dollars per cubic metre,_Z,Not Applicable,_Z,Not Applicable,_Z,Not Applicable,2007,34.3827269,WB_CLEAR,Climate and Economic Analyses for Resilience in Water (CLEAR Water),0,Units,CUR,Currency,602,CCYY,A,Normal value,PU,Public
datastructure,WB.DATA360:DS_DATA360(1.2),I,A,Annual,COL,Colombia,WB_CLEAR_AQUASTAT_4554,SDG 6.4.1. Services Water Use Efficiency (US$/m3),_T,Total,_T,All age ranges or no breakdown by age,_T,Total,USD_M3,US dollars per cubic metre,_Z,Not Applicable,_Z,Not Applicable,_Z,Not Applicable,2007,39.54256029,WB_CLEAR,Climate and Economic Analyses for Resilience in Water (CLEAR Water),0,Units,CUR,Currency,602,CCYY,A,Normal value,PU,Public
datastructure,WB.DATA360:DS_DATA360(1.2),I,A,Annual,COM,Comoros,WB_CLEAR_AQUASTAT_4554,SDG 6.4.1. Services Water Use Efficiency (US$/m3),_T,Total,_T,All age ranges or no breakdown by age,_T,Total,USD_M3,US dollars per cubic metre,_Z,Not Applicable,_Z,Not Applicable,_Z,Not Applicable,2007,74.27954808,WB_CLEAR,Climate and Economic Analyses for Resilience in Water (CLEAR Water),0,Units,CUR,Currency,602,CCYY,A,Normal value,PU,Public
datastructure,WB.DATA360:DS_DATA360(1.2),I,A,Annual,COG,"Congo, Rep.",WB_CLEAR_AQUASTAT_4554,SDG 6.4.1. Services Water Use Efficiency (US$/m3),_T,Total,_T,All age ranges or no breakdown by age,_T,Total,USD_M3,US dollars per cubic metre,_Z,Not Applicable,_Z,Not Applicable,_Z,Not Applicable,2007,45.08885775,WB_CLEAR,Climate and Economic Analyses for Resilience in Water (CLEAR Water),0,Units,CUR,Currency,602,CCYY,A,Normal value,PU,Public
datastructure,WB.DATA360:DS_DATA360(1.2),I,A,Annual,CRI,Costa Rica,WB_CLEAR_AQUASTAT_4554,SDG 6.4.1. Services Water Use Efficiency (US$/m3),_T,Total,_T,All age ranges or no breakdown by age,_T,Total,USD_M3,US dollars per cubic metre,_Z,Not Applicable,_Z,Not Applicable,_Z,Not Applicable,2007,39.38248937,WB_CLEAR,Climate and Economic Analyses for Resilience in Water (CLEAR Water),0,Units,CUR,Currency,602,CCYY,A,Normal value,PU,Public
datastructure,WB.DATA360:DS_DATA360(1.2),I,A,Annual,CIV,Cote d'Ivoire,WB_CLEAR_AQUASTAT_4554,SDG 6.4.1. Services Water Use Efficiency (US$/m3),_T,Total,_T,All age ranges or no breakdown by age,_T,Total,USD_M3,US dollars per cubic metre,_Z,Not Applicable,_Z,Not Applicable,_Z,Not Applicable,2007,19.3067247,WB_CLEAR,Climate and Economic Analyses for Resilience in Water (CLEAR Water),0,Units,CUR,Currency,602,CCYY,A,Normal value,PU,Public
datastructure,WB.DATA360:DS_DATA360(1.2),I,A,Annual,HRV,Croatia,WB_CLEAR_AQUASTAT_4554,SDG 6.4.1. Services Water Use Efficiency (US$/m3),_T,Total,_T,All age ranges or no breakdown by age,_T,Total,USD_M3,US dollars per cubic metre,_Z,Not Applicable,_Z,Not Applicable,_Z,Not Applicable,2007,60.48698449,WB_CLEAR,Climate and Economic Analyses for Resilience in Water (CLEAR Water),0,Units,CUR,Currency,602,CCYY,A,Normal value,PU,Public
datastructure,WB.DATA360:DS_DATA360(1.2),I,A,Annual,CUB,Cuba,WB_CLEAR_AQUASTAT_4554,SDG 6.4.1. Services Water Use Efficiency (US$/m3),_T,Total,_T,All age ranges or no breakdown by age,_T,Total,USD_M3,US dollars per cubic metre,_Z,Not Applicable,_Z,Not Applicable,_Z,Not Applicable,2007,30.72175076,WB_CLEAR,Climate and Economic Analyses for Resilience in Water (CLEAR Water),0,Units,CUR,Currency,602,CCYY,A,Normal value,PU,Public
datastructure,WB.DATA360:DS_DATA360(1.2),I,A,Annual,CYP,Cyprus,WB_CLEAR_AQUASTAT_4554,SDG 6.4.1. Services Water Use Efficiency (US$/m3),_T,Total,_T,All age ranges or no breakdown by age,_T,Total,USD_M3,US dollars per cubic metre,_Z,Not Applicable,_Z,Not Applicable,_Z,Not Applicable,2007,215.0116852,WB_CLEAR,Climate and Economic Analyses for Resilience in Water (CLEAR Water),0,Units,CUR,Currency,602,CCYY,A,Normal value,PU,Public
datastructure,WB.DATA360:DS_DATA360(1.2),I,A,Annual,CZE,Czechia,WB_CLEAR_AQUASTAT_4554,SDG 6.4.1. Services Water Use Efficiency (US$/m3),_T,Total,_T,All age ranges or no breakdown by age,_T,Total,USD_M3,US dollars per cubic metre,_Z,Not Applicable,_Z,Not Applicable,_Z,Not Applicable,2007,140.8549555,WB_CLEAR,Climate and Economic Analyses for Resilience in Water (CLEAR Water),0,Units,CUR,Currency,602,CCYY,A,Normal value,PU,Public
datastructure,WB.DATA360:DS_DATA360(1.2),I,A,Annual,PRK,"Korea, Dem. People's Rep.",WB_CLEAR_AQUASTAT_4554,SDG 6.4.1. Services Water Use Efficiency (US$/m3),_T,Total,_T,All age ranges or no breakdown by age,_T,Total,USD_M3,US dollars per cubic metre,_Z,Not Applicable,_Z,Not Applicable,_Z,Not Applicable,2007,6.643842782,WB_CLEAR,Climate and Economic Analyses for Resilience in Water (CLEAR Water),0,Units,CUR,Currency,602,CCYY,A,Normal value,PU,Public
datastructure,WB.DATA360:DS_DATA360(1.2),I,A,Annual,COD,"Congo, Dem. Rep.",WB_CLEAR_AQUASTAT_4554,SDG 6.4.1. Services Water Use Efficiency (US$/m3),_T,Total,_T,All age ranges or no breakdown by age,_T,Total,USD_M3,US dollars per cubic metre,_Z,Not Applicable,_Z,Not Applicable,_Z,Not Applicable,2007,21.47240583,WB_CLEAR,Climate and Economic Analyses for Resilience in Water (CLEAR Water),0,Units,CUR,Currency,602,CCYY,A,Normal value,PU,Public
datastructure,WB.DATA360:DS_DATA360(1.2),I,A,Annual,DNK,Denmark,WB_CLEAR_AQUASTAT_4554,SDG 6.4.1. Services Water Use Efficiency (US$/m3),_T,Total,_T,All age ranges or no breakdown by age,_T,Total,USD_M3,US dollars per cubic metre,_Z,Not Applicable,_Z,Not Applicable,_Z,Not Applicable,2007,454.8979495,WB_CLEAR,Climate and Economic Analyses for Resilience in Water (CLEAR Water),0,Units,CUR,Currency,602,CCYY,A,Normal value,PU,Public
datastructure,WB.DATA360:DS_DATA360(1.2),I,A,Annual,DJI,Djibouti,WB_CLEAR_AQUASTAT_4554,SDG 6.4.1. Services Water Use Efficiency (US$/m3),_T,Total,_T,All age ranges or no breakdown by age,_T,Total,USD_M3,US dollars per cubic metre,_Z,Not Applicable,_Z,Not Applicable,_Z,Not Applicable,2007,51.20620259,WB_CLEAR,Climate and Economic Analyses for Resilience in Water (CLEAR Water),0,Units,CUR,Currency,602,CCYY,A,Normal value,PU,Public
datastructure,WB.DATA360:DS_DATA360(1.2),I,A,Annual,DOM,Dominican Republic,WB_CLEAR_AQUASTAT_4554,SDG 6.4.1. Services Water Use Efficiency (US$/m3),_T,Total,_T,All age ranges or no breakdown by age,_T,Total,USD_M3,US dollars per cubic metre,_Z,Not Applicable,_Z,Not Applicable,_Z,Not Applicable,2007,36.3440849,WB_CLEAR,Climate and Economic Analyses for Resilience in Water (CLEAR Water),0,Units,CUR,Currency,602,CCYY,A,Normal value,PU,Public
datastructure,WB.DATA360:DS_DATA360(1.2),I,A,Annual,ECU,Ecuador,WB_CLEAR_AQUASTAT_4554,SDG 6.4.1. Services Water Use Efficiency (US$/m3),_T,Total,_T,All age ranges or no breakdown by age,_T,Total,USD_M3,US dollars per cubic metre,_Z,Not Applicable,_Z,Not Applicable,_Z,Not Applicable,2007,29.26986278,WB_CLEAR,Climate and Economic Analyses for Resilience in Water (CLEAR Water),0,Units,CUR,Currency,602,CCYY,A,Normal value,PU,Public
datastructure,WB.DATA360:DS_DATA360(1.2),I,A,Annual,EGY,"Egypt, Arab Rep.",WB_CLEAR_AQUASTAT_4554,SDG 6.4.1. Services Water Use Efficiency (US$/m3),_T,Total,_T,All age ranges or no breakdown by age,_T,Total,USD_M3,US dollars per cubic metre,_Z,Not Applicable,_Z,Not Applicable,_Z,Not Applicable,2007,14.53949897,WB_CLEAR,Climate and Economic Analyses for Resilience in Water (CLEAR Water),0,Units,CUR,Currency,602,CCYY,A,Normal value,PU,Public
datastructure,WB.DATA360:DS_DATA360(1.2),I,A,Annual,SLV,El Salvador,WB_CLEAR_AQUASTAT_4554,SDG 6.4.1. Services Water Use Efficiency (US$/m3),_T,Total,_T,All age ranges or no breakdown by age,_T,Total,USD_M3,US dollars per cubic metre,_Z,Not Applicable,_Z,Not Applicable,_Z,Not Applicable,2007,28.28756746,WB_CLEAR,Climate and Economic Analyses for Resilience in Water (CLEAR Water),0,Units,CUR,Currency,602,CCYY,A,Normal value,PU,Public
datastructure,WB.DATA360:DS_DATA360(1.2),I,A,Annual,GNQ,Equatorial Guinea,WB_CLEAR_AQUASTAT_4554,SDG 6.4.1. Services Water Use Efficiency (US$/m3),_T,Total,_T,All age ranges or no breakdown by age,_T,Total,USD_M3,US dollars per cubic metre,_Z,Not Applicable,_Z,Not Applicable,_Z,Not Applicable,2007,134.8567877,WB_CLEAR,Climate and Economic Analyses for Resilience in Water (CLEAR Water),0,Units,CUR,Currency,602,CCYY,A,Normal value,PU,Public
datastructure,WB.DATA360:DS_DATA360(1.2),I,A,Annual,ERI,Eritrea,WB_CLEAR_AQUASTAT_4554,SDG 6.4.1. Services Water Use Efficiency (US$/m3),_T,Total,_T,All age ranges or no breakdown by age,_T,Total,USD_M3,US dollars per cubic metre,_Z,Not Applicable,_Z,Not Applicable,_Z,Not Applicable,2007,37.56806538,WB_CLEAR,Climate and Economic Analyses for Resilience in Water (CLEAR Water),0,Units,CUR,Currency,602,CCYY,A,Normal value,PU,Public
datastructure,WB.DATA360:DS_DATA360(1.2),I,A,Annual,EST,Estonia,WB_CLEAR_AQUASTAT_4554,SDG 6.4.1. Services Water Use Efficiency (US$/m3),_T,Total,_T,All age ranges or no breakdown by age,_T,Total,USD_M3,US dollars per cubic metre,_Z,Not Applicable,_Z,Not Applicable,_Z,Not Applicable,2007,198.6303672,WB_CLEAR,Climate and Economic Analyses for Resilience in Water (CLEAR Water),0,Units,CUR,Currency,602,CCYY,A,Normal value,PU,Public
datastructure,WB.DATA360:DS_DATA360(1.2),I,A,Annual,SWZ,Eswatini,WB_CLEAR_AQUASTAT_4554,SDG 6.4.1. Services Water Use Efficiency (US$/m3),_T,Total,_T,All age ranges or no breakdown by age,_T,Total,USD_M3,US dollars per cubic metre,_Z,Not Applicable,_Z,Not Applicable,_Z,Not Applicable,2007,38.65861812,WB_CLEAR,Climate and Economic Analyses for Resilience in Water (CLEAR Water),0,Units,CUR,Currency,602,CCYY,A,Normal value,PU,Public
datastructure,WB.DATA360:DS_DATA360(1.2),I,A,Annual,ETH,Ethiopia,WB_CLEAR_AQUASTAT_4554,SDG 6.4.1. Services Water Use Efficiency (US$/m3),_T,Total,_T,All age ranges or no breakdown by age,_T,Total,USD_M3,US dollars per cubic metre,_Z,Not Applicable,_Z,Not Applicable,_Z,Not Applicable,2007,14.14396162,WB_CLEAR,Climate and Economic Analyses for Resilience in Water (CLEAR Water),0,Units,CUR,Currency,602,CCYY,A,Normal value,PU,Public
datastructure,WB.DATA360:DS_DATA360(1.2),I,A,Annual,FJI,Fiji,WB_CLEAR_AQUASTAT_4554,SDG 6.4.1. Services Water Use Efficiency (US$/m3),_T,Total,_T,All age ranges or no breakdown by age,_T,Total,USD_M3,US dollars per cubic metre,_Z,Not Applicable,_Z,Not Applicable,_Z,Not Applicable,2007,80.02864133,WB_CLEAR,Climate and Economic Analyses for Resilience in Water (CLEAR Water),0,Units,CUR,Currency,602,CCYY,A,Normal value,PU,Public
datastructure,WB.DATA360:DS_DATA360(1.2),I,A,Annual,AFG,Afghanistan,WB_CLEAR_AQUASTAT_4554,SDG 6.4.1. Services Water Use Efficiency (US$/m3),_T,Total,_T,All age ranges or no breakdown by age,_T,Total,USD_M3,US dollars per cubic metre,_Z,Not Applicable,_Z,Not Applicable,_Z,Not Applicable,2007,26.87668276,WB_CLEAR,Climate and Economic Analyses for Resilience in Water (CLEAR Water),0,Units,CUR,Currency,602,CCYY,A,Normal value,PU,Public
datastructure,WB.DATA360:DS_DATA360(1.2),I,A,Annual,ALB,Albania,WB_CLEAR_AQUASTAT_4554,SDG 6.4.1. Services Water Use Efficiency (US$/m3),_T,Total,_T,All age ranges or no breakdown by age,_T,Total,USD_M3,US dollars per cubic metre,_Z,Not Applicable,_Z,Not Applicable,_Z,Not Applicable,2007,8.459789073,WB_CLEAR,Climate and Economic Analyses for Resilience in Water (CLEAR Water),0,Units,CUR,Currency,602,CCYY,A,Normal value,PU,Public
datastructure,WB.DATA360:DS_DATA360(1.2),I,A,Annual,DZA,Algeria,WB_CLEAR_AQUASTAT_4554,SDG 6.4.1. Services Water Use Efficiency (US$/m3),_T,Total,_T,All age ranges or no breakdown by age,_T,Total,USD_M3,US dollars per cubic metre,_Z,Not Applicable,_Z,Not Applicable,_Z,Not Applicable,2007,18.02535497,WB_CLEAR,Climate and Economic Analyses for Resilience in Water (CLEAR Water),0,Units,CUR,Currency,602,CCYY,A,Normal value,PU,Public
datastructure,WB.DATA360:DS_DATA360(1.2),I,A,Annual,AGO,Angola,WB_CLEAR_AQUASTAT_4554,SDG 6.4.1. Services Water Use Efficiency (US$/m3),_T,Total,_T,All age ranges or no breakdown by age,_T,Total,USD_M3,US dollars per cubic metre,_Z,Not Applicable,_Z,Not Applicable,_Z,Not Applicable,2007,88.57379172,WB_CLEAR,Climate and Economic Analyses for Resilience in Water (CLEAR Water),0,Units,CUR,Currency,602,CCYY,A,Normal value,PU,Public
datastructure,WB.DATA360:DS_DATA360(1.2),I,A,Annual,ATG,Antigua and Barbuda,WB_CLEAR_AQUASTAT_4554,SDG 6.4.1. Services Water Use Efficiency (US$/m3),_T,Total,_T,All age ranges or no breakdown by age,_T,Total,USD_M3,US dollars per cubic metre,_Z,Not Applicable,_Z,Not Applicable,_Z,Not Applicable,2007,181.1583539,WB_CLEAR,Climate and Economic Analyses for Resilience in Water (CLEAR Water),0,Units,CUR,Currency,602,CCYY,A,Normal value,PU,Public
datastructure,WB.DATA360:DS_DATA360(1.2),I,A,Annual,ARG,Argentina,WB_CLEAR_AQUASTAT_4554,SDG 6.4.1. Services Water Use Efficiency (US$/m3),_T,Total,_T,All age ranges or no breakdown by age,_T,Total,USD_M3,US dollars per cubic metre,_Z,Not Applicable,_Z,Not Applicable,_Z,Not Applicable,2007,51.40463391,WB_CLEAR,Climate and Economic Analyses for Resilience in Water (CLEAR Water),0,Units,CUR,Currency,602,CCYY,A,Normal value,PU,Public
datastructure,WB.DATA360:DS_DATA360(1.2),I,A,Annual,ARM,Armenia,WB_CLEAR_AQUASTAT_4554,SDG 6.4.1. Services Water Use Efficiency (US$/m3),_T,Total,_T,All age ranges or no breakdown by age,_T,Total,USD_M3,US dollars per cubic metre,_Z,Not Applicable,_Z,Not Applicable,_Z,Not Applicable,2007,4.358796526,WB_CLEAR,Climate and Economic Analyses for Resilience in Water (CLEAR Water),0,Units,CUR,Currency,602,CCYY,A,Normal value,PU,Public
datastructure,WB.DATA360:DS_DATA360(1.2),I,A,Annual,AUS,Australia,WB_CLEAR_AQUASTAT_4554,SDG 6.4.1. Services Water Use Efficiency (US$/m3),_T,Total,_T,All age ranges or no breakdown by age,_T,Total,USD_M3,US dollars per cubic metre,_Z,Not Applicable,_Z,Not Applicable,_Z,Not Applicable,2007,163.5580642,WB_CLEAR,Climate and Economic Analyses for Resilience in Water (CLEAR Water),0,Units,CUR,Currency,602,CCYY,A,Normal value,PU,Public
datastructure,WB.DATA360:DS_DATA360(1.2),I,A,Annual,AUT,Austria,WB_CLEAR_AQUASTAT_4554,SDG 6.4.1. Services Water Use Efficiency (US$/m3),_T,Total,_T,All age ranges or no breakdown by age,_T,Total,USD_M3,US dollars per cubic metre,_Z,Not Applicable,_Z,Not Applicable,_Z,Not Applicable,2007,374.9090296,WB_CLEAR,Climate and Economic Analyses for Resilience in Water (CLEAR Water),0,Units,CUR,Currency,602,CCYY,A,Normal value,PU,Public
datastructure,WB.DATA360:DS_DATA360(1.2),I,A,Annual,AZE,Azerbaijan,WB_CLEAR_AQUASTAT_4554,SDG 6.4.1. Services Water Use Efficiency (US$/m3),_T,Total,_T,All age ranges or no breakdown by age,_T,Total,USD_M3,US dollars per cubic metre,_Z,Not Applicable,_Z,Not Applicable,_Z,Not Applicable,2018,46.60428122,WB_CLEAR,Climate and Economic Analyses for Resilience in Water (CLEAR Water),0,Units,CUR,Currency,602,CCYY,A,Normal value,PU,Public
datastructure,WB.DATA360:DS_DATA360(1.2),I,A,Annual,BHS,"Bahamas, The",WB_CLEAR_AQUASTAT_4554,SDG 6.4.1. Services Water Use Efficiency (US$/m3),_T,Total,_T,All age ranges or no breakdown by age,_T,Total,USD_M3,US dollars per cubic metre,_Z,Not Applicable,_Z,Not Applicable,_Z,Not Applicable,2018,298.8951347,WB_CLEAR,Climate and Economic Analyses for Resilience in Water (CLEAR Water),0,Units,CUR,Currency,602,CCYY,A,Normal value,PU,Public
datastructure,WB.DATA360:DS_DATA360(1.2),I,A,Annual,BHR,Bahrain,WB_CLEAR_AQUASTAT_4554,SDG 6.4.1. Services Water Use Efficiency (US$/m3),_T,Total,_T,All age ranges or no breakdown by age,_T,Total,USD_M3,US dollars per cubic metre,_Z,Not Applicable,_Z,Not Applicable,_Z,Not Applicable,2018,71.11479805,WB_CLEAR,Climate and Economic Analyses for Resilience in Water (CLEAR Water),0,Units,CUR,Currency,602,CCYY,A,Normal value,PU,Public
datastructure,WB.DATA360:DS_DATA360(1.2),I,A,Annual,BGD,Bangladesh,WB_CLEAR_AQUASTAT_4554,SDG 6.4.1. Services Water Use Efficiency (US$/m3),_T,Total,_T,All age ranges or no breakdown by age,_T,Total,USD_M3,US dollars per cubic metre,_Z,Not Applicable,_Z,Not Applicable,_Z,Not Applicable,2018,36.3335161,WB_CLEAR,Climate and Economic Analyses for Resilience in Water (CLEAR Water),0,Units,CUR,Currency,602,CCYY,A,Normal value,PU,Public
datastructure,WB.DATA360:DS_DATA360(1.2),I,A,Annual,BRB,Barbados,WB_CLEAR_AQUASTAT_4554,SDG 6.4.1. Services Water Use Efficiency (US$/m3),_T,Total,_T,All age ranges or no breakdown by age,_T,Total,USD_M3,US dollars per cubic metre,_Z,Not Applicable,_Z,Not Applicable,_Z,Not Applicable,2018,182.8553454,WB_CLEAR,Climate and Economic Analyses for Resilience in Water (CLEAR Water),0,Units,CUR,Currency,602,CCYY,A,Normal value,PU,Public
datastructure,WB.DATA360:DS_DATA360(1.2),I,A,Annual,BLR,Belarus,WB_CLEAR_AQUASTAT_4554,SDG 6.4.1. Services Water Use Efficiency (US$/m3),_T,Total,_T,All age ranges or no breakdown by age,_T,Total,USD_M3,US dollars per cubic metre,_Z,Not Applicable,_Z,Not Applicable,_Z,Not Applicable,2018,56.01192628,WB_CLEAR,Climate and Economic Analyses for Resilience in Water (CLEAR Water),0,Units,CUR,Currency,602,CCYY,A,Normal value,PU,Public
datastructure,WB.DATA360:DS_DATA360(1.2),I,A,Annual,BEL,Belgium,WB_CLEAR_AQUASTAT_4554,SDG 6.4.1. Services Water Use Efficiency (US$/m3),_T,Total,_T,All age ranges or no breakdown by age,_T,Total,USD_M3,US dollars per cubic metre,_Z,Not Applicable,_Z,Not Applicable,_Z,Not Applicable,2018,468.4958525,WB_CLEAR,Climate and Economic Analyses for Resilience in Water (CLEAR Water),0,Units,CUR,Currency,602,CCYY,A,Normal value,PU,Public
datastructure,WB.DATA360:DS_DATA360(1.2),I,A,Annual,BLZ,Belize,WB_CLEAR_AQUASTAT_4554,SDG 6.4.1. Services Water Use Efficiency (US$/m3),_T,Total,_T,All age ranges or no breakdown by age,_T,Total,USD_M3,US dollars per cubic metre,_Z,Not Applicable,_Z,Not Applicable,_Z,Not Applicable,2018,107.7338591,WB_CLEAR,Climate and Economic Analyses for Resilience in Water (CLEAR Water),0,Units,CUR,Currency,602,CCYY,A,Normal value,PU,Public
datastructure,WB.DATA360:DS_DATA360(1.2),I,A,Annual,BEN,Benin,WB_CLEAR_AQUASTAT_4554,SDG 6.4.1. Services Water Use Efficiency (US$/m3),_T,Total,_T,All age ranges or no breakdown by age,_T,Total,USD_M3,US dollars per cubic metre,_Z,Not Applicable,_Z,Not Applicable,_Z,Not Applicable,2018,32.05205247,WB_CLEAR,Climate and Economic Analyses for Resilience in Water (CLEAR Water),0,Units,CUR,Currency,602,CCYY,A,Normal value,PU,Public
datastructure,WB.DATA360:DS_DATA360(1.2),I,A,Annual,BTN,Bhutan,WB_CLEAR_AQUASTAT_4554,SDG 6.4.1. Services Water Use Efficiency (US$/m3),_T,Total,_T,All age ranges or no breakdown by age,_T,Total,USD_M3,US dollars per cubic metre,_Z,Not Applicable,_Z,Not Applicable,_Z,Not Applicable,2018,76.15817051,WB_CLEAR,Climate and Economic Analyses for Resilience in Water (CLEAR Water),0,Units,CUR,Currency,602,CCYY,A,Normal value,PU,Public
datastructure,WB.DATA360:DS_DATA360(1.2),I,A,Annual,FIN,Finland,WB_CLEAR_AQUASTAT_4554,SDG 6.4.1. Services Water Use Efficiency (US$/m3),_T,Total,_T,All age ranges or no breakdown by age,_T,Total,USD_M3,US dollars per cubic metre,_Z,Not Applicable,_Z,Not Applicable,_Z,Not Applicable,2018,393.0752818,WB_CLEAR,Climate and Economic Analyses for Resilience in Water (CLEAR Water),0,Units,CUR,Currency,602,CCYY,A,Normal value,PU,Public
datastructure,WB.DATA360:DS_DATA360(1.2),I,A,Annual,FRA,France,WB_CLEAR_AQUASTAT_4554,SDG 6.4.1. Services Water Use Efficiency (US$/m3),_T,Total,_T,All age ranges or no breakdown by age,_T,Total,USD_M3,US dollars per cubic metre,_Z,Not Applicable,_Z,Not Applicable,_Z,Not Applicable,2018,343.8649552,WB_CLEAR,Climate and Economic Analyses for Resilience in Water (CLEAR Water),0,Units,CUR,Currency,602,CCYY,A,Normal value,PU,Public
datastructure,WB.DATA360:DS_DATA360(1.2),I,A,Annual,GAB,Gabon,WB_CLEAR_AQUASTAT_4554,SDG 6.4.1. Services Water Use Efficiency (US$/m3),_T,Total,_T,All age ranges or no breakdown by age,_T,Total,USD_M3,US dollars per cubic metre,_Z,Not Applicable,_Z,Not Applicable,_Z,Not Applicable,2018,76.71522435,WB_CLEAR,Climate and Economic Analyses for Resilience in Water (CLEAR Water),0,Units,CUR,Currency,602,CCYY,A,Normal value,PU,Public
datastructure,WB.DATA360:DS_DATA360(1.2),I,A,Annual,GMB,"Gambia, The",WB_CLEAR_AQUASTAT_4554,SDG 6.4.1. Services Water Use Efficiency (US$/m3),_T,Total,_T,All age ranges or no breakdown by age,_T,Total,USD_M3,US dollars per cubic metre,_Z,Not Applicable,_Z,Not Applicable,_Z,Not Applicable,2018,21.98811236,WB_CLEAR,Climate and Economic Analyses for Resilience in Water (CLEAR Water),0,Units,CUR,Currency,602,CCYY,A,Normal value,PU,Public
datastructure,WB.DATA360:DS_DATA360(1.2),I,A,Annual,GEO,Georgia,WB_CLEAR_AQUASTAT_4554,SDG 6.4.1. Services Water Use Efficiency (US$/m3),_T,Total,_T,All age ranges or no breakdown by age,_T,Total,USD_M3,US dollars per cubic metre,_Z,Not Applicable,_Z,Not Applicable,_Z,Not Applicable,2018,17.13517162,WB_CLEAR,Climate and Economic Analyses for Resilience in Water (CLEAR Water),0,Units,CUR,Currency,602,CCYY,A,Normal value,PU,Public
datastructure,WB.DATA360:DS_DATA360(1.2),I,A,Annual,GHA,Ghana,WB_CLEAR_AQUASTAT_4554,SDG 6.4.1. Services Water Use Efficiency (US$/m3),_T,Total,_T,All age ranges or no breakdown by age,_T,Total,USD_M3,US dollars per cubic metre,_Z,Not Applicable,_Z,Not Applicable,_Z,Not Applicable,2018,87.59550046,WB_CLEAR,Climate and Economic Analyses for Resilience in Water (CLEAR Water),0,Units,CUR,Currency,602,CCYY,A,Normal value,PU,Public
datastructure,WB.DATA360:DS_DATA360(1.2),I,A,Annual,GRC,Greece,WB_CLEAR_AQUASTAT_4554,SDG 6.4.1. Services Water Use Efficiency (US$/m3),_T,Total,_T,All age ranges or no breakdown by age,_T,Total,USD_M3,US dollars per cubic metre,_Z,Not Applicable,_Z,Not Applicable,_Z,Not Applicable,2018,86.79357859,WB_CLEAR,Climate and Economic Analyses for Resilience in Water (CLEAR Water),0,Units,CUR,Currency,602,CCYY,A,Normal value,PU,Public
datastructure,WB.DATA360:DS_DATA360(1.2),I,A,Annual,GRD,Grenada,WB_CLEAR_AQUASTAT_4554,SDG 6.4.1. Services Water Use Efficiency (US$/m3),_T,Total,_T,All age ranges or no breakdown by age,_T,Total,USD_M3,US dollars per cubic metre,_Z,Not Applicable,_Z,Not Applicable,_Z,Not Applicable,2018,64.34510772,WB_CLEAR,Climate and Economic Analyses for Resilience in Water (CLEAR Water),0,Units,CUR,Currency,602,CCYY,A,Normal value,PU,Public
datastructure,WB.DATA360:DS_DATA360(1.2),I,A,Annual,GTM,Guatemala,WB_CLEAR_AQUASTAT_4554,SDG 6.4.1. Services Water Use Efficiency (US$/m3),_T,Total,_T,All age ranges or no breakdown by age,_T,Total,USD_M3,US dollars per cubic metre,_Z,Not Applicable,_Z,Not Applicable,_Z,Not Applicable,2018,56.81152436,WB_CLEAR,Climate and Economic Analyses for Resilience in Water (CLEAR Water),0,Units,CUR,Currency,602,CCYY,A,Normal value,PU,Public
datastructure,WB.DATA360:DS_DATA360(1.2),I,A,Annual,GIN,Guinea,WB_CLEAR_AQUASTAT_4554,SDG 6.4.1. Services Water Use Efficiency (US$/m3),_T,Total,_T,All age ranges or no breakdown by age,_T,Total,USD_M3,US dollars per cubic metre,_Z,Not Applicable,_Z,Not Applicable,_Z,Not Applicable,2018,22.18127129,WB_CLEAR,Climate and Economic Analyses for Resilience in Water (CLEAR Water),0,Units,CUR,Currency,602,CCYY,A,Normal value,PU,Public
datastructure,WB.DATA360:DS_DATA360(1.2),I,A,Annual,GNB,Guinea-Bissau,WB_CLEAR_AQUASTAT_4554,SDG 6.4.1. Services Water Use Efficiency (US$/m3),_T,Total,_T,All age ranges or no breakdown by age,_T,Total,USD_M3,US dollars per cubic metre,_Z,Not Applicable,_Z,Not Applicable,_Z,Not Applicable,2018,13.48915569,WB_CLEAR,Climate and Economic Analyses for Resilience in Water (CLEAR Water),0,Units,CUR,Currency,602,CCYY,A,Normal value,PU,Public
datastructure,WB.DATA360:DS_DATA360(1.2),I,A,Annual,GUY,Guyana,WB_CLEAR_AQUASTAT_4554,SDG 6.4.1. Services Water Use Efficiency (US$/m3),_T,Total,_T,All age ranges or no breakdown by age,_T,Total,USD_M3,US dollars per cubic metre,_Z,Not Applicable,_Z,Not Applicable,_Z,Not Applicable,2018,27.40360292,WB_CLEAR,Climate and Economic Analyses for Resilience in Water (CLEAR Water),0,Units,CUR,Currency,602,CCYY,A,Normal value,PU,Public
datastructure,WB.DATA360:DS_DATA360(1.2),I,A,Annual,HTI,Haiti,WB_CLEAR_AQUASTAT_4554,SDG 6.4.1. Services Water Use Efficiency (US$/m3),_T,Total,_T,All age ranges or no breakdown by age,_T,Total,USD_M3,US dollars per cubic metre,_Z,Not Applicable,_Z,Not Applicable,_Z,Not Applicable,2018,22.59169907,WB_CLEAR,Climate and Economic Analyses for Resilience in Water (CLEAR Water),0,Units,CUR,Currency,602,CCYY,A,Normal value,PU,Public
datastructure,WB.DATA360:DS_DATA360(1.2),I,A,Annual,HND,Honduras,WB_CLEAR_AQUASTAT_4554,SDG 6.4.1. Services Water Use Efficiency (US$/m3),_T,Total,_T,All age ranges or no breakdown by age,_T,Total,USD_M3,US dollars per cubic metre,_Z,Not Applicable,_Z,Not Applicable,_Z,Not Applicable,2018,45.1449832,WB_CLEAR,Climate and Economic Analyses for Resilience in Water (CLEAR Water),0,Units,CUR,Currency,602,CCYY,A,Normal value,PU,Public
datastructure,WB.DATA360:DS_DATA360(1.2),I,A,Annual,HUN,Hungary,WB_CLEAR_AQUASTAT_4554,SDG 6.4.1. Services Water Use Efficiency (US$/m3),_T,Total,_T,All age ranges or no breakdown by age,_T,Total,USD_M3,US dollars per cubic metre,_Z,Not Applicable,_Z,Not Applicable,_Z,Not Applicable,2018,126.5438324,WB_CLEAR,Climate and Economic Analyses for Resilience in Water (CLEAR Water),0,Units,CUR,Currency,602,CCYY,A,Normal value,PU,Public
datastructure,WB.DATA360:DS_DATA360(1.2),I,A,Annual,ISL,Iceland,WB_CLEAR_AQUASTAT_4554,SDG 6.4.1. Services Water Use Efficiency (US$/m3),_T,Total,_T,All age ranges or no breakdown by age,_T,Total,USD_M3,US dollars per cubic metre,_Z,Not Applicable,_Z,Not Applicable,_Z,Not Applicable,2018,171.4054547,WB_CLEAR,Climate and Economic Analyses for Resilience in Water (CLEAR Water),0,Units,CUR,Currency,602,CCYY,A,Normal value,PU,Public
datastructure,WB.DATA360:DS_DATA360(1.2),I,A,Annual,IND,India,WB_CLEAR_AQUASTAT_4554,SDG 6.4.1. Services Water Use Efficiency (US$/m3),_T,Total,_T,All age ranges or no breakdown by age,_T,Total,USD_M3,US dollars per cubic metre,_Z,Not Applicable,_Z,Not Applicable,_Z,Not Applicable,2018,24.40020124,WB_CLEAR,Climate and Economic Analyses for Resilience in Water (CLEAR Water),0,Units,CUR,Currency,602,CCYY,A,Normal value,PU,Public
datastructure,WB.DATA360:DS_DATA360(1.2),I,A,Annual,IDN,Indonesia,WB_CLEAR_AQUASTAT_4554,SDG 6.4.1. Services Water Use Efficiency (US$/m3),_T,Total,_T,All age ranges or no breakdown by age,_T,Total,USD_M3,US dollars per cubic metre,_Z,Not Applicable,_Z,Not Applicable,_Z,Not Applicable,2018,18.75067568,WB_CLEAR,Climate and Economic Analyses for Resilience in Water (CLEAR Water),0,Units,CUR,Currency,602,CCYY,A,Normal value,PU,Public
datastructure,WB.DATA360:DS_DATA360(1.2),I,A,Annual,IRN,"Iran, Islamic Rep.",WB_CLEAR_AQUASTAT_4554,SDG 6.4.1. Services Water Use Efficiency (US$/m3),_T,Total,_T,All age ranges or no breakdown by age,_T,Total,USD_M3,US dollars per cubic metre,_Z,Not Applicable,_Z,Not Applicable,_Z,Not Applicable,2018,43.0849436,WB_CLEAR,Climate and Economic Analyses for Resilience in Water (CLEAR Water),0,Units,CUR,Currency,602,CCYY,A,Normal value,PU,Public
datastructure,WB.DATA360:DS_DATA360(1.2),I,A,Annual,IRQ,Iraq,WB_CLEAR_AQUASTAT_4554,SDG 6.4.1. Services Water Use Efficiency (US$/m3),_T,Total,_T,All age ranges or no breakdown by age,_T,Total,USD_M3,US dollars per cubic metre,_Z,Not Applicable,_Z,Not Applicable,_Z,Not Applicable,2018,78.39221535,WB_CLEAR,Climate and Economic Analyses for Resilience in Water (CLEAR Water),0,Units,CUR,Currency,602,CCYY,A,Normal value,PU,Public
datastructure,WB.DATA360:DS_DATA360(1.2),I,A,Annual,IRL,Ireland,WB_CLEAR_AQUASTAT_4554,SDG 6.4.1. Services Water Use Efficiency (US$/m3),_T,Total,_T,All age ranges or no breakdown by age,_T,Total,USD_M3,US dollars per cubic metre,_Z,Not Applicable,_Z,Not Applicable,_Z,Not Applicable,2018,237.7441151,WB_CLEAR,Climate and Economic Analyses for Resilience in Water (CLEAR Water),0,Units,CUR,Currency,602,CCYY,A,Normal value,PU,Public
datastructure,WB.DATA360:DS_DATA360(1.2),I,A,Annual,ISR,Israel,WB_CLEAR_AQUASTAT_4554,SDG 6.4.1. Services Water Use Efficiency (US$/m3),_T,Total,_T,All age ranges or no breakdown by age,_T,Total,USD_M3,US dollars per cubic metre,_Z,Not Applicable,_Z,Not Applicable,_Z,Not Applicable,2018,238.4292307,WB_CLEAR,Climate and Economic Analyses for Resilience in Water (CLEAR Water),0,Units,CUR,Currency,602,CCYY,A,Normal value,PU,Public
datastructure,WB.DATA360:DS_DATA360(1.2),I,A,Annual,ITA,Italy,WB_CLEAR_AQUASTAT_4554,SDG 6.4.1. Services Water Use Efficiency (US$/m3),_T,Total,_T,All age ranges or no breakdown by age,_T,Total,USD_M3,US dollars per cubic metre,_Z,Not Applicable,_Z,Not Applicable,_Z,Not Applicable,2018,137.6758875,WB_CLEAR,Climate and Economic Analyses for Resilience in Water (CLEAR Water),0,Units,CUR,Currency,602,CCYY,A,Normal value,PU,Public
datastructure,WB.DATA360:DS_DATA360(1.2),I,A,Annual,JAM,Jamaica,WB_CLEAR_AQUASTAT_4554,SDG 6.4.1. Services Water Use Efficiency (US$/m3),_T,Total,_T,All age ranges or no breakdown by age,_T,Total,USD_M3,US dollars per cubic metre,_Z,Not Applicable,_Z,Not Applicable,_Z,Not Applicable,2018,65.72373161,WB_CLEAR,Climate and Economic Analyses for Resilience in Water (CLEAR Water),0,Units,CUR,Currency,602,CCYY,A,Normal value,PU,Public
datastructure,WB.DATA360:DS_DATA360(1.2),I,A,Annual,JPN,Japan,WB_CLEAR_AQUASTAT_4554,SDG 6.4.1. Services Water Use Efficiency (US$/m3),_T,Total,_T,All age ranges or no breakdown by age,_T,Total,USD_M3,US dollars per cubic metre,_Z,Not Applicable,_Z,Not Applicable,_Z,Not Applicable,2018,224.9465714,WB_CLEAR,Climate and Economic Analyses for Resilience in Water (CLEAR Water),0,Units,CUR,Currency,602,CCYY,A,Normal value,PU,Public
datastructure,WB.DATA360:DS_DATA360(1.2),I,A,Annual,JOR,Jordan,WB_CLEAR_AQUASTAT_4554,SDG 6.4.1. Services Water Use Efficiency (US$/m3),_T,Total,_T,All age ranges or no breakdown by age,_T,Total,USD_M3,US dollars per cubic metre,_Z,Not Applicable,_Z,Not Applicable,_Z,Not Applicable,2018,57.66024607,WB_CLEAR,Climate and Economic Analyses for Resilience in Water (CLEAR Water),0,Units,CUR,Currency,602,CCYY,A,Normal value,PU,Public
datastructure,WB.DATA360:DS_DATA360(1.2),I,A,Annual,KAZ,Kazakhstan,WB_CLEAR_AQUASTAT_4554,SDG 6.4.1. Services Water Use Efficiency (US$/m3),_T,Total,_T,All age ranges or no breakdown by age,_T,Total,USD_M3,US dollars per cubic metre,_Z,Not Applicable,_Z,Not Applicable,_Z,Not Applicable,2018,31.3795343,WB_CLEAR,Climate and Economic Analyses for Resilience in Water (CLEAR Water),0,Units,CUR,Currency,602,CCYY,A,Normal value,PU,Public
datastructure,WB.DATA360:DS_DATA360(1.2),I,A,Annual,KEN,Kenya,WB_CLEAR_AQUASTAT_4554,SDG 6.4.1. Services Water Use Efficiency (US$/m3),_T,Total,_T,All age ranges or no breakdown by age,_T,Total,USD_M3,US dollars per cubic metre,_Z,Not Applicable,_Z,Not Applicable,_Z,Not Applicable,2018,68.94922947,WB_CLEAR,Climate and Economic Analyses for Resilience in Water (CLEAR Water),0,Units,CUR,Currency,602,CCYY,A,Normal value,PU,Public
datastructure,WB.DATA360:DS_DATA360(1.2),I,A,Annual,KWT,Kuwait,WB_CLEAR_AQUASTAT_4554,SDG 6.4.1. Services Water Use Efficiency (US$/m3),_T,Total,_T,All age ranges or no breakdown by age,_T,Total,USD_M3,US dollars per cubic metre,_Z,Not Applicable,_Z,Not Applicable,_Z,Not Applicable,2018,133.4175779,WB_CLEAR,Climate and Economic Analyses for Resilience in Water (CLEAR Water),0,Units,CUR,Currency,602,CCYY,A,Normal value,PU,Public
datastructure,WB.DATA360:DS_DATA360(1.2),I,A,Annual,KGZ,Kyrgyz Republic,WB_CLEAR_AQUASTAT_4554,SDG 6.4.1. Services Water Use Efficiency (US$/m3),_T,Total,_T,All age ranges or no breakdown by age,_T,Total,USD_M3,US dollars per cubic metre,_Z,Not Applicable,_Z,Not Applicable,_Z,Not Applicable,2018,17.29768968,WB_CLEAR,Climate and Economic Analyses for Resilience in Water (CLEAR Water),0,Units,CUR,Currency,602,CCYY,A,Normal value,PU,Public
datastructure,WB.DATA360:DS_DATA360(1.2),I,A,Annual,LAO,Lao PDR,WB_CLEAR_AQUASTAT_4554,SDG 6.4.1. Services Water Use Efficiency (US$/m3),_T,Total,_T,All age ranges or no breakdown by age,_T,Total,USD_M3,US dollars per cubic metre,_Z,Not Applicable,_Z,Not Applicable,_Z,Not Applicable,2018,70.18713227,WB_CLEAR,Climate and Economic Analyses for Resilience in Water (CLEAR Water),0,Units,CUR,Currency,602,CCYY,A,Normal value,PU,Public
datastructure,WB.DATA360:DS_DATA360(1.2),I,A,Annual,LVA,Latvia,WB_CLEAR_AQUASTAT_4554,SDG 6.4.1. Services Water Use Efficiency (US$/m3),_T,Total,_T,All age ranges or no breakdown by age,_T,Total,USD_M3,US dollars per cubic metre,_Z,Not Applicable,_Z,Not Applicable,_Z,Not Applicable,2018,222.5595725,WB_CLEAR,Climate and Economic Analyses for Resilience in Water (CLEAR Water),0,Units,CUR,Currency,602,CCYY,A,Normal value,PU,Public
datastructure,WB.DATA360:DS_DATA360(1.2),I,A,Annual,LBN,Lebanon,WB_CLEAR_AQUASTAT_4554,SDG 6.4.1. Services Water Use Efficiency (US$/m3),_T,Total,_T,All age ranges or no breakdown by age,_T,Total,USD_M3,US dollars per cubic metre,_Z,Not Applicable,_Z,Not Applicable,_Z,Not Applicable,2018,165.5549294,WB_CLEAR,Climate and Economic Analyses for Resilience in Water (CLEAR Water),0,Units,CUR,Currency,602,CCYY,A,Normal value,PU,Public
datastructure,WB.DATA360:DS_DATA360(1.2),I,A,Annual,LSO,Lesotho,WB_CLEAR_AQUASTAT_4554,SDG 6.4.1. Services Water Use Efficiency (US$/m3),_T,Total,_T,All age ranges or no breakdown by age,_T,Total,USD_M3,US dollars per cubic metre,_Z,Not Applicable,_Z,Not Applicable,_Z,Not Applicable,2018,73.86037943,WB_CLEAR,Climate and Economic Analyses for Resilience in Water (CLEAR Water),0,Units,CUR,Currency,602,CCYY,A,Normal value,PU,Public
datastructure,WB.DATA360:DS_DATA360(1.2),I,A,Annual,LBR,Liberia,WB_CLEAR_AQUASTAT_4554,SDG 6.4.1. Services Water Use Efficiency (US$/m3),_T,Total,_T,All age ranges or no breakdown by age,_T,Total,USD_M3,US dollars per cubic metre,_Z,Not Applicable,_Z,Not Applicable,_Z,Not Applicable,2018,5.667104291,WB_CLEAR,Climate and Economic Analyses for Resilience in Water (CLEAR Water),0,Units,CUR,Currency,602,CCYY,A,Normal value,PU,Public
datastructure,WB.DATA360:DS_DATA360(1.2),I,A,Annual,LBY,Libya,WB_CLEAR_AQUASTAT_4554,SDG 6.4.1. Services Water Use Efficiency (US$/m3),_T,Total,_T,All age ranges or no breakdown by age,_T,Total,USD_M3,US dollars per cubic metre,_Z,Not Applicable,_Z,Not Applicable,_Z,Not Applicable,2018,11.98403487,WB_CLEAR,Climate and Economic Analyses for Resilience in Water (CLEAR Water),0,Units,CUR,Currency,602,CCYY,A,Normal value,PU,Public
datastructure,WB.DATA360:DS_DATA360(1.2),I,A,Annual,LIE,Liechtenstein,WB_CLEAR_AQUASTAT_4554,SDG 6.4.1. Services Water Use Efficiency (US$/m3),_T,Total,_T,All age ranges or no breakdown by age,_T,Total,USD_M3,US dollars per cubic metre,_Z,Not Applicable,_Z,Not Applicable,_Z,Not Applicable,2018,474.2210839,WB_CLEAR,Climate and Economic Analyses for Resilience in Water (CLEAR Water),0,Units,CUR,Currency,602,CCYY,A,Normal value,PU,Public
datastructure,WB.DATA360:DS_DATA360(1.2),I,A,Annual,LTU,Lithuania,WB_CLEAR_AQUASTAT_4554,SDG 6.4.1. Services Water Use Efficiency (US$/m3),_T,Total,_T,All age ranges or no breakdown by age,_T,Total,USD_M3,US dollars per cubic metre,_Z,Not Applicable,_Z,Not Applicable,_Z,Not Applicable,2018,213.8447095,WB_CLEAR,Climate and Economic Analyses for Resilience in Water (CLEAR Water),0,Units,CUR,Currency,602,CCYY,A,Normal value,PU,Public
datastructure,WB.DATA360:DS_DATA360(1.2),I,A,Annual,LUX,Luxembourg,WB_CLEAR_AQUASTAT_4554,SDG 6.4.1. Services Water Use Efficiency (US$/m3),_T,Total,_T,All age ranges or no breakdown by age,_T,Total,USD_M3,US dollars per cubic metre,_Z,Not Applicable,_Z,Not Applicable,_Z,Not Applicable,2018,1014.734449,WB_CLEAR,Climate and Economic Analyses for Resilience in Water (CLEAR Water),0,Units,CUR,Currency,602,CCYY,A,Normal value,PU,Public
datastructure,WB.DATA360:DS_DATA360(1.2),I,A,Annual,MDG,Madagascar,WB_CLEAR_AQUASTAT_4554,SDG 6.4.1. Services Water Use Efficiency (US$/m3),_T,Total,_T,All age ranges or no breakdown by age,_T,Total,USD_M3,US dollars per cubic metre,_Z,Not Applicable,_Z,Not Applicable,_Z,Not Applicable,2018,15.67841073,WB_CLEAR,Climate and Economic Analyses for Resilience in Water (CLEAR Water),0,Units,CUR,Currency,602,CCYY,A,Normal value,PU,Public
datastructure,WB.DATA360:DS_DATA360(1.2),I,A,Annual,MWI,Malawi,WB_CLEAR_AQUASTAT_4554,SDG 6.4.1. Services Water Use Efficiency (US$/m3),_T,Total,_T,All age ranges or no breakdown by age,_T,Total,USD_M3,US dollars per cubic metre,_Z,Not Applicable,_Z,Not Applicable,_Z,Not Applicable,2018,24.18427986,WB_CLEAR,Climate and Economic Analyses for Resilience in Water (CLEAR Water),0,Units,CUR,Currency,602,CCYY,A,Normal value,PU,Public
datastructure,WB.DATA360:DS_DATA360(1.2),I,A,Annual,MYS,Malaysia,WB_CLEAR_AQUASTAT_4554,SDG 6.4.1. Services Water Use Efficiency (US$/m3),_T,Total,_T,All age ranges or no breakdown by age,_T,Total,USD_M3,US dollars per cubic metre,_Z,Not Applicable,_Z,Not Applicable,_Z,Not Applicable,2018,144.4326928,WB_CLEAR,Climate and Economic Analyses for Resilience in Water (CLEAR Water),0,Units,CUR,Currency,602,CCYY,A,Normal value,PU,Public
datastructure,WB.DATA360:DS_DATA360(1.2),I,A,Annual,MDV,Maldives,WB_CLEAR_AQUASTAT_4554,SDG 6.4.1. Services Water Use Efficiency (US$/m3),_T,Total,_T,All age ranges or no breakdown by age,_T,Total,USD_M3,US dollars per cubic metre,_Z,Not Applicable,_Z,Not Applicable,_Z,Not Applicable,2018,630.772591,WB_CLEAR,Climate and Economic Analyses for Resilience in Water (CLEAR Water),0,Units,CUR,Currency,602,CCYY,A,Normal value,PU,Public
datastructure,WB.DATA360:DS_DATA360(1.2),I,A,Annual,MLI,Mali,WB_CLEAR_AQUASTAT_4554,SDG 6.4.1. Services Water Use Efficiency (US$/m3),_T,Total,_T,All age ranges or no breakdown by age,_T,Total,USD_M3,US dollars per cubic metre,_Z,Not Applicable,_Z,Not Applicable,_Z,Not Applicable,2018,58.41123732,WB_CLEAR,Climate and Economic Analyses for Resilience in Water (CLEAR Water),0,Units,CUR,Currency,602,CCYY,A,Normal value,PU,Public
datastructure,WB.DATA360:DS_DATA360(1.2),I,A,Annual,MLT,Malta,WB_CLEAR_AQUASTAT_4554,SDG 6.4.1. Services Water Use Efficiency (US$/m3),_T,Total,_T,All age ranges or no breakdown by age,_T,Total,USD_M3,US dollars per cubic metre,_Z,Not Applicable,_Z,Not Applicable,_Z,Not Applicable,2018,263.4038085,WB_CLEAR,Climate and Economic Analyses for Resilience in Water (CLEAR Water),0,Units,CUR,Currency,602,CCYY,A,Normal value,PU,Public
datastructure,WB.DATA360:DS_DATA360(1.2),I,A,Annual,MRT,Mauritania,WB_CLEAR_AQUASTAT_4554,SDG 6.4.1. Services Water Use Efficiency (US$/m3),_T,Total,_T,All age ranges or no breakdown by age,_T,Total,USD_M3,US dollars per cubic metre,_Z,Not Applicable,_Z,Not Applicable,_Z,Not Applicable,2018,35.25402417,WB_CLEAR,Climate and Economic Analyses for Resilience in Water (CLEAR Water),0,Units,CUR,Currency,602,CCYY,A,Normal value,PU,Public
datastructure,WB.DATA360:DS_DATA360(1.2),I,A,Annual,MUS,Mauritius,WB_CLEAR_AQUASTAT_4554,SDG 6.4.1. Services Water Use Efficiency (US$/m3),_T,Total,_T,All age ranges or no breakdown by age,_T,Total,USD_M3,US dollars per cubic metre,_Z,Not Applicable,_Z,Not Applicable,_Z,Not Applicable,2018,32.36707826,WB_CLEAR,Climate and Economic Analyses for Resilience in Water (CLEAR Water),0,Units,CUR,Currency,602,CCYY,A,Normal value,PU,Public
datastructure,WB.DATA360:DS_DATA360(1.2),I,A,Annual,MEX,Mexico,WB_CLEAR_AQUASTAT_4554,SDG 6.4.1. Services Water Use Efficiency (US$/m3),_T,Total,_T,All age ranges or no breakdown by age,_T,Total,USD_M3,US dollars per cubic metre,_Z,Not Applicable,_Z,Not Applicable,_Z,Not Applicable,2018,60.0842683,WB_CLEAR,Climate and Economic Analyses for Resilience in Water (CLEAR Water),0,Units,CUR,Currency,602,CCYY,A,Normal value,PU,Public
datastructure,WB.DATA360:DS_DATA360(1.2),I,A,Annual,MCO,Monaco,WB_CLEAR_AQUASTAT_4554,SDG 6.4.1. Services Water Use Efficiency (US$/m3),_T,Total,_T,All age ranges or no breakdown by age,_T,Total,USD_M3,US dollars per cubic metre,_Z,Not Applicable,_Z,Not Applicable,_Z,Not Applicable,2018,1150.511934,WB_CLEAR,Climate and Economic Analyses for Resilience in Water (CLEAR Water),0,Units,CUR,Currency,602,CCYY,A,Normal value,PU,Public
datastructure,WB.DATA360:DS_DATA360(1.2),I,A,Annual,MNG,Mongolia,WB_CLEAR_AQUASTAT_4554,SDG 6.4.1. Services Water Use Efficiency (US$/m3),_T,Total,_T,All age ranges or no breakdown by age,_T,Total,USD_M3,US dollars per cubic metre,_Z,Not Applicable,_Z,Not Applicable,_Z,Not Applicable,2018,124.7378644,WB_CLEAR,Climate and Economic Analyses for Resilience in Water (CLEAR Water),0,Units,CUR,Currency,602,CCYY,A,Normal value,PU,Public
datastructure,WB.DATA360:DS_DATA360(1.2),I,A,Annual,MNE,Montenegro,WB_CLEAR_AQUASTAT_4554,SDG 6.4.1. Services Water Use Efficiency (US$/m3),_T,Total,_T,All age ranges or no breakdown by age,_T,Total,USD_M3,US dollars per cubic metre,_Z,Not Applicable,_Z,Not Applicable,_Z,Not Applicable,2018,30.63759769,WB_CLEAR,Climate and Economic Analyses for Resilience in Water (CLEAR Water),0,Units,CUR,Currency,602,CCYY,A,Normal value,PU,Public
datastructure,WB.DATA360:DS_DATA360(1.2),I,A,Annual,MAR,Morocco,WB_CLEAR_AQUASTAT_4554,SDG 6.4.1. Services Water Use Efficiency (US$/m3),_T,Total,_T,All age ranges or no breakdown by age,_T,Total,USD_M3,US dollars per cubic metre,_Z,Not Applicable,_Z,Not Applicable,_Z,Not Applicable,2018,56.59179837,WB_CLEAR,Climate and Economic Analyses for Resilience in Water (CLEAR Water),0,Units,CUR,Currency,602,CCYY,A,Normal value,PU,Public
datastructure,WB.DATA360:DS_DATA360(1.2),I,A,Annual,MOZ,Mozambique,WB_CLEAR_AQUASTAT_4554,SDG 6.4.1. Services Water Use Efficiency (US$/m3),_T,Total,_T,All age ranges or no breakdown by age,_T,Total,USD_M3,US dollars per cubic metre,_Z,Not Applicable,_Z,Not Applicable,_Z,Not Applicable,2018,20.74846196,WB_CLEAR,Climate and Economic Analyses for Resilience in Water (CLEAR Water),0,Units,CUR,Currency,602,CCYY,A,Normal value,PU,Public
datastructure,WB.DATA360:DS_DATA360(1.2),I,A,Annual,MMR,Myanmar,WB_CLEAR_AQUASTAT_4554,SDG 6.4.1. Services Water Use Efficiency (US$/m3),_T,Total,_T,All age ranges or no breakdown by age,_T,Total,USD_M3,US dollars per cubic metre,_Z,Not Applicable,_Z,Not Applicable,_Z,Not Applicable,2018,9.20745477,WB_CLEAR,Climate and Economic Analyses for Resilience in Water (CLEAR Water),0,Units,CUR,Currency,602,CCYY,A,Normal value,PU,Public
datastructure,WB.DATA360:DS_DATA360(1.2),I,A,Annual,NAM,Namibia,WB_CLEAR_AQUASTAT_4554,SDG 6.4.1. Services Water Use Efficiency (US$/m3),_T,Total,_T,All age ranges or no breakdown by age,_T,Total,USD_M3,US dollars per cubic metre,_Z,Not Applicable,_Z,Not Applicable,_Z,Not Applicable,2018,101.0746725,WB_CLEAR,Climate and Economic Analyses for Resilience in Water (CLEAR Water),0,Units,CUR,Currency,602,CCYY,A,Normal value,PU,Public
datastructure,WB.DATA360:DS_DATA360(1.2),I,A,Annual,NPL,Nepal,WB_CLEAR_AQUASTAT_4554,SDG 6.4.1. Services Water Use Efficiency (US$/m3),_T,Total,_T,All age ranges or no breakdown by age,_T,Total,USD_M3,US dollars per cubic metre,_Z,Not Applicable,_Z,Not Applicable,_Z,Not Applicable,2018,85.54117631,WB_CLEAR,Climate and Economic Analyses for Resilience in Water (CLEAR Water),0,Units,CUR,Currency,602,CCYY,A,Normal value,PU,Public
datastructure,WB.DATA360:DS_DATA360(1.2),I,A,Annual,NLD,Netherlands,WB_CLEAR_AQUASTAT_4554,SDG 6.4.1. Services Water Use Efficiency (US$/m3),_T,Total,_T,All age ranges or no breakdown by age,_T,Total,USD_M3,US dollars per cubic metre,_Z,Not Applicable,_Z,Not Applicable,_Z,Not Applicable,2018,298.4412609,WB_CLEAR,Climate and Economic Analyses for Resilience in Water (CLEAR Water),0,Units,CUR,Currency,602,CCYY,A,Normal value,PU,Public
datastructure,WB.DATA360:DS_DATA360(1.2),I,A,Annual,NZL,New Zealand,WB_CLEAR_AQUASTAT_4554,SDG 6.4.1. Services Water Use Efficiency (US$/m3),_T,Total,_T,All age ranges or no breakdown by age,_T,Total,USD_M3,US dollars per cubic metre,_Z,Not Applicable,_Z,Not Applicable,_Z,Not Applicable,2018,254.9178947,WB_CLEAR,Climate and Economic Analyses for Resilience in Water (CLEAR Water),0,Units,CUR,Currency,602,CCYY,A,Normal value,PU,Public
datastructure,WB.DATA360:DS_DATA360(1.2),I,A,Annual,NIC,Nicaragua,WB_CLEAR_AQUASTAT_4554,SDG 6.4.1. Services Water Use Efficiency (US$/m3),_T,Total,_T,All age ranges or no breakdown by age,_T,Total,USD_M3,US dollars per cubic metre,_Z,Not Applicable,_Z,Not Applicable,_Z,Not Applicable,2018,25.5257918,WB_CLEAR,Climate and Economic Analyses for Resilience in Water (CLEAR Water),0,Units,CUR,Currency,602,CCYY,A,Normal value,PU,Public
datastructure,WB.DATA360:DS_DATA360(1.2),I,A,Annual,NER,Niger,WB_CLEAR_AQUASTAT_4554,SDG 6.4.1. Services Water Use Efficiency (US$/m3),_T,Total,_T,All age ranges or no breakdown by age,_T,Total,USD_M3,US dollars per cubic metre,_Z,Not Applicable,_Z,Not Applicable,_Z,Not Applicable,2018,25.2669628,WB_CLEAR,Climate and Economic Analyses for Resilience in Water (CLEAR Water),0,Units,CUR,Currency,602,CCYY,A,Normal value,PU,Public
datastructure,WB.DATA360:DS_DATA360(1.2),I,A,Annual,NGA,Nigeria,WB_CLEAR_AQUASTAT_4554,SDG 6.4.1. Services Water Use Efficiency (US$/m3),_T,Total,_T,All age ranges or no breakdown by age,_T,Total,USD_M3,US dollars per cubic metre,_Z,Not Applicable,_Z,Not Applicable,_Z,Not Applicable,2018,52.84664057,WB_CLEAR,Climate and Economic Analyses for Resilience in Water (CLEAR Water),0,Units,CUR,Currency,602,CCYY,A,Normal value,PU,Public
datastructure,WB.DATA360:DS_DATA360(1.2),I,A,Annual,MKD,North Macedonia,WB_CLEAR_AQUASTAT_4554,SDG 6.4.1. Services Water Use Efficiency (US$/m3),_T,Total,_T,All age ranges or no breakdown by age,_T,Total,USD_M3,US dollars per cubic metre,_Z,Not Applicable,_Z,Not Applicable,_Z,Not Applicable,2018,20.70870777,WB_CLEAR,Climate and Economic Analyses for Resilience in Water (CLEAR Water),0,Units,CUR,Currency,602,CCYY,A,Normal value,PU,Public
datastructure,WB.DATA360:DS_DATA360(1.2),I,A,Annual,NOR,Norway,WB_CLEAR_AQUASTAT_4554,SDG 6.4.1. Services Water Use Efficiency (US$/m3),_T,Total,_T,All age ranges or no breakdown by age,_T,Total,USD_M3,US dollars per cubic metre,_Z,Not Applicable,_Z,Not Applicable,_Z,Not Applicable,2018,266.6451228,WB_CLEAR,Climate and Economic Analyses for Resilience in Water (CLEAR Water),0,Units,CUR,Currency,602,CCYY,A,Normal value,PU,Public
datastructure,WB.DATA360:DS_DATA360(1.2),I,A,Annual,OMN,Oman,WB_CLEAR_AQUASTAT_4554,SDG 6.4.1. Services Water Use Efficiency (US$/m3),_T,Total,_T,All age ranges or no breakdown by age,_T,Total,USD_M3,US dollars per cubic metre,_Z,Not Applicable,_Z,Not Applicable,_Z,Not Applicable,2018,506.3004827,WB_CLEAR,Climate and Economic Analyses for Resilience in Water (CLEAR Water),0,Units,CUR,Currency,602,CCYY,A,Normal value,PU,Public
datastructure,WB.DATA360:DS_DATA360(1.2),I,A,Annual,PAK,Pakistan,WB_CLEAR_AQUASTAT_4554,SDG 6.4.1. Services Water Use Efficiency (US$/m3),_T,Total,_T,All age ranges or no breakdown by age,_T,Total,USD_M3,US dollars per cubic metre,_Z,Not Applicable,_Z,Not Applicable,_Z,Not Applicable,2018,17.88615778,WB_CLEAR,Climate and Economic Analyses for Resilience in Water (CLEAR Water),0,Units,CUR,Currency,602,CCYY,A,Normal value,PU,Public
datastructure,WB.DATA360:DS_DATA360(1.2),I,A,Annual,PSE,West Bank and Gaza,WB_CLEAR_AQUASTAT_4554,SDG 6.4.1. Services Water Use Efficiency (US$/m3),_T,Total,_T,All age ranges or no breakdown by age,_T,Total,USD_M3,US dollars per cubic metre,_Z,Not Applicable,_Z,Not Applicable,_Z,Not Applicable,2018,52.58381697,WB_CLEAR,Climate and Economic Analyses for Resilience in Water (CLEAR Water),0,Units,CUR,Currency,602,CCYY,A,Normal value,PU,Public
datastructure,WB.DATA360:DS_DATA360(1.2),I,A,Annual,PAN,Panama,WB_CLEAR_AQUASTAT_4554,SDG 6.4.1. Services Water Use Efficiency (US$/m3),_T,Total,_T,All age ranges or no breakdown by age,_T,Total,USD_M3,US dollars per cubic metre,_Z,Not Applicable,_Z,Not Applicable,_Z,Not Applicable,2018,54.70456067,WB_CLEAR,Climate and Economic Analyses for Resilience in Water (CLEAR Water),0,Units,CUR,Currency,602,CCYY,A,Normal value,PU,Public
datastructure,WB.DATA360:DS_DATA360(1.2),I,A,Annual,PNG,Papua New Guinea,WB_CLEAR_AQUASTAT_4554,SDG 6.4.1. Services Water Use Efficiency (US$/m3),_T,Total,_T,All age ranges or no breakdown by age,_T,Total,USD_M3,US dollars per cubic metre,_Z,Not Applicable,_Z,Not Applicable,_Z,Not Applicable,2018,49.37994294,WB_CLEAR,Climate and Economic Analyses for Resilience in Water (CLEAR Water),0,Units,CUR,Currency,602,CCYY,A,Normal value,PU,Public
datastructure,WB.DATA360:DS_DATA360(1.2),I,A,Annual,PRY,Paraguay,WB_CLEAR_AQUASTAT_4554,SDG 6.4.1. Services Water Use Efficiency (US$/m3),_T,Total,_T,All age ranges or no breakdown by age,_T,Total,USD_M3,US dollars per cubic metre,_Z,Not Applicable,_Z,Not Applicable,_Z,Not Applicable,2018,63.88334626,WB_CLEAR,Climate and Economic Analyses for Resilience in Water (CLEAR Water),0,Units,CUR,Currency,602,CCYY,A,Normal value,PU,Public
datastructure,WB.DATA360:DS_DATA360(1.2),I,A,Annual,PER,Peru,WB_CLEAR_AQUASTAT_4554,SDG 6.4.1. Services Water Use Efficiency (US$/m3),_T,Total,_T,All age ranges or no breakdown by age,_T,Total,USD_M3,US dollars per cubic metre,_Z,Not Applicable,_Z,Not Applicable,_Z,Not Applicable,2018,115.4816787,WB_CLEAR,Climate and Economic Analyses for Resilience in Water (CLEAR Water),0,Units,CUR,Currency,602,CCYY,A,Normal value,PU,Public
datastructure,WB.DATA360:DS_DATA360(1.2),I,A,Annual,PHL,Philippines,WB_CLEAR_AQUASTAT_4554,SDG 6.4.1. Services Water Use Efficiency (US$/m3),_T,Total,_T,All age ranges or no breakdown by age,_T,Total,USD_M3,US dollars per cubic metre,_Z,Not Applicable,_Z,Not Applicable,_Z,Not Applicable,2018,23.23316129,WB_CLEAR,Climate and Economic Analyses for Resilience in Water (CLEAR Water),0,Units,CUR,Currency,602,CCYY,A,Normal value,PU,Public
datastructure,WB.DATA360:DS_DATA360(1.2),I,A,Annual,POL,Poland,WB_CLEAR_AQUASTAT_4554,SDG 6.4.1. Services Water Use Efficiency (US$/m3),_T,Total,_T,All age ranges or no breakdown by age,_T,Total,USD_M3,US dollars per cubic metre,_Z,Not Applicable,_Z,Not Applicable,_Z,Not Applicable,2018,154.0828911,WB_CLEAR,Climate and Economic Analyses for Resilience in Water (CLEAR Water),0,Units,CUR,Currency,602,CCYY,A,Normal value,PU,Public
datastructure,WB.DATA360:DS_DATA360(1.2),I,A,Annual,PRT,Portugal,WB_CLEAR_AQUASTAT_4554,SDG 6.4.1. Services Water Use Efficiency (US$/m3),_T,Total,_T,All age ranges or no breakdown by age,_T,Total,USD_M3,US dollars per cubic metre,_Z,Not Applicable,_Z,Not Applicable,_Z,Not Applicable,2018,166.3778051,WB_CLEAR,Climate and Economic Analyses for Resilience in Water (CLEAR Water),0,Units,CUR,Currency,602,CCYY,A,Normal value,PU,Public
datastructure,WB.DATA360:DS_DATA360(1.2),I,A,Annual,PRI,Puerto Rico,WB_CLEAR_AQUASTAT_4554,SDG 6.4.1. Services Water Use Efficiency (US$/m3),_T,Total,_T,All age ranges or no breakdown by age,_T,Total,USD_M3,US dollars per cubic metre,_Z,Not Applicable,_Z,Not Applicable,_Z,Not Applicable,2018,61.24892126,WB_CLEAR,Climate and Economic Analyses for Resilience in Water (CLEAR Water),0,Units,CUR,Currency,602,CCYY,A,Normal value,PU,Public
datastructure,WB.DATA360:DS_DATA360(1.2),I,A,Annual,QAT,Qatar,WB_CLEAR_AQUASTAT_4554,SDG 6.4.1. Services Water Use Efficiency (US$/m3),_T,Total,_T,All age ranges or no breakdown by age,_T,Total,USD_M3,US dollars per cubic metre,_Z,Not Applicable,_Z,Not Applicable,_Z,Not Applicable,2018,120.260031,WB_CLEAR,Climate and Economic Analyses for Resilience in Water (CLEAR Water),0,Units,CUR,Currency,602,CCYY,A,Normal value,PU,Public
datastructure,WB.DATA360:DS_DATA360(1.2),I,A,Annual,KOR,"Korea, Rep.",WB_CLEAR_AQUASTAT_4554,SDG 6.4.1. Services Water Use Efficiency (US$/m3),_T,Total,_T,All age ranges or no breakdown by age,_T,Total,USD_M3,US dollars per cubic metre,_Z,Not Applicable,_Z,Not Applicable,_Z,Not Applicable,2018,137.4489946,WB_CLEAR,Climate and Economic Analyses for Resilience in Water (CLEAR Water),0,Units,CUR,Currency,602,CCYY,A,Normal value,PU,Public
datastructure,WB.DATA360:DS_DATA360(1.2),I,A,Annual,MDA,Moldova,WB_CLEAR_AQUASTAT_4554,SDG 6.4.1. Services Water Use Efficiency (US$/m3),_T,Total,_T,All age ranges or no breakdown by age,_T,Total,USD_M3,US dollars per cubic metre,_Z,Not Applicable,_Z,Not Applicable,_Z,Not Applicable,2018,33.79537826,WB_CLEAR,Climate and Economic Analyses for Resilience in Water (CLEAR Water),0,Units,CUR,Currency,602,CCYY,A,Normal value,PU,Public
datastructure,WB.DATA360:DS_DATA360(1.2),I,A,Annual,ROU,Romania,WB_CLEAR_AQUASTAT_4554,SDG 6.4.1. Services Water Use Efficiency (US$/m3),_T,Total,_T,All age ranges or no breakdown by age,_T,Total,USD_M3,US dollars per cubic metre,_Z,Not Applicable,_Z,Not Applicable,_Z,Not Applicable,2018,114.4862458,WB_CLEAR,Climate and Economic Analyses for Resilience in Water (CLEAR Water),0,Units,CUR,Currency,602,CCYY,A,Normal value,PU,Public
datastructure,WB.DATA360:DS_DATA360(1.2),I,A,Annual,RUS,Russian Federation,WB_CLEAR_AQUASTAT_4554,SDG 6.4.1. Services Water Use Efficiency (US$/m3),_T,Total,_T,All age ranges or no breakdown by age,_T,Total,USD_M3,US dollars per cubic metre,_Z,Not Applicable,_Z,Not Applicable,_Z,Not Applicable,2018,47.41140147,WB_CLEAR,Climate and Economic Analyses for Resilience in Water (CLEAR Water),0,Units,CUR,Currency,602,CCYY,A,Normal value,PU,Public
datastructure,WB.DATA360:DS_DATA360(1.2),I,A,Annual,RWA,Rwanda,WB_CLEAR_AQUASTAT_4554,SDG 6.4.1. Services Water Use Efficiency (US$/m3),_T,Total,_T,All age ranges or no breakdown by age,_T,Total,USD_M3,US dollars per cubic metre,_Z,Not Applicable,_Z,Not Applicable,_Z,Not Applicable,2018,81.144975,WB_CLEAR,Climate and Economic Analyses for Resilience in Water (CLEAR Water),0,Units,CUR,Currency,602,CCYY,A,Normal value,PU,Public
datastructure,WB.DATA360:DS_DATA360(1.2),I,A,Annual,KNA,St. Kitts and Nevis,WB_CLEAR_AQUASTAT_4554,SDG 6.4.1. Services Water Use Efficiency (US$/m3),_T,Total,_T,All age ranges or no breakdown by age,_T,Total,USD_M3,US dollars per cubic metre,_Z,Not Applicable,_Z,Not Applicable,_Z,Not Applicable,2018,42.48179077,WB_CLEAR,Climate and Economic Analyses for Resilience in Water (CLEAR Water),0,Units,CUR,Currency,602,CCYY,A,Normal value,PU,Public
datastructure,WB.DATA360:DS_DATA360(1.2),I,A,Annual,LCA,St. Lucia,WB_CLEAR_AQUASTAT_4554,SDG 6.4.1. Services Water Use Efficiency (US$/m3),_T,Total,_T,All age ranges or no breakdown by age,_T,Total,USD_M3,US dollars per cubic metre,_Z,Not Applicable,_Z,Not Applicable,_Z,Not Applicable,2018,116.2676392,WB_CLEAR,Climate and Economic Analyses for Resilience in Water (CLEAR Water),0,Units,CUR,Currency,602,CCYY,A,Normal value,PU,Public
datastructure,WB.DATA360:DS_DATA360(1.2),I,A,Annual,VCT,St. Vincent and the Grenadines,WB_CLEAR_AQUASTAT_4554,SDG 6.4.1. Services Water Use Efficiency (US$/m3),_T,Total,_T,All age ranges or no breakdown by age,_T,Total,USD_M3,US dollars per cubic metre,_Z,Not Applicable,_Z,Not Applicable,_Z,Not Applicable,2018,60.87514569,WB_CLEAR,Climate and Economic Analyses for Resilience in Water (CLEAR Water),0,Units,CUR,Currency,602,CCYY,A,Normal value,PU,Public
datastructure,WB.DATA360:DS_DATA360(1.2),I,A,Annual,BOL,Bolivia,WB_CLEAR_AQUASTAT_4554,SDG 6.4.1. Services Water Use Efficiency (US$/m3),_T,Total,_T,All age ranges or no breakdown by age,_T,Total,USD_M3,US dollars per cubic metre,_Z,Not Applicable,_Z,Not Applicable,_Z,Not Applicable,2018,140.6995908,WB_CLEAR,Climate and Economic Analyses for Resilience in Water (CLEAR Water),0,Units,CUR,Currency,602,CCYY,A,Normal value,PU,Public
datastructure,WB.DATA360:DS_DATA360(1.2),I,A,Annual,BIH,Bosnia and Herzegovina,WB_CLEAR_AQUASTAT_4554,SDG 6.4.1. Services Water Use Efficiency (US$/m3),_T,Total,_T,All age ranges or no breakdown by age,_T,Total,USD_M3,US dollars per cubic metre,_Z,Not Applicable,_Z,Not Applicable,_Z,Not Applicable,2018,29.43624545,WB_CLEAR,Climate and Economic Analyses for Resilience in Water (CLEAR Water),0,Units,CUR,Currency,602,CCYY,A,Normal value,PU,Public
datastructure,WB.DATA360:DS_DATA360(1.2),I,A,Annual,BWA,Botswana,WB_CLEAR_AQUASTAT_4554,SDG 6.4.1. Services Water Use Efficiency (US$/m3),_T,Total,_T,All age ranges or no breakdown by age,_T,Total,USD_M3,US dollars per cubic metre,_Z,Not Applicable,_Z,Not Applicable,_Z,Not Applicable,2018,97.3138937,WB_CLEAR,Climate and Economic Analyses for Resilience in Water (CLEAR Water),0,Units,CUR,Currency,602,CCYY,A,Normal value,PU,Public
datastructure,WB.DATA360:DS_DATA360(1.2),I,A,Annual,BRA,Brazil,WB_CLEAR_AQUASTAT_4554,SDG 6.4.1. Services Water Use Efficiency (US$/m3),_T,Total,_T,All age ranges or no breakdown by age,_T,Total,USD_M3,US dollars per cubic metre,_Z,Not Applicable,_Z,Not Applicable,_Z,Not Applicable,2018,68.24286358,WB_CLEAR,Climate and Economic Analyses for Resilience in Water (CLEAR Water),0,Units,CUR,Currency,602,CCYY,A,Normal value,PU,Public
datastructure,WB.DATA360:DS_DATA360(1.2),I,A,Annual,BRN,Brunei Darussalam,WB_CLEAR_AQUASTAT_4554,SDG 6.4.1. Services Water Use Efficiency (US$/m3),_T,Total,_T,All age ranges or no breakdown by age,_T,Total,USD_M3,US dollars per cubic metre,_Z,Not Applicable,_Z,Not Applicable,_Z,Not Applicable,2018,32.33986257,WB_CLEAR,Climate and Economic Analyses for Resilience in Water (CLEAR Water),0,Units,CUR,Currency,602,CCYY,A,Normal value,PU,Public
datastructure,WB.DATA360:DS_DATA360(1.2),I,A,Annual,BGR,Bulgaria,WB_CLEAR_AQUASTAT_4554,SDG 6.4.1. Services Water Use Efficiency (US$/m3),_T,Total,_T,All age ranges or no breakdown by age,_T,Total,USD_M3,US dollars per cubic metre,_Z,Not Applicable,_Z,Not Applicable,_Z,Not Applicable,2018,41.90031257,WB_CLEAR,Climate and Economic Analyses for Resilience in Water (CLEAR Water),0,Units,CUR,Currency,602,CCYY,A,Normal value,PU,Public
datastructure,WB.DATA360:DS_DATA360(1.2),I,A,Annual,BFA,Burkina Faso,WB_CLEAR_AQUASTAT_4554,SDG 6.4.1. Services Water Use Efficiency (US$/m3),_T,Total,_T,All age ranges or no breakdown by age,_T,Total,USD_M3,US dollars per cubic metre,_Z,Not Applicable,_Z,Not Applicable,_Z,Not Applicable,2018,17.07463553,WB_CLEAR,Climate and Economic Analyses for Resilience in Water (CLEAR Water),0,Units,CUR,Currency,602,CCYY,A,Normal value,PU,Public
datastructure,WB.DATA360:DS_DATA360(1.2),I,A,Annual,BDI,Burundi,WB_CLEAR_AQUASTAT_4554,SDG 6.4.1. Services Water Use Efficiency (US$/m3),_T,Total,_T,All age ranges or no breakdown by age,_T,Total,USD_M3,US dollars per cubic metre,_Z,Not Applicable,_Z,Not Applicable,_Z,Not Applicable,2018,31.78408779,WB_CLEAR,Climate and Economic Analyses for Resilience in Water (CLEAR Water),0,Units,CUR,Currency,602,CCYY,A,Normal value,PU,Public
datastructure,WB.DATA360:DS_DATA360(1.2),I,A,Annual,CPV,Cabo Verde,WB_CLEAR_AQUASTAT_4554,SDG 6.4.1. Services Water Use Efficiency (US$/m3),_T,Total,_T,All age ranges or no breakdown by age,_T,Total,USD_M3,US dollars per cubic metre,_Z,Not Applicable,_Z,Not Applicable,_Z,Not Applicable,2018,720.0728821,WB_CLEAR,Climate and Economic Analyses for Resilience in Water (CLEAR Water),0,Units,CUR,Currency,602,CCYY,A,Normal value,PU,Public
datastructure,WB.DATA360:DS_DATA360(1.2),I,A,Annual,KHM,Cambodia,WB_CLEAR_AQUASTAT_4554,SDG 6.4.1. Services Water Use Efficiency (US$/m3),_T,Total,_T,All age ranges or no breakdown by age,_T,Total,USD_M3,US dollars per cubic metre,_Z,Not Applicable,_Z,Not Applicable,_Z,Not Applicable,2018,90.85156521,WB_CLEAR,Climate and Economic Analyses for Resilience in Water (CLEAR Water),0,Units,CUR,Currency,602,CCYY,A,Normal value,PU,Public
datastructure,WB.DATA360:DS_DATA360(1.2),I,A,Annual,STP,Sao Tome and Principe,WB_CLEAR_AQUASTAT_4554,SDG 6.4.1. Services Water Use Efficiency (US$/m3),_T,Total,_T,All age ranges or no breakdown by age,_T,Total,USD_M3,US dollars per cubic metre,_Z,Not Applicable,_Z,Not Applicable,_Z,Not Applicable,2018,18.1109656,WB_CLEAR,Climate and Economic Analyses for Resilience in Water (CLEAR Water),0,Units,CUR,Currency,602,CCYY,A,Normal value,PU,Public
datastructure,WB.DATA360:DS_DATA360(1.2),I,A,Annual,SAU,Saudi Arabia,WB_CLEAR_AQUASTAT_4554,SDG 6.4.1. Services Water Use Efficiency (US$/m3),_T,Total,_T,All age ranges or no breakdown by age,_T,Total,USD_M3,US dollars per cubic metre,_Z,Not Applicable,_Z,Not Applicable,_Z,Not Applicable,2018,97.87316125,WB_CLEAR,Climate and Economic Analyses for Resilience in Water (CLEAR Water),0,Units,CUR,Currency,602,CCYY,A,Normal value,PU,Public
datastructure,WB.DATA360:DS_DATA360(1.2),I,A,Annual,SEN,Senegal,WB_CLEAR_AQUASTAT_4554,SDG 6.4.1. Services Water Use Efficiency (US$/m3),_T,Total,_T,All age ranges or no breakdown by age,_T,Total,USD_M3,US dollars per cubic metre,_Z,Not Applicable,_Z,Not Applicable,_Z,Not Applicable,2018,121.4771712,WB_CLEAR,Climate and Economic Analyses for Resilience in Water (CLEAR Water),0,Units,CUR,Currency,602,CCYY,A,Normal value,PU,Public
datastructure,WB.DATA360:DS_DATA360(1.2),I,A,Annual,SRB,Serbia,WB_CLEAR_AQUASTAT_4554,SDG 6.4.1. Services Water Use Efficiency (US$/m3),_T,Total,_T,All age ranges or no breakdown by age,_T,Total,USD_M3,US dollars per cubic metre,_Z,Not Applicable,_Z,Not Applicable,_Z,Not Applicable,2018,35.4349539,WB_CLEAR,Climate and Economic Analyses for Resilience in Water (CLEAR Water),0,Units,CUR,Currency,602,CCYY,A,Normal value,PU,Public
datastructure,WB.DATA360:DS_DATA360(1.2),I,A,Annual,SYC,Seychelles,WB_CLEAR_AQUASTAT_4554,SDG 6.4.1. Services Water Use Efficiency (US$/m3),_T,Total,_T,All age ranges or no breakdown by age,_T,Total,USD_M3,US dollars per cubic metre,_Z,Not Applicable,_Z,Not Applicable,_Z,Not Applicable,2018,126.1338996,WB_CLEAR,Climate and Economic Analyses for Resilience in Water (CLEAR Water),0,Units,CUR,Currency,602,CCYY,A,Normal value,PU,Public
datastructure,WB.DATA360:DS_DATA360(1.2),I,A,Annual,SLE,Sierra Leone,WB_CLEAR_AQUASTAT_4554,SDG 6.4.1. Services Water Use Efficiency (US$/m3),_T,Total,_T,All age ranges or no breakdown by age,_T,Total,USD_M3,US dollars per cubic metre,_Z,Not Applicable,_Z,Not Applicable,_Z,Not Applicable,2018,14.20818753,WB_CLEAR,Climate and Economic Analyses for Resilience in Water (CLEAR Water),0,Units,CUR,Currency,602,CCYY,A,Normal value,PU,Public
datastructure,WB.DATA360:DS_DATA360(1.2),I,A,Annual,SGP,Singapore,WB_CLEAR_AQUASTAT_4554,SDG 6.4.1. Services Water Use Efficiency (US$/m3),_T,Total,_T,All age ranges or no breakdown by age,_T,Total,USD_M3,US dollars per cubic metre,_Z,Not Applicable,_Z,Not Applicable,_Z,Not Applicable,2018,794.8949058,WB_CLEAR,Climate and Economic Analyses for Resilience in Water (CLEAR Water),0,Units,CUR,Currency,602,CCYY,A,Normal value,PU,Public
datastructure,WB.DATA360:DS_DATA360(1.2),I,A,Annual,SVK,Slovak Republic,WB_CLEAR_AQUASTAT_4554,SDG 6.4.1. Services Water Use Efficiency (US$/m3),_T,Total,_T,All age ranges or no breakdown by age,_T,Total,USD_M3,US dollars per cubic metre,_Z,Not Applicable,_Z,Not Applicable,_Z,Not Applicable,2018,199.3286519,WB_CLEAR,Climate and Economic Analyses for Resilience in Water (CLEAR Water),0,Units,CUR,Currency,602,CCYY,A,Normal value,PU,Public
datastructure,WB.DATA360:DS_DATA360(1.2),I,A,Annual,SVN,Slovenia,WB_CLEAR_AQUASTAT_4554,SDG 6.4.1. Services Water Use Efficiency (US$/m3),_T,Total,_T,All age ranges or no breakdown by age,_T,Total,USD_M3,US dollars per cubic metre,_Z,Not Applicable,_Z,Not Applicable,_Z,Not Applicable,2018,168.0672508,WB_CLEAR,Climate and Economic Analyses for Resilience in Water (CLEAR Water),0,Units,CUR,Currency,602,CCYY,A,Normal value,PU,Public
datastructure,WB.DATA360:DS_DATA360(1.2),I,A,Annual,SOM,Somalia,WB_CLEAR_AQUASTAT_4554,SDG 6.4.1. Services Water Use Efficiency (US$/m3),_T,Total,_T,All age ranges or no breakdown by age,_T,Total,USD_M3,US dollars per cubic metre,_Z,Not Applicable,_Z,Not Applicable,_Z,Not Applicable,2018,28.67359394,WB_CLEAR,Climate and Economic Analyses for Resilience in Water (CLEAR Water),0,Units,CUR,Currency,602,CCYY,A,Normal value,PU,Public
datastructure,WB.DATA360:DS_DATA360(1.2),I,A,Annual,ZAF,South Africa,WB_CLEAR_AQUASTAT_4554,SDG 6.4.1. Services Water Use Efficiency (US$/m3),_T,Total,_T,All age ranges or no breakdown by age,_T,Total,USD_M3,US dollars per cubic metre,_Z,Not Applicable,_Z,Not Applicable,_Z,Not Applicable,2018,51.11301068,WB_CLEAR,Climate and Economic Analyses for Resilience in Water (CLEAR Water),0,Units,CUR,Currency,602,CCYY,A,Normal value,PU,Public
datastructure,WB.DATA360:DS_DATA360(1.2),I,A,Annual,SSD,South Sudan,WB_CLEAR_AQUASTAT_4554,SDG 6.4.1. Services Water Use Efficiency (US$/m3),_T,Total,_T,All age ranges or no breakdown by age,_T,Total,USD_M3,US dollars per cubic metre,_Z,Not Applicable,_Z,Not Applicable,_Z,Not Applicable,2018,24.96032012,WB_CLEAR,Climate and Economic Analyses for Resilience in Water (CLEAR Water),0,Units,CUR,Currency,602,CCYY,A,Normal value,PU,Public
datastructure,WB.DATA360:DS_DATA360(1.2),I,A,Annual,ESP,Spain,WB_CLEAR_AQUASTAT_4554,SDG 6.4.1. Services Water Use Efficiency (US$/m3),_T,Total,_T,All age ranges or no breakdown by age,_T,Total,USD_M3,US dollars per cubic metre,_Z,Not Applicable,_Z,Not Applicable,_Z,Not Applicable,2018,187.205274,WB_CLEAR,Climate and Economic Analyses for Resilience in Water (CLEAR Water),0,Units,CUR,Currency,602,CCYY,A,Normal value,PU,Public
datastructure,WB.DATA360:DS_DATA360(1.2),I,A,Annual,LKA,Sri Lanka,WB_CLEAR_AQUASTAT_4554,SDG 6.4.1. Services Water Use Efficiency (US$/m3),_T,Total,_T,All age ranges or no breakdown by age,_T,Total,USD_M3,US dollars per cubic metre,_Z,Not Applicable,_Z,Not Applicable,_Z,Not Applicable,2018,65.11255794,WB_CLEAR,Climate and Economic Analyses for Resilience in Water (CLEAR Water),0,Units,CUR,Currency,602,CCYY,A,Normal value,PU,Public
datastructure,WB.DATA360:DS_DATA360(1.2),I,A,Annual,SDN,Sudan,WB_CLEAR_AQUASTAT_4554,SDG 6.4.1. Services Water Use Efficiency (US$/m3),_T,Total,_T,All age ranges or no breakdown by age,_T,Total,USD_M3,US dollars per cubic metre,_Z,Not Applicable,_Z,Not Applicable,_Z,Not Applicable,2018,60.7720976,WB_CLEAR,Climate and Economic Analyses for Resilience in Water (CLEAR Water),0,Units,CUR,Currency,602,CCYY,A,Normal value,PU,Public
datastructure,WB.DATA360:DS_DATA360(1.2),I,A,Annual,SUR,Suriname,WB_CLEAR_AQUASTAT_4554,SDG 6.4.1. Services Water Use Efficiency (US$/m3),_T,Total,_T,All age ranges or no breakdown by age,_T,Total,USD_M3,US dollars per cubic metre,_Z,Not Applicable,_Z,Not Applicable,_Z,Not Applicable,2018,50.36200838,WB_CLEAR,Climate and Economic Analyses for Resilience in Water (CLEAR Water),0,Units,CUR,Currency,602,CCYY,A,Normal value,PU,Public
datastructure,WB.DATA360:DS_DATA360(1.2),I,A,Annual,SWE,Sweden,WB_CLEAR_AQUASTAT_4554,SDG 6.4.1. Services Water Use Efficiency (US$/m3),_T,Total,_T,All age ranges or no breakdown by age,_T,Total,USD_M3,US dollars per cubic metre,_Z,Not Applicable,_Z,Not Applicable,_Z,Not Applicable,2018,380.8765735,WB_CLEAR,Climate and Economic Analyses for Resilience in Water (CLEAR Water),0,Units,CUR,Currency,602,CCYY,A,Normal value,PU,Public
datastructure,WB.DATA360:DS_DATA360(1.2),I,A,Annual,CHE,Switzerland,WB_CLEAR_AQUASTAT_4554,SDG 6.4.1. Services Water Use Efficiency (US$/m3),_T,Total,_T,All age ranges or no breakdown by age,_T,Total,USD_M3,US dollars per cubic metre,_Z,Not Applicable,_Z,Not Applicable,_Z,Not Applicable,2018,542.7071384,WB_CLEAR,Climate and Economic Analyses for Resilience in Water (CLEAR Water),0,Units,CUR,Currency,602,CCYY,A,Normal value,PU,Public
datastructure,WB.DATA360:DS_DATA360(1.2),I,A,Annual,SYR,Syrian Arab Republic,WB_CLEAR_AQUASTAT_4554,SDG 6.4.1. Services Water Use Efficiency (US$/m3),_T,Total,_T,All age ranges or no breakdown by age,_T,Total,USD_M3,US dollars per cubic metre,_Z,Not Applicable,_Z,Not Applicable,_Z,Not Applicable,2018,6.364507336,WB_CLEAR,Climate and Economic Analyses for Resilience in Water (CLEAR Water),0,Units,CUR,Currency,602,CCYY,A,Normal value,PU,Public
datastructure,WB.DATA360:DS_DATA360(1.2),I,A,Annual,TJK,Tajikistan,WB_CLEAR_AQUASTAT_4554,SDG 6.4.1. Services Water Use Efficiency (US$/m3),_T,Total,_T,All age ranges or no breakdown by age,_T,Total,USD_M3,US dollars per cubic metre,_Z,Not Applicable,_Z,Not Applicable,_Z,Not Applicable,2018,5.471700195,WB_CLEAR,Climate and Economic Analyses for Resilience in Water (CLEAR Water),0,Units,CUR,Currency,602,CCYY,A,Normal value,PU,Public
datastructure,WB.DATA360:DS_DATA360(1.2),I,A,Annual,THA,Thailand,WB_CLEAR_AQUASTAT_4554,SDG 6.4.1. Services Water Use Efficiency (US$/m3),_T,Total,_T,All age ranges or no breakdown by age,_T,Total,USD_M3,US dollars per cubic metre,_Z,Not Applicable,_Z,Not Applicable,_Z,Not Applicable,2018,95.26387057,WB_CLEAR,Climate and Economic Analyses for Resilience in Water (CLEAR Water),0,Units,CUR,Currency,602,CCYY,A,Normal value,PU,Public
datastructure,WB.DATA360:DS_DATA360(1.2),I,A,Annual,TLS,Timor-Leste,WB_CLEAR_AQUASTAT_4554,SDG 6.4.1. Services Water Use Efficiency (US$/m3),_T,Total,_T,All age ranges or no breakdown by age,_T,Total,USD_M3,US dollars per cubic metre,_Z,Not Applicable,_Z,Not Applicable,_Z,Not Applicable,2018,10.49336237,WB_CLEAR,Climate and Economic Analyses for Resilience in Water (CLEAR Water),0,Units,CUR,Currency,602,CCYY,A,Normal value,PU,Public
datastructure,WB.DATA360:DS_DATA360(1.2),I,A,Annual,TGO,Togo,WB_CLEAR_AQUASTAT_4554,SDG 6.4.1. Services Water Use Efficiency (US$/m3),_T,Total,_T,All age ranges or no breakdown by age,_T,Total,USD_M3,US dollars per cubic metre,_Z,Not Applicable,_Z,Not Applicable,_Z,Not Applicable,2018,16.5510152,WB_CLEAR,Climate and Economic Analyses for Resilience in Water (CLEAR Water),0,Units,CUR,Currency,602,CCYY,A,Normal value,PU,Public
datastructure,WB.DATA360:DS_DATA360(1.2),I,A,Annual,TTO,Trinidad and Tobago,WB_CLEAR_AQUASTAT_4554,SDG 6.4.1. Services Water Use Efficiency (US$/m3),_T,Total,_T,All age ranges or no breakdown by age,_T,Total,USD_M3,US dollars per cubic metre,_Z,Not Applicable,_Z,Not Applicable,_Z,Not Applicable,2018,56.61354042,WB_CLEAR,Climate and Economic Analyses for Resilience in Water (CLEAR Water),0,Units,CUR,Currency,602,CCYY,A,Normal value,PU,Public
datastructure,WB.DATA360:DS_DATA360(1.2),I,A,Annual,TUN,Tunisia,WB_CLEAR_AQUASTAT_4554,SDG 6.4.1. Services Water Use Efficiency (US$/m3),_T,Total,_T,All age ranges or no breakdown by age,_T,Total,USD_M3,US dollars per cubic metre,_Z,Not Applicable,_Z,Not Applicable,_Z,Not Applicable,2018,32.4406861,WB_CLEAR,Climate and Economic Analyses for Resilience in Water (CLEAR Water),0,Units,CUR,Currency,602,CCYY,A,Normal value,PU,Public
datastructure,WB.DATA360:DS_DATA360(1.2),I,A,Annual,TUR,Turkiye,WB_CLEAR_AQUASTAT_4554,SDG 6.4.1. Services Water Use Efficiency (US$/m3),_T,Total,_T,All age ranges or no breakdown by age,_T,Total,USD_M3,US dollars per cubic metre,_Z,Not Applicable,_Z,Not Applicable,_Z,Not Applicable,2018,84.02612733,WB_CLEAR,Climate and Economic Analyses for Resilience in Water (CLEAR Water),0,Units,CUR,Currency,602,CCYY,A,Normal value,PU,Public
datastructure,WB.DATA360:DS_DATA360(1.2),I,A,Annual,TKM,Turkmenistan,WB_CLEAR_AQUASTAT_4554,SDG 6.4.1. Services Water Use Efficiency (US$/m3),_T,Total,_T,All age ranges or no breakdown by age,_T,Total,USD_M3,US dollars per cubic metre,_Z,Not Applicable,_Z,Not Applicable,_Z,Not Applicable,2018,19.22813724,WB_CLEAR,Climate and Economic Analyses for Resilience in Water (CLEAR Water),0,Units,CUR,Currency,602,CCYY,A,Normal value,PU,Public
datastructure,WB.DATA360:DS_DATA360(1.2),I,A,Annual,UGA,Uganda,WB_CLEAR_AQUASTAT_4554,SDG 6.4.1. Services Water Use Efficiency (US$/m3),_T,Total,_T,All age ranges or no breakdown by age,_T,Total,USD_M3,US dollars per cubic metre,_Z,Not Applicable,_Z,Not Applicable,_Z,Not Applicable,2018,47.37097544,WB_CLEAR,Climate and Economic Analyses for Resilience in Water (CLEAR Water),0,Units,CUR,Currency,602,CCYY,A,Normal value,PU,Public
datastructure,WB.DATA360:DS_DATA360(1.2),I,A,Annual,UKR,Ukraine,WB_CLEAR_AQUASTAT_4554,SDG 6.4.1. Services Water Use Efficiency (US$/m3),_T,Total,_T,All age ranges or no breakdown by age,_T,Total,USD_M3,US dollars per cubic metre,_Z,Not Applicable,_Z,Not Applicable,_Z,Not Applicable,2018,21.99874957,WB_CLEAR,Climate and Economic Analyses for Resilience in Water (CLEAR Water),0,Units,CUR,Currency,602,CCYY,A,Normal value,PU,Public
datastructure,WB.DATA360:DS_DATA360(1.2),I,A,Annual,ARE,United Arab Emirates,WB_CLEAR_AQUASTAT_4554,SDG 6.4.1. Services Water Use Efficiency (US$/m3),_T,Total,_T,All age ranges or no breakdown by age,_T,Total,USD_M3,US dollars per cubic metre,_Z,Not Applicable,_Z,Not Applicable,_Z,Not Applicable,2018,105.2827711,WB_CLEAR,Climate and Economic Analyses for Resilience in Water (CLEAR Water),0,Units,CUR,Currency,602,CCYY,A,Normal value,PU,Public
datastructure,WB.DATA360:DS_DATA360(1.2),I,A,Annual,GBR,United Kingdom,WB_CLEAR_AQUASTAT_4554,SDG 6.4.1. Services Water Use Efficiency (US$/m3),_T,Total,_T,All age ranges or no breakdown by age,_T,Total,USD_M3,US dollars per cubic metre,_Z,Not Applicable,_Z,Not Applicable,_Z,Not Applicable,2018,361.5491421,WB_CLEAR,Climate and Economic Analyses for Resilience in Water (CLEAR Water),0,Units,CUR,Currency,602,CCYY,A,Normal value,PU,Public
datastructure,WB.DATA360:DS_DATA360(1.2),I,A,Annual,TZA,Tanzania,WB_CLEAR_AQUASTAT_4554,SDG 6.4.1. Services Water Use Efficiency (US$/m3),_T,Total,_T,All age ranges or no breakdown by age,_T,Total,USD_M3,US dollars per cubic metre,_Z,Not Applicable,_Z,Not Applicable,_Z,Not Applicable,2018,43.05445678,WB_CLEAR,Climate and Economic Analyses for Resilience in Water (CLEAR Water),0,Units,CUR,Currency,602,CCYY,A,Normal value,PU,Public
datastructure,WB.DATA360:DS_DATA360(1.2),I,A,Annual,URY,Uruguay,WB_CLEAR_AQUASTAT_4554,SDG 6.4.1. Services Water Use Efficiency (US$/m3),_T,Total,_T,All age ranges or no breakdown by age,_T,Total,USD_M3,US dollars per cubic metre,_Z,Not Applicable,_Z,Not Applicable,_Z,Not Applicable,2018,87.18419285,WB_CLEAR,Climate and Economic Analyses for Resilience in Water (CLEAR Water),0,Units,CUR,Currency,602,CCYY,A,Normal value,PU,Public
datastructure,WB.DATA360:DS_DATA360(1.2),I,A,Annual,UZB,Uzbekistan,WB_CLEAR_AQUASTAT_4554,SDG 6.4.1. Services Water Use Efficiency (US$/m3),_T,Total,_T,All age ranges or no breakdown by age,_T,Total,USD_M3,US dollars per cubic metre,_Z,Not Applicable,_Z,Not Applicable,_Z,Not Applicable,2018,14.02571362,WB_CLEAR,Climate and Economic Analyses for Resilience in Water (CLEAR Water),0,Units,CUR,Currency,602,CCYY,A,Normal value,PU,Public
datastructure,WB.DATA360:DS_DATA360(1.2),I,A,Annual,VEN,"Venezuela, RB",WB_CLEAR_AQUASTAT_4554,SDG 6.4.1. Services Water Use Efficiency (US$/m3),_T,Total,_T,All age ranges or no breakdown by age,_T,Total,USD_M3,US dollars per cubic metre,_Z,Not Applicable,_Z,Not Applicable,_Z,Not Applicable,2018,21.01702099,WB_CLEAR,Climate and Economic Analyses for Resilience in Water (CLEAR Water),0,Units,CUR,Currency,602,CCYY,A,Normal value,PU,Public
datastructure,WB.DATA360:DS_DATA360(1.2),I,A,Annual,VNM,Viet Nam,WB_CLEAR_AQUASTAT_4554,SDG 6.4.1. Services Water Use Efficiency (US$/m3),_T,Total,_T,All age ranges or no breakdown by age,_T,Total,USD_M3,US dollars per cubic metre,_Z,Not Applicable,_Z,Not Applicable,_Z,Not Applicable,2018,89.83081745,WB_CLEAR,Climate and Economic Analyses for Resilience in Water (CLEAR Water),0,Units,CUR,Currency,602,CCYY,A,Normal value,PU,Public
datastructure,WB.DATA360:DS_DATA360(1.2),I,A,Annual,YEM,"Yemen, Rep.",WB_CLEAR_AQUASTAT_4554,SDG 6.4.1. Services Water Use Efficiency (US$/m3),_T,Total,_T,All age ranges or no breakdown by age,_T,Total,USD_M3,US dollars per cubic metre,_Z,Not Applicable,_Z,Not Applicable,_Z,Not Applicable,2018,53.58450109,WB_CLEAR,Climate and Economic Analyses for Resilience in Water (CLEAR Water),0,Units,CUR,Currency,602,CCYY,A,Normal value,PU,Public
datastructure,WB.DATA360:DS_DATA360(1.2),I,A,Annual,ZMB,Zambia,WB_CLEAR_AQUASTAT_4554,SDG 6.4.1. Services Water Use Efficiency (US$/m3),_T,Total,_T,All age ranges or no breakdown by age,_T,Total,USD_M3,US dollars per cubic metre,_Z,Not Applicable,_Z,Not Applicable,_Z,Not Applicable,2018,48.49516901,WB_CLEAR,Climate and Economic Analyses for Resilience in Water (CLEAR Water),0,Units,CUR,Currency,602,CCYY,A,Normal value,PU,Public
datastructure,WB.DATA360:DS_DATA360(1.2),I,A,Annual,ZWE,Zimbabwe,WB_CLEAR_AQUASTAT_4554,SDG 6.4.1. Services Water Use Efficiency (US$/m3),_T,Total,_T,All age ranges or no breakdown by age,_T,Total,USD_M3,US dollars per cubic metre,_Z,Not Applicable,_Z,Not Applicable,_Z,Not Applicable,2018,21.58517325,WB_CLEAR,Climate and Economic Analyses for Resilience in Water (CLEAR Water),0,Units,CUR,Currency,602,CCYY,A,Normal value,PU,Public
datastructure,WB.DATA360:DS_DATA360(1.2),I,A,Annual,USA,United States,WB_CLEAR_AQUASTAT_4554,SDG 6.4.1. Services Water Use Efficiency (US$/m3),_T,Total,_T,All age ranges or no breakdown by age,_T,Total,USD_M3,US dollars per cubic metre,_Z,Not Applicable,_Z,Not Applicable,_Z,Not Applicable,2018,274.6553747,WB_CLEAR,Climate and Economic Analyses for Resilience in Water (CLEAR Water),0,Units,CUR,Currency,602,CCYY,A,Normal value,PU,Public
datastructure,WB.DATA360:DS_DATA360(1.2),I,A,Annual,CMR,Cameroon,WB_CLEAR_AQUASTAT_4554,SDG 6.4.1. Services Water Use Efficiency (US$/m3),_T,Total,_T,All age ranges or no breakdown by age,_T,Total,USD_M3,US dollars per cubic metre,_Z,Not Applicable,_Z,Not Applicable,_Z,Not Applicable,2018,74.73374076,WB_CLEAR,Climate and Economic Analyses for Resilience in Water (CLEAR Water),0,Units,CUR,Currency,602,CCYY,A,Normal value,PU,Public
datastructure,WB.DATA360:DS_DATA360(1.2),I,A,Annual,CAF,Central African Republic,WB_CLEAR_AQUASTAT_4554,SDG 6.4.1. Services Water Use Efficiency (US$/m3),_T,Total,_T,All age ranges or no breakdown by age,_T,Total,USD_M3,US dollars per cubic metre,_Z,Not Applicable,_Z,Not Applicable,_Z,Not Applicable,2018,13.89526271,WB_CLEAR,Climate and Economic Analyses for Resilience in Water (CLEAR Water),0,Units,CUR,Currency,602,CCYY,A,Normal value,PU,Public
datastructure,WB.DATA360:DS_DATA360(1.2),I,A,Annual,TCD,Chad,WB_CLEAR_AQUASTAT_4554,SDG 6.4.1. Services Water Use Efficiency (US$/m3),_T,Total,_T,All age ranges or no breakdown by age,_T,Total,USD_M3,US dollars per cubic metre,_Z,Not Applicable,_Z,Not Applicable,_Z,Not Applicable,2018,58.30080817,WB_CLEAR,Climate and Economic Analyses for Resilience in Water (CLEAR Water),0,Units,CUR,Currency,602,CCYY,A,Normal value,PU,Public
datastructure,WB.DATA360:DS_DATA360(1.2),I,A,Annual,CHN,China,WB_CLEAR_AQUASTAT_4554,SDG 6.4.1. Services Water Use Efficiency (US$/m3),_T,Total,_T,All age ranges or no breakdown by age,_T,Total,USD_M3,US dollars per cubic metre,_Z,Not Applicable,_Z,Not Applicable,_Z,Not Applicable,2018,93.24137127,WB_CLEAR,Climate and Economic Analyses for Resilience in Water (CLEAR Water),0,Units,CUR,Currency,602,CCYY,A,Normal value,PU,Public
datastructure,WB.DATA360:DS_DATA360(1.2),I,A,Annual,COL,Colombia,WB_CLEAR_AQUASTAT_4554,SDG 6.4.1. Services Water Use Efficiency (US$/m3),_T,Total,_T,All age ranges or no breakdown by age,_T,Total,USD_M3,US dollars per cubic metre,_Z,Not Applicable,_Z,Not Applicable,_Z,Not Applicable,2018,52.29766213,WB_CLEAR,Climate and Economic Analyses for Resilience in Water (CLEAR Water),0,Units,CUR,Currency,602,CCYY,A,Normal value,PU,Public
datastructure,WB.DATA360:DS_DATA360(1.2),I,A,Annual,COM,Comoros,WB_CLEAR_AQUASTAT_4554,SDG 6.4.1. Services Water Use Efficiency (US$/m3),_T,Total,_T,All age ranges or no breakdown by age,_T,Total,USD_M3,US dollars per cubic metre,_Z,Not Applicable,_Z,Not Applicable,_Z,Not Applicable,2018,123.2409569,WB_CLEAR,Climate and Economic Analyses for Resilience in Water (CLEAR Water),0,Units,CUR,Currency,602,CCYY,A,Normal value,PU,Public
datastructure,WB.DATA360:DS_DATA360(1.2),I,A,Annual,COG,"Congo, Rep.",WB_CLEAR_AQUASTAT_4554,SDG 6.4.1. Services Water Use Efficiency (US$/m3),_T,Total,_T,All age ranges or no breakdown by age,_T,Total,USD_M3,US dollars per cubic metre,_Z,Not Applicable,_Z,Not Applicable,_Z,Not Applicable,2018,73.13646823,WB_CLEAR,Climate and Economic Analyses for Resilience in Water (CLEAR Water),0,Units,CUR,Currency,602,CCYY,A,Normal value,PU,Public
datastructure,WB.DATA360:DS_DATA360(1.2),I,A,Annual,CRI,Costa Rica,WB_CLEAR_AQUASTAT_4554,SDG 6.4.1. Services Water Use Efficiency (US$/m3),_T,Total,_T,All age ranges or no breakdown by age,_T,Total,USD_M3,US dollars per cubic metre,_Z,Not Applicable,_Z,Not Applicable,_Z,Not Applicable,2018,65.80400212,WB_CLEAR,Climate and Economic Analyses for Resilience in Water (CLEAR Water),0,Units,CUR,Currency,602,CCYY,A,Normal value,PU,Public
datastructure,WB.DATA360:DS_DATA360(1.2),I,A,Annual,CIV,Cote d'Ivoire,WB_CLEAR_AQUASTAT_4554,SDG 6.4.1. Services Water Use Efficiency (US$/m3),_T,Total,_T,All age ranges or no breakdown by age,_T,Total,USD_M3,US dollars per cubic metre,_Z,Not Applicable,_Z,Not Applicable,_Z,Not Applicable,2018,62.21561056,WB_CLEAR,Climate and Economic Analyses for Resilience in Water (CLEAR Water),0,Units,CUR,Currency,602,CCYY,A,Normal value,PU,Public
datastructure,WB.DATA360:DS_DATA360(1.2),I,A,Annual,HRV,Croatia,WB_CLEAR_AQUASTAT_4554,SDG 6.4.1. Services Water Use Efficiency (US$/m3),_T,Total,_T,All age ranges or no breakdown by age,_T,Total,USD_M3,US dollars per cubic metre,_Z,Not Applicable,_Z,Not Applicable,_Z,Not Applicable,2018,74.30596081,WB_CLEAR,Climate and Economic Analyses for Resilience in Water (CLEAR Water),0,Units,CUR,Currency,602,CCYY,A,Normal value,PU,Public
datastructure,WB.DATA360:DS_DATA360(1.2),I,A,Annual,CUB,Cuba,WB_CLEAR_AQUASTAT_4554,SDG 6.4.1. Services Water Use Efficiency (US$/m3),_T,Total,_T,All age ranges or no breakdown by age,_T,Total,USD_M3,US dollars per cubic metre,_Z,Not Applicable,_Z,Not Applicable,_Z,Not Applicable,2018,38.50663501,WB_CLEAR,Climate and Economic Analyses for Resilience in Water (CLEAR Water),0,Units,CUR,Currency,602,CCYY,A,Normal value,PU,Public
datastructure,WB.DATA360:DS_DATA360(1.2),I,A,Annual,CYP,Cyprus,WB_CLEAR_AQUASTAT_4554,SDG 6.4.1. Services Water Use Efficiency (US$/m3),_T,Total,_T,All age ranges or no breakdown by age,_T,Total,USD_M3,US dollars per cubic metre,_Z,Not Applicable,_Z,Not Applicable,_Z,Not Applicable,2018,152.9856328,WB_CLEAR,Climate and Economic Analyses for Resilience in Water (CLEAR Water),0,Units,CUR,Currency,602,CCYY,A,Normal value,PU,Public
datastructure,WB.DATA360:DS_DATA360(1.2),I,A,Annual,CZE,Czechia,WB_CLEAR_AQUASTAT_4554,SDG 6.4.1. Services Water Use Efficiency (US$/m3),_T,Total,_T,All age ranges or no breakdown by age,_T,Total,USD_M3,US dollars per cubic metre,_Z,Not Applicable,_Z,Not Applicable,_Z,Not Applicable,2018,186.8330078,WB_CLEAR,Climate and Economic Analyses for Resilience in Water (CLEAR Water),0,Units,CUR,Currency,602,CCYY,A,Normal value,PU,Public
datastructure,WB.DATA360:DS_DATA360(1.2),I,A,Annual,PRK,"Korea, Dem. People's Rep.",WB_CLEAR_AQUASTAT_4554,SDG 6.4.1. Services Water Use Efficiency (US$/m3),_T,Total,_T,All age ranges or no breakdown by age,_T,Total,USD_M3,US dollars per cubic metre,_Z,Not Applicable,_Z,Not Applicable,_Z,Not Applicable,2018,6.666936346,WB_CLEAR,Climate and Economic Analyses for Resilience in Water (CLEAR Water),0,Units,CUR,Currency,602,CCYY,A,Normal value,PU,Public
datastructure,WB.DATA360:DS_DATA360(1.2),I,A,Annual,COD,"Congo, Dem. Rep.",WB_CLEAR_AQUASTAT_4554,SDG 6.4.1. Services Water Use Efficiency (US$/m3),_T,Total,_T,All age ranges or no breakdown by age,_T,Total,USD_M3,US dollars per cubic metre,_Z,Not Applicable,_Z,Not Applicable,_Z,Not Applicable,2018,34.60781823,WB_CLEAR,Climate and Economic Analyses for Resilience in Water (CLEAR Water),0,Units,CUR,Currency,602,CCYY,A,Normal value,PU,Public
datastructure,WB.DATA360:DS_DATA360(1.2),I,A,Annual,DNK,Denmark,WB_CLEAR_AQUASTAT_4554,SDG 6.4.1. Services Water Use Efficiency (US$/m3),_T,Total,_T,All age ranges or no breakdown by age,_T,Total,USD_M3,US dollars per cubic metre,_Z,Not Applicable,_Z,Not Applicable,_Z,Not Applicable,2018,554.5389453,WB_CLEAR,Climate and Economic Analyses for Resilience in Water (CLEAR Water),0,Units,CUR,Currency,602,CCYY,A,Normal value,PU,Public
datastructure,WB.DATA360:DS_DATA360(1.2),I,A,Annual,DJI,Djibouti,WB_CLEAR_AQUASTAT_4554,SDG 6.4.1. Services Water Use Efficiency (US$/m3),_T,Total,_T,All age ranges or no breakdown by age,_T,Total,USD_M3,US dollars per cubic metre,_Z,Not Applicable,_Z,Not Applicable,_Z,Not Applicable,2018,158.1509473,WB_CLEAR,Climate and Economic Analyses for Resilience in Water (CLEAR Water),0,Units,CUR,Currency,602,CCYY,A,Normal value,PU,Public
datastructure,WB.DATA360:DS_DATA360(1.2),I,A,Annual,DMA,Dominica,WB_CLEAR_AQUASTAT_4554,SDG 6.4.1. Services Water Use Efficiency (US$/m3),_T,Total,_T,All age ranges or no breakdown by age,_T,Total,USD_M3,US dollars per cubic metre,_Z,Not Applicable,_Z,Not Applicable,_Z,Not Applicable,2018,15.53239734,WB_CLEAR,Climate and Economic Analyses for Resilience in Water (CLEAR Water),0,Units,CUR,Currency,602,CCYY,A,Normal value,PU,Public
datastructure,WB.DATA360:DS_DATA360(1.2),I,A,Annual,DOM,Dominican Republic,WB_CLEAR_AQUASTAT_4554,SDG 6.4.1. Services Water Use Efficiency (US$/m3),_T,Total,_T,All age ranges or no breakdown by age,_T,Total,USD_M3,US dollars per cubic metre,_Z,Not Applicable,_Z,Not Applicable,_Z,Not Applicable,2018,57.61462359,WB_CLEAR,Climate and Economic Analyses for Resilience in Water (CLEAR Water),0,Units,CUR,Currency,602,CCYY,A,Normal value,PU,Public
datastructure,WB.DATA360:DS_DATA360(1.2),I,A,Annual,ECU,Ecuador,WB_CLEAR_AQUASTAT_4554,SDG 6.4.1. Services Water Use Efficiency (US$/m3),_T,Total,_T,All age ranges or no breakdown by age,_T,Total,USD_M3,US dollars per cubic metre,_Z,Not Applicable,_Z,Not Applicable,_Z,Not Applicable,2018,42.21092394,WB_CLEAR,Climate and Economic Analyses for Resilience in Water (CLEAR Water),0,Units,CUR,Currency,602,CCYY,A,Normal value,PU,Public
datastructure,WB.DATA360:DS_DATA360(1.2),I,A,Annual,EGY,"Egypt, Arab Rep.",WB_CLEAR_AQUASTAT_4554,SDG 6.4.1. Services Water Use Efficiency (US$/m3),_T,Total,_T,All age ranges or no breakdown by age,_T,Total,USD_M3,US dollars per cubic metre,_Z,Not Applicable,_Z,Not Applicable,_Z,Not Applicable,2018,18.1322142,WB_CLEAR,Climate and Economic Analyses for Resilience in Water (CLEAR Water),0,Units,CUR,Currency,602,CCYY,A,Normal value,PU,Public
datastructure,WB.DATA360:DS_DATA360(1.2),I,A,Annual,SLV,El Salvador,WB_CLEAR_AQUASTAT_4554,SDG 6.4.1. Services Water Use Efficiency (US$/m3),_T,Total,_T,All age ranges or no breakdown by age,_T,Total,USD_M3,US dollars per cubic metre,_Z,Not Applicable,_Z,Not Applicable,_Z,Not Applicable,2018,33.89406046,WB_CLEAR,Climate and Economic Analyses for Resilience in Water (CLEAR Water),0,Units,CUR,Currency,602,CCYY,A,Normal value,PU,Public
datastructure,WB.DATA360:DS_DATA360(1.2),I,A,Annual,GNQ,Equatorial Guinea,WB_CLEAR_AQUASTAT_4554,SDG 6.4.1. Services Water Use Efficiency (US$/m3),_T,Total,_T,All age ranges or no breakdown by age,_T,Total,USD_M3,US dollars per cubic metre,_Z,Not Applicable,_Z,Not Applicable,_Z,Not Applicable,2018,278.2038089,WB_CLEAR,Climate and Economic Analyses for Resilience in Water (CLEAR Water),0,Units,CUR,Currency,602,CCYY,A,Normal value,PU,Public
datastructure,WB.DATA360:DS_DATA360(1.2),I,A,Annual,ERI,Eritrea,WB_CLEAR_AQUASTAT_4554,SDG 6.4.1. Services Water Use Efficiency (US$/m3),_T,Total,_T,All age ranges or no breakdown by age,_T,Total,USD_M3,US dollars per cubic metre,_Z,Not Applicable,_Z,Not Applicable,_Z,Not Applicable,2018,150.8141298,WB_CLEAR,Climate and Economic Analyses for Resilience in Water (CLEAR Water),0,Units,CUR,Currency,602,CCYY,A,Normal value,PU,Public
datastructure,WB.DATA360:DS_DATA360(1.2),I,A,Annual,EST,Estonia,WB_CLEAR_AQUASTAT_4554,SDG 6.4.1. Services Water Use Efficiency (US$/m3),_T,Total,_T,All age ranges or no breakdown by age,_T,Total,USD_M3,US dollars per cubic metre,_Z,Not Applicable,_Z,Not Applicable,_Z,Not Applicable,2018,270.3398955,WB_CLEAR,Climate and Economic Analyses for Resilience in Water (CLEAR Water),0,Units,CUR,Currency,602,CCYY,A,Normal value,PU,Public
datastructure,WB.DATA360:DS_DATA360(1.2),I,A,Annual,SWZ,Eswatini,WB_CLEAR_AQUASTAT_4554,SDG 6.4.1. Services Water Use Efficiency (US$/m3),_T,Total,_T,All age ranges or no breakdown by age,_T,Total,USD_M3,US dollars per cubic metre,_Z,Not Applicable,_Z,Not Applicable,_Z,Not Applicable,2018,57.07758156,WB_CLEAR,Climate and Economic Analyses for Resilience in Water (CLEAR Water),0,Units,CUR,Currency,602,CCYY,A,Normal value,PU,Public
datastructure,WB.DATA360:DS_DATA360(1.2),I,A,Annual,ETH,Ethiopia,WB_CLEAR_AQUASTAT_4554,SDG 6.4.1. Services Water Use Efficiency (US$/m3),_T,Total,_T,All age ranges or no breakdown by age,_T,Total,USD_M3,US dollars per cubic metre,_Z,Not Applicable,_Z,Not Applicable,_Z,Not Applicable,2018,36.50937405,WB_CLEAR,Climate and Economic Analyses for Resilience in Water (CLEAR Water),0,Units,CUR,Currency,602,CCYY,A,Normal value,PU,Public
datastructure,WB.DATA360:DS_DATA360(1.2),I,A,Annual,FJI,Fiji,WB_CLEAR_AQUASTAT_4554,SDG 6.4.1. Services Water Use Efficiency (US$/m3),_T,Total,_T,All age ranges or no breakdown by age,_T,Total,USD_M3,US dollars per cubic metre,_Z,Not Applicable,_Z,Not Applicable,_Z,Not Applicable,2018,115.5094838,WB_CLEAR,Climate and Economic Analyses for Resilience in Water (CLEAR Water),0,Units,CUR,Currency,602,CCYY,A,Normal value,PU,Public
datastructure,WB.DATA360:DS_DATA360(1.2),I,A,Annual,AFG,Afghanistan,WB_CLEAR_AQUASTAT_4554,SDG 6.4.1. Services Water Use Efficiency (US$/m3),_T,Total,_T,All age ranges or no breakdown by age,_T,Total,USD_M3,US dollars per cubic metre,_Z,Not Applicable,_Z,Not Applicable,_Z,Not Applicable,2018,57.68390095,WB_CLEAR,Climate and Economic Analyses for Resilience in Water (CLEAR Water),0,Units,CUR,Currency,602,CCYY,A,Normal value,PU,Public
datastructure,WB.DATA360:DS_DATA360(1.2),I,A,Annual,ALB,Albania,WB_CLEAR_AQUASTAT_4554,SDG 6.4.1. Services Water Use Efficiency (US$/m3),_T,Total,_T,All age ranges or no breakdown by age,_T,Total,USD_M3,US dollars per cubic metre,_Z,Not Applicable,_Z,Not Applicable,_Z,Not Applicable,2018,31.38714332,WB_CLEAR,Climate and Economic Analyses for Resilience in Water (CLEAR Water),0,Units,CUR,Currency,602,CCYY,A,Normal value,PU,Public
datastructure,WB.DATA360:DS_DATA360(1.2),I,A,Annual,DZA,Algeria,WB_CLEAR_AQUASTAT_4554,SDG 6.4.1. Services Water Use Efficiency (US$/m3),_T,Total,_T,All age ranges or no breakdown by age,_T,Total,USD_M3,US dollars per cubic metre,_Z,Not Applicable,_Z,Not Applicable,_Z,Not Applicable,2018,22.2944635,WB_CLEAR,Climate and Economic Analyses for Resilience in Water (CLEAR Water),0,Units,CUR,Currency,602,CCYY,A,Normal value,PU,Public
datastructure,WB.DATA360:DS_DATA360(1.2),I,A,Annual,AGO,Angola,WB_CLEAR_AQUASTAT_4554,SDG 6.4.1. Services Water Use Efficiency (US$/m3),_T,Total,_T,All age ranges or no breakdown by age,_T,Total,USD_M3,US dollars per cubic metre,_Z,Not Applicable,_Z,Not Applicable,_Z,Not Applicable,2018,173.7773023,WB_CLEAR,Climate and Economic Analyses for Resilience in Water (CLEAR Water),0,Units,CUR,Currency,602,CCYY,A,Normal value,PU,Public
datastructure,WB.DATA360:DS_DATA360(1.2),I,A,Annual,ATG,Antigua and Barbuda,WB_CLEAR_AQUASTAT_4554,SDG 6.4.1. Services Water Use Efficiency (US$/m3),_T,Total,_T,All age ranges or no breakdown by age,_T,Total,USD_M3,US dollars per cubic metre,_Z,Not Applicable,_Z,Not Applicable,_Z,Not Applicable,2018,150.086508,WB_CLEAR,Climate and Economic Analyses for Resilience in Water (CLEAR Water),0,Units,CUR,Currency,602,CCYY,A,Normal value,PU,Public
datastructure,WB.DATA360:DS_DATA360(1.2),I,A,Annual,ARG,Argentina,WB_CLEAR_AQUASTAT_4554,SDG 6.4.1. Services Water Use Efficiency (US$/m3),_T,Total,_T,All age ranges or no breakdown by age,_T,Total,USD_M3,US dollars per cubic metre,_Z,Not Applicable,_Z,Not Applicable,_Z,Not Applicable,2018,62.51994066,WB_CLEAR,Climate and Economic Analyses for Resilience in Water (CLEAR Water),0,Units,CUR,Currency,602,CCYY,A,Normal value,PU,Public
datastructure,WB.DATA360:DS_DATA360(1.2),I,A,Annual,ARM,Armenia,WB_CLEAR_AQUASTAT_4554,SDG 6.4.1. Services Water Use Efficiency (US$/m3),_T,Total,_T,All age ranges or no breakdown by age,_T,Total,USD_M3,US dollars per cubic metre,_Z,Not Applicable,_Z,Not Applicable,_Z,Not Applicable,2018,9.654523455,WB_CLEAR,Climate and Economic Analyses for Resilience in Water (CLEAR Water),0,Units,CUR,Currency,602,CCYY,A,Normal value,PU,Public
datastructure,WB.DATA360:DS_DATA360(1.2),I,A,Annual,AUS,Australia,WB_CLEAR_AQUASTAT_4554,SDG 6.4.1. Services Water Use Efficiency (US$/m3),_T,Total,_T,All age ranges or no breakdown by age,_T,Total,USD_M3,US dollars per cubic metre,_Z,Not Applicable,_Z,Not Applicable,_Z,Not Applicable,2018,405.62637,WB_CLEAR,Climate and Economic Analyses for Resilience in Water (CLEAR Water),0,Units,CUR,Currency,602,CCYY,A,Normal value,PU,Public
datastructure,WB.DATA360:DS_DATA360(1.2),I,A,Annual,AUT,Austria,WB_CLEAR_AQUASTAT_4554,SDG 6.4.1. Services Water Use Efficiency (US$/m3),_T,Total,_T,All age ranges or no breakdown by age,_T,Total,USD_M3,US dollars per cubic metre,_Z,Not Applicable,_Z,Not Applicable,_Z,Not Applicable,2018,369.5564464,WB_CLEAR,Climate and Economic Analyses for Resilience in Water (CLEAR Water),0,Units,CUR,Currency,602,CCYY,A,Normal value,PU,Public
datastructure,WB.DATA360:DS_DATA360(1.2),I,A,Annual,CAN,Canada,WB_CLEAR_AQUASTAT_4554,SDG 6.4.1. Services Water Use Efficiency (US$/m3),_T,Total,_T,All age ranges or no breakdown by age,_T,Total,USD_M3,US dollars per cubic metre,_Z,Not Applicable,_Z,Not Applicable,_Z,Not Applicable,2018,235.0546305,WB_CLEAR,Climate and Economic Analyses for Resilience in Water (CLEAR Water),0,Units,CUR,Currency,602,CCYY,A,Normal value,PU,Public
datastructure,WB.DATA360:DS_DATA360(1.2),I,A,Annual,DEU,Germany,WB_CLEAR_AQUASTAT_4554,SDG 6.4.1. Services Water Use Efficiency (US$/m3),_T,Total,_T,All age ranges or no breakdown by age,_T,Total,USD_M3,US dollars per cubic metre,_Z,Not Applicable,_Z,Not Applicable,_Z,Not Applicable,2018,219.2628077,WB_CLEAR,Climate and Economic Analyses for Resilience in Water (CLEAR Water),0,Units,CUR,Currency,602,CCYY,A,Normal value,PU,Public
datastructure,WB.DATA360:DS_DATA360(1.2),I,A,Annual,CHL,Chile,WB_CLEAR_AQUASTAT_4554,SDG 6.4.1. Services Water Use Efficiency (US$/m3),_T,Total,_T,All age ranges or no breakdown by age,_T,Total,USD_M3,US dollars per cubic metre,_Z,Not Applicable,_Z,Not Applicable,_Z,Not Applicable,2018,123.0337157,WB_CLEAR,Climate and Economic Analyses for Resilience in Water (CLEAR Water),0,Units,CUR,Currency,602,CCYY,A,Normal value,PU,Public
