STRUCTURE,STRUCTURE_ID,ACTION,FREQ,REF_AREA,INDICATOR,SEX,AGE,URBANISATION,UNIT_MEASURE,COMP_BREAKDOWN_1,COMP_BREAKDOWN_2,COMP_BREAKDOWN_3,TIME_PERIOD,OBS_VALUE,AGG_METHOD,UNIT_TYPE,DECIMALS,DATABASE_ID,TIME_FORMAT,UNIT_MULT,OBS_STATUS,OBS_CONF,FREQ_LABEL,REF_AREA_LABEL,INDICATOR_LABEL,SEX_LABEL,AGE_LABEL,URBANISATION_LABEL,UNIT_MEASURE_LABEL,COMP_BREAKDOWN_1_LABEL,COMP_BREAKDOWN_2_LABEL,COMP_BREAKDOWN_3_LABEL,AGG_METHOD_LABEL,UNIT_TYPE_LABEL,DECIMALS_LABEL,DATABASE_ID_LABEL,TIME_FORMAT_LABEL,UNIT_MULT_LABEL,OBS_STATUS_LABEL,OBS_CONF_LABEL
datastructure,WB.DATA360:DS_DATA360(1.3),I,A,ZWE,WB_WDI_SH_FPL_SATM_ZS,_T,_T,_T,PT,_Z,_Z,_Z,2015,85.2,_Z,RATIO,2,WB_WDI,P1Y,0,A,PU,Annual,Zimbabwe,Demand for family planning satisfied by modern methods (% of married women with demand for family planning),Total,All age ranges or no breakdown by age,Total,Percentage,Not Applicable,Not Applicable,Not Applicable,Not Applicable,Ratio,Two,World Development Indicators (WDI),Annual,Units,Normal value,Public
datastructure,WB.DATA360:DS_DATA360(1.3),I,A,ZMB,WB_WDI_SH_FPL_SATM_ZS,_T,_T,_T,PT,_Z,_Z,_Z,2014,63.8,_Z,RATIO,2,WB_WDI,P1Y,0,A,PU,Annual,Zambia,Demand for family planning satisfied by modern methods (% of married women with demand for family planning),Total,All age ranges or no breakdown by age,Total,Percentage,Not Applicable,Not Applicable,Not Applicable,Not Applicable,Ratio,Two,World Development Indicators (WDI),Annual,Units,Normal value,Public
datastructure,WB.DATA360:DS_DATA360(1.3),I,A,ZMB,WB_WDI_SH_FPL_SATM_ZS,_T,_T,_T,PT,_Z,_Z,_Z,2018,68.5,_Z,RATIO,2,WB_WDI,P1Y,0,A,PU,Annual,Zambia,Demand for family planning satisfied by modern methods (% of married women with demand for family planning),Total,All age ranges or no breakdown by age,Total,Percentage,Not Applicable,Not Applicable,Not Applicable,Not Applicable,Ratio,Two,World Development Indicators (WDI),Annual,Units,Normal value,Public
datastructure,WB.DATA360:DS_DATA360(1.3),I,A,ZWE,WB_WDI_SH_FPL_SATM_ZS,_T,_T,_T,PT,_Z,_Z,_Z,2011,78.3,_Z,RATIO,2,WB_WDI,P1Y,0,A,PU,Annual,Zimbabwe,Demand for family planning satisfied by modern methods (% of married women with demand for family planning),Total,All age ranges or no breakdown by age,Total,Percentage,Not Applicable,Not Applicable,Not Applicable,Not Applicable,Ratio,Two,World Development Indicators (WDI),Annual,Units,Normal value,Public
datastructure,WB.DATA360:DS_DATA360(1.3),I,A,YEM,WB_WDI_SH_FPL_SATM_ZS,_T,_T,_T,PT,_Z,_Z,_Z,2013,46.9,_Z,RATIO,2,WB_WDI,P1Y,0,A,PU,Annual,"Yemen, Rep.",Demand for family planning satisfied by modern methods (% of married women with demand for family planning),Total,All age ranges or no breakdown by age,Total,Percentage,Not Applicable,Not Applicable,Not Applicable,Not Applicable,Ratio,Two,World Development Indicators (WDI),Annual,Units,Normal value,Public
datastructure,WB.DATA360:DS_DATA360(1.3),I,A,ZWE,WB_WDI_SH_FPL_SATM_ZS,_T,_T,_T,PT,_Z,_Z,_Z,1999,71.6,_Z,RATIO,2,WB_WDI,P1Y,0,A,PU,Annual,Zimbabwe,Demand for family planning satisfied by modern methods (% of married women with demand for family planning),Total,All age ranges or no breakdown by age,Total,Percentage,Not Applicable,Not Applicable,Not Applicable,Not Applicable,Ratio,Two,World Development Indicators (WDI),Annual,Units,Normal value,Public
datastructure,WB.DATA360:DS_DATA360(1.3),I,A,AFW,WB_WDI_SH_FPL_SATM_ZS,_T,_T,_T,PT,_Z,_Z,_Z,2022,40.76796518913433,_Z,RATIO,2,WB_WDI,P1Y,0,A,PU,Annual,Africa Western and Central,Demand for family planning satisfied by modern methods (% of married women with demand for family planning),Total,All age ranges or no breakdown by age,Total,Percentage,Not Applicable,Not Applicable,Not Applicable,Not Applicable,Ratio,Two,World Development Indicators (WDI),Annual,Units,Normal value,Public
datastructure,WB.DATA360:DS_DATA360(1.3),I,A,IND,WB_WDI_SH_FPL_SATM_ZS,_T,_T,_T,PT,_Z,_Z,_Z,2016,71.9,_Z,RATIO,2,WB_WDI,P1Y,0,A,PU,Annual,India,Demand for family planning satisfied by modern methods (% of married women with demand for family planning),Total,All age ranges or no breakdown by age,Total,Percentage,Not Applicable,Not Applicable,Not Applicable,Not Applicable,Ratio,Two,World Development Indicators (WDI),Annual,Units,Normal value,Public
datastructure,WB.DATA360:DS_DATA360(1.3),I,A,COM,WB_WDI_SH_FPL_SATM_ZS,_T,_T,_T,PT,_Z,_Z,_Z,2012,27.4,_Z,RATIO,2,WB_WDI,P1Y,0,A,PU,Annual,Comoros,Demand for family planning satisfied by modern methods (% of married women with demand for family planning),Total,All age ranges or no breakdown by age,Total,Percentage,Not Applicable,Not Applicable,Not Applicable,Not Applicable,Ratio,Two,World Development Indicators (WDI),Annual,Units,Normal value,Public
datastructure,WB.DATA360:DS_DATA360(1.3),I,A,IDN,WB_WDI_SH_FPL_SATM_ZS,_T,_T,_T,PT,_Z,_Z,_Z,2017,77.1,_Z,RATIO,2,WB_WDI,P1Y,0,A,PU,Annual,Indonesia,Demand for family planning satisfied by modern methods (% of married women with demand for family planning),Total,All age ranges or no breakdown by age,Total,Percentage,Not Applicable,Not Applicable,Not Applicable,Not Applicable,Ratio,Two,World Development Indicators (WDI),Annual,Units,Normal value,Public
datastructure,WB.DATA360:DS_DATA360(1.3),I,A,JOR,WB_WDI_SH_FPL_SATM_ZS,_T,_T,_T,PT,_Z,_Z,_Z,2018,56.7,_Z,RATIO,2,WB_WDI,P1Y,0,A,PU,Annual,Jordan,Demand for family planning satisfied by modern methods (% of married women with demand for family planning),Total,All age ranges or no breakdown by age,Total,Percentage,Not Applicable,Not Applicable,Not Applicable,Not Applicable,Ratio,Two,World Development Indicators (WDI),Annual,Units,Normal value,Public
datastructure,WB.DATA360:DS_DATA360(1.3),I,A,NPL,WB_WDI_SH_FPL_SATM_ZS,_T,_T,_T,PT,_Z,_Z,_Z,2011,55.9,_Z,RATIO,2,WB_WDI,P1Y,0,A,PU,Annual,Nepal,Demand for family planning satisfied by modern methods (% of married women with demand for family planning),Total,All age ranges or no breakdown by age,Total,Percentage,Not Applicable,Not Applicable,Not Applicable,Not Applicable,Ratio,Two,World Development Indicators (WDI),Annual,Units,Normal value,Public
datastructure,WB.DATA360:DS_DATA360(1.3),I,A,JOR,WB_WDI_SH_FPL_SATM_ZS,_T,_T,_T,PT,_Z,_Z,_Z,2009,57.9,_Z,RATIO,2,WB_WDI,P1Y,0,A,PU,Annual,Jordan,Demand for family planning satisfied by modern methods (% of married women with demand for family planning),Total,All age ranges or no breakdown by age,Total,Percentage,Not Applicable,Not Applicable,Not Applicable,Not Applicable,Ratio,Two,World Development Indicators (WDI),Annual,Units,Normal value,Public
datastructure,WB.DATA360:DS_DATA360(1.3),I,A,KEN,WB_WDI_SH_FPL_SATM_ZS,_T,_T,_T,PT,_Z,_Z,_Z,2009,55.5,_Z,RATIO,2,WB_WDI,P1Y,0,A,PU,Annual,Kenya,Demand for family planning satisfied by modern methods (% of married women with demand for family planning),Total,All age ranges or no breakdown by age,Total,Percentage,Not Applicable,Not Applicable,Not Applicable,Not Applicable,Ratio,Two,World Development Indicators (WDI),Annual,Units,Normal value,Public
datastructure,WB.DATA360:DS_DATA360(1.3),I,A,UGA,WB_WDI_SH_FPL_SATM_ZS,_T,_T,_T,PT,_Z,_Z,_Z,2011,40.5,_Z,RATIO,2,WB_WDI,P1Y,0,A,PU,Annual,Uganda,Demand for family planning satisfied by modern methods (% of married women with demand for family planning),Total,All age ranges or no breakdown by age,Total,Percentage,Not Applicable,Not Applicable,Not Applicable,Not Applicable,Ratio,Two,World Development Indicators (WDI),Annual,Units,Normal value,Public
datastructure,WB.DATA360:DS_DATA360(1.3),I,A,COL,WB_WDI_SH_FPL_SATM_ZS,_T,_T,_T,PT,_Z,_Z,_Z,2010,83.8,_Z,RATIO,2,WB_WDI,P1Y,0,A,PU,Annual,Colombia,Demand for family planning satisfied by modern methods (% of married women with demand for family planning),Total,All age ranges or no breakdown by age,Total,Percentage,Not Applicable,Not Applicable,Not Applicable,Not Applicable,Ratio,Two,World Development Indicators (WDI),Annual,Units,Normal value,Public
datastructure,WB.DATA360:DS_DATA360(1.3),I,A,MWI,WB_WDI_SH_FPL_SATM_ZS,_T,_T,_T,PT,_Z,_Z,_Z,2016,74.6,_Z,RATIO,2,WB_WDI,P1Y,0,A,PU,Annual,Malawi,Demand for family planning satisfied by modern methods (% of married women with demand for family planning),Total,All age ranges or no breakdown by age,Total,Percentage,Not Applicable,Not Applicable,Not Applicable,Not Applicable,Ratio,Two,World Development Indicators (WDI),Annual,Units,Normal value,Public
datastructure,WB.DATA360:DS_DATA360(1.3),I,A,BFA,WB_WDI_SH_FPL_SATM_ZS,_T,_T,_T,PT,_Z,_Z,_Z,2010,36.9,_Z,RATIO,2,WB_WDI,P1Y,0,A,PU,Annual,Burkina Faso,Demand for family planning satisfied by modern methods (% of married women with demand for family planning),Total,All age ranges or no breakdown by age,Total,Percentage,Not Applicable,Not Applicable,Not Applicable,Not Applicable,Ratio,Two,World Development Indicators (WDI),Annual,Units,Normal value,Public
datastructure,WB.DATA360:DS_DATA360(1.3),I,A,BDI,WB_WDI_SH_FPL_SATM_ZS,_T,_T,_T,PT,_Z,_Z,_Z,2010,32.7,_Z,RATIO,2,WB_WDI,P1Y,0,A,PU,Annual,Burundi,Demand for family planning satisfied by modern methods (% of married women with demand for family planning),Total,All age ranges or no breakdown by age,Total,Percentage,Not Applicable,Not Applicable,Not Applicable,Not Applicable,Ratio,Two,World Development Indicators (WDI),Annual,Units,Normal value,Public
datastructure,WB.DATA360:DS_DATA360(1.3),I,A,KHM,WB_WDI_SH_FPL_SATM_ZS,_T,_T,_T,PT,_Z,_Z,_Z,2010,51.7,_Z,RATIO,2,WB_WDI,P1Y,0,A,PU,Annual,Cambodia,Demand for family planning satisfied by modern methods (% of married women with demand for family planning),Total,All age ranges or no breakdown by age,Total,Percentage,Not Applicable,Not Applicable,Not Applicable,Not Applicable,Ratio,Two,World Development Indicators (WDI),Annual,Units,Normal value,Public
datastructure,WB.DATA360:DS_DATA360(1.3),I,A,SEN,WB_WDI_SH_FPL_SATM_ZS,_T,_T,_T,PT,_Z,_Z,_Z,2013,34.2,_Z,RATIO,2,WB_WDI,P1Y,0,A,PU,Annual,Senegal,Demand for family planning satisfied by modern methods (% of married women with demand for family planning),Total,All age ranges or no breakdown by age,Total,Percentage,Not Applicable,Not Applicable,Not Applicable,Not Applicable,Ratio,Two,World Development Indicators (WDI),Annual,Units,Normal value,Public
datastructure,WB.DATA360:DS_DATA360(1.3),I,A,SLE,WB_WDI_SH_FPL_SATM_ZS,_T,_T,_T,PT,_Z,_Z,_Z,2013,37.5,_Z,RATIO,2,WB_WDI,P1Y,0,A,PU,Annual,Sierra Leone,Demand for family planning satisfied by modern methods (% of married women with demand for family planning),Total,All age ranges or no breakdown by age,Total,Percentage,Not Applicable,Not Applicable,Not Applicable,Not Applicable,Ratio,Two,World Development Indicators (WDI),Annual,Units,Normal value,Public
datastructure,WB.DATA360:DS_DATA360(1.3),I,A,PHL,WB_WDI_SH_FPL_SATM_ZS,_T,_T,_T,PT,_Z,_Z,_Z,2013,51.8,_Z,RATIO,2,WB_WDI,P1Y,0,A,PU,Annual,Philippines,Demand for family planning satisfied by modern methods (% of married women with demand for family planning),Total,All age ranges or no breakdown by age,Total,Percentage,Not Applicable,Not Applicable,Not Applicable,Not Applicable,Ratio,Two,World Development Indicators (WDI),Annual,Units,Normal value,Public
datastructure,WB.DATA360:DS_DATA360(1.3),I,A,KGZ,WB_WDI_SH_FPL_SATM_ZS,_T,_T,_T,PT,_Z,_Z,_Z,2012,62.0,_Z,RATIO,2,WB_WDI,P1Y,0,A,PU,Annual,Kyrgyz Republic,Demand for family planning satisfied by modern methods (% of married women with demand for family planning),Total,All age ranges or no breakdown by age,Total,Percentage,Not Applicable,Not Applicable,Not Applicable,Not Applicable,Ratio,Two,World Development Indicators (WDI),Annual,Units,Normal value,Public
datastructure,WB.DATA360:DS_DATA360(1.3),I,A,UGA,WB_WDI_SH_FPL_SATM_ZS,_T,_T,_T,PT,_Z,_Z,_Z,2016,51.6,_Z,RATIO,2,WB_WDI,P1Y,0,A,PU,Annual,Uganda,Demand for family planning satisfied by modern methods (% of married women with demand for family planning),Total,All age ranges or no breakdown by age,Total,Percentage,Not Applicable,Not Applicable,Not Applicable,Not Applicable,Ratio,Two,World Development Indicators (WDI),Annual,Units,Normal value,Public
datastructure,WB.DATA360:DS_DATA360(1.3),I,A,STP,WB_WDI_SH_FPL_SATM_ZS,_T,_T,_T,PT,_Z,_Z,_Z,2009,44.3,_Z,RATIO,2,WB_WDI,P1Y,0,A,PU,Annual,São Tomé and Príncipe,Demand for family planning satisfied by modern methods (% of married women with demand for family planning),Total,All age ranges or no breakdown by age,Total,Percentage,Not Applicable,Not Applicable,Not Applicable,Not Applicable,Ratio,Two,World Development Indicators (WDI),Annual,Units,Normal value,Public
datastructure,WB.DATA360:DS_DATA360(1.3),I,A,CMR,WB_WDI_SH_FPL_SATM_ZS,_T,_T,_T,PT,_Z,_Z,_Z,1998,17.7,_Z,RATIO,2,WB_WDI,P1Y,0,A,PU,Annual,Cameroon,Demand for family planning satisfied by modern methods (% of married women with demand for family planning),Total,All age ranges or no breakdown by age,Total,Percentage,Not Applicable,Not Applicable,Not Applicable,Not Applicable,Ratio,Two,World Development Indicators (WDI),Annual,Units,Normal value,Public
datastructure,WB.DATA360:DS_DATA360(1.3),I,A,PER,WB_WDI_SH_FPL_SATM_ZS,_T,_T,_T,PT,_Z,_Z,_Z,2012,61.1,_Z,RATIO,2,WB_WDI,P1Y,0,A,PU,Annual,Peru,Demand for family planning satisfied by modern methods (% of married women with demand for family planning),Total,All age ranges or no breakdown by age,Total,Percentage,Not Applicable,Not Applicable,Not Applicable,Not Applicable,Ratio,Two,World Development Indicators (WDI),Annual,Units,Normal value,Public
datastructure,WB.DATA360:DS_DATA360(1.3),I,A,ARM,WB_WDI_SH_FPL_SATM_ZS,_T,_T,_T,PT,_Z,_Z,_Z,2010,39.8,_Z,RATIO,2,WB_WDI,P1Y,0,A,PU,Annual,Armenia,Demand for family planning satisfied by modern methods (% of married women with demand for family planning),Total,All age ranges or no breakdown by age,Total,Percentage,Not Applicable,Not Applicable,Not Applicable,Not Applicable,Ratio,Two,World Development Indicators (WDI),Annual,Units,Normal value,Public
datastructure,WB.DATA360:DS_DATA360(1.3),I,A,GUY,WB_WDI_SH_FPL_SATM_ZS,_T,_T,_T,PT,_Z,_Z,_Z,2009,56.3,_Z,RATIO,2,WB_WDI,P1Y,0,A,PU,Annual,Guyana,Demand for family planning satisfied by modern methods (% of married women with demand for family planning),Total,All age ranges or no breakdown by age,Total,Percentage,Not Applicable,Not Applicable,Not Applicable,Not Applicable,Ratio,Two,World Development Indicators (WDI),Annual,Units,Normal value,Public
datastructure,WB.DATA360:DS_DATA360(1.3),I,A,YEM,WB_WDI_SH_FPL_SATM_ZS,_T,_T,_T,PT,_Z,_Z,_Z,1992,12.7,_Z,RATIO,2,WB_WDI,P1Y,0,A,PU,Annual,"Yemen, Rep.",Demand for family planning satisfied by modern methods (% of married women with demand for family planning),Total,All age ranges or no breakdown by age,Total,Percentage,Not Applicable,Not Applicable,Not Applicable,Not Applicable,Ratio,Two,World Development Indicators (WDI),Annual,Units,Normal value,Public
datastructure,WB.DATA360:DS_DATA360(1.3),I,A,ZMB,WB_WDI_SH_FPL_SATM_ZS,_T,_T,_T,PT,_Z,_Z,_Z,1992,19.6,_Z,RATIO,2,WB_WDI,P1Y,0,A,PU,Annual,Zambia,Demand for family planning satisfied by modern methods (% of married women with demand for family planning),Total,All age ranges or no breakdown by age,Total,Percentage,Not Applicable,Not Applicable,Not Applicable,Not Applicable,Ratio,Two,World Development Indicators (WDI),Annual,Units,Normal value,Public
datastructure,WB.DATA360:DS_DATA360(1.3),I,A,MMR,WB_WDI_SH_FPL_SATM_ZS,_T,_T,_T,PT,_Z,_Z,_Z,2016,74.9,_Z,RATIO,2,WB_WDI,P1Y,0,A,PU,Annual,Myanmar,Demand for family planning satisfied by modern methods (% of married women with demand for family planning),Total,All age ranges or no breakdown by age,Total,Percentage,Not Applicable,Not Applicable,Not Applicable,Not Applicable,Ratio,Two,World Development Indicators (WDI),Annual,Units,Normal value,Public
datastructure,WB.DATA360:DS_DATA360(1.3),I,A,NPL,WB_WDI_SH_FPL_SATM_ZS,_T,_T,_T,PT,_Z,_Z,_Z,2016,56.0,_Z,RATIO,2,WB_WDI,P1Y,0,A,PU,Annual,Nepal,Demand for family planning satisfied by modern methods (% of married women with demand for family planning),Total,All age ranges or no breakdown by age,Total,Percentage,Not Applicable,Not Applicable,Not Applicable,Not Applicable,Ratio,Two,World Development Indicators (WDI),Annual,Units,Normal value,Public
datastructure,WB.DATA360:DS_DATA360(1.3),I,A,BGD,WB_WDI_SH_FPL_SATM_ZS,_T,_T,_T,PT,_Z,_Z,_Z,2011,69.7,_Z,RATIO,2,WB_WDI,P1Y,0,A,PU,Annual,Bangladesh,Demand for family planning satisfied by modern methods (% of married women with demand for family planning),Total,All age ranges or no breakdown by age,Total,Percentage,Not Applicable,Not Applicable,Not Applicable,Not Applicable,Ratio,Two,World Development Indicators (WDI),Annual,Units,Normal value,Public
datastructure,WB.DATA360:DS_DATA360(1.3),I,A,IDN,WB_WDI_SH_FPL_SATM_ZS,_T,_T,_T,PT,_Z,_Z,_Z,2003,77.1,_Z,RATIO,2,WB_WDI,P1Y,0,A,PU,Annual,Indonesia,Demand for family planning satisfied by modern methods (% of married women with demand for family planning),Total,All age ranges or no breakdown by age,Total,Percentage,Not Applicable,Not Applicable,Not Applicable,Not Applicable,Ratio,Two,World Development Indicators (WDI),Annual,Units,Normal value,Public
datastructure,WB.DATA360:DS_DATA360(1.3),I,A,BGD,WB_WDI_SH_FPL_SATM_ZS,_T,_T,_T,PT,_Z,_Z,_Z,2018,70.3,_Z,RATIO,2,WB_WDI,P1Y,0,A,PU,Annual,Bangladesh,Demand for family planning satisfied by modern methods (% of married women with demand for family planning),Total,All age ranges or no breakdown by age,Total,Percentage,Not Applicable,Not Applicable,Not Applicable,Not Applicable,Ratio,Two,World Development Indicators (WDI),Annual,Units,Normal value,Public
datastructure,WB.DATA360:DS_DATA360(1.3),I,A,BEN,WB_WDI_SH_FPL_SATM_ZS,_T,_T,_T,PT,_Z,_Z,_Z,2018,25.9,_Z,RATIO,2,WB_WDI,P1Y,0,A,PU,Annual,Benin,Demand for family planning satisfied by modern methods (% of married women with demand for family planning),Total,All age ranges or no breakdown by age,Total,Percentage,Not Applicable,Not Applicable,Not Applicable,Not Applicable,Ratio,Two,World Development Indicators (WDI),Annual,Units,Normal value,Public
datastructure,WB.DATA360:DS_DATA360(1.3),I,A,PER,WB_WDI_SH_FPL_SATM_ZS,_T,_T,_T,PT,_Z,_Z,_Z,2009,59.4,_Z,RATIO,2,WB_WDI,P1Y,0,A,PU,Annual,Peru,Demand for family planning satisfied by modern methods (% of married women with demand for family planning),Total,All age ranges or no breakdown by age,Total,Percentage,Not Applicable,Not Applicable,Not Applicable,Not Applicable,Ratio,Two,World Development Indicators (WDI),Annual,Units,Normal value,Public
datastructure,WB.DATA360:DS_DATA360(1.3),I,A,BOL,WB_WDI_SH_FPL_SATM_ZS,_T,_T,_T,PT,_Z,_Z,_Z,2008,42.8,_Z,RATIO,2,WB_WDI,P1Y,0,A,PU,Annual,Bolivia,Demand for family planning satisfied by modern methods (% of married women with demand for family planning),Total,All age ranges or no breakdown by age,Total,Percentage,Not Applicable,Not Applicable,Not Applicable,Not Applicable,Ratio,Two,World Development Indicators (WDI),Annual,Units,Normal value,Public
datastructure,WB.DATA360:DS_DATA360(1.3),I,A,TUR,WB_WDI_SH_FPL_SATM_ZS,_T,_T,_T,PT,_Z,_Z,_Z,2008,56.5,_Z,RATIO,2,WB_WDI,P1Y,0,A,PU,Annual,Türkiye,Demand for family planning satisfied by modern methods (% of married women with demand for family planning),Total,All age ranges or no breakdown by age,Total,Percentage,Not Applicable,Not Applicable,Not Applicable,Not Applicable,Ratio,Two,World Development Indicators (WDI),Annual,Units,Normal value,Public
datastructure,WB.DATA360:DS_DATA360(1.3),I,A,GMB,WB_WDI_SH_FPL_SATM_ZS,_T,_T,_T,PT,_Z,_Z,_Z,2020,39.6,_Z,RATIO,2,WB_WDI,P1Y,0,A,PU,Annual,"Gambia, The",Demand for family planning satisfied by modern methods (% of married women with demand for family planning),Total,All age ranges or no breakdown by age,Total,Percentage,Not Applicable,Not Applicable,Not Applicable,Not Applicable,Ratio,Two,World Development Indicators (WDI),Annual,Units,Normal value,Public
datastructure,WB.DATA360:DS_DATA360(1.3),I,A,MOZ,WB_WDI_SH_FPL_SATM_ZS,_T,_T,_T,PT,_Z,_Z,_Z,2023,48.0,_Z,RATIO,2,WB_WDI,P1Y,0,A,PU,Annual,Mozambique,Demand for family planning satisfied by modern methods (% of married women with demand for family planning),Total,All age ranges or no breakdown by age,Total,Percentage,Not Applicable,Not Applicable,Not Applicable,Not Applicable,Ratio,Two,World Development Indicators (WDI),Annual,Units,Normal value,Public
datastructure,WB.DATA360:DS_DATA360(1.3),I,A,CMR,WB_WDI_SH_FPL_SATM_ZS,_T,_T,_T,PT,_Z,_Z,_Z,2004,28.1,_Z,RATIO,2,WB_WDI,P1Y,0,A,PU,Annual,Cameroon,Demand for family planning satisfied by modern methods (% of married women with demand for family planning),Total,All age ranges or no breakdown by age,Total,Percentage,Not Applicable,Not Applicable,Not Applicable,Not Applicable,Ratio,Two,World Development Indicators (WDI),Annual,Units,Normal value,Public
datastructure,WB.DATA360:DS_DATA360(1.3),I,A,PER,WB_WDI_SH_FPL_SATM_ZS,_T,_T,_T,PT,_Z,_Z,_Z,2006,57.0,_Z,RATIO,2,WB_WDI,P1Y,0,A,PU,Annual,Peru,Demand for family planning satisfied by modern methods (% of married women with demand for family planning),Total,All age ranges or no breakdown by age,Total,Percentage,Not Applicable,Not Applicable,Not Applicable,Not Applicable,Ratio,Two,World Development Indicators (WDI),Annual,Units,Normal value,Public
datastructure,WB.DATA360:DS_DATA360(1.3),I,A,UGA,WB_WDI_SH_FPL_SATM_ZS,_T,_T,_T,PT,_Z,_Z,_Z,2006,29.0,_Z,RATIO,2,WB_WDI,P1Y,0,A,PU,Annual,Uganda,Demand for family planning satisfied by modern methods (% of married women with demand for family planning),Total,All age ranges or no breakdown by age,Total,Percentage,Not Applicable,Not Applicable,Not Applicable,Not Applicable,Ratio,Two,World Development Indicators (WDI),Annual,Units,Normal value,Public
datastructure,WB.DATA360:DS_DATA360(1.3),I,A,NAM,WB_WDI_SH_FPL_SATM_ZS,_T,_T,_T,PT,_Z,_Z,_Z,2007,70.5,_Z,RATIO,2,WB_WDI,P1Y,0,A,PU,Annual,Namibia,Demand for family planning satisfied by modern methods (% of married women with demand for family planning),Total,All age ranges or no breakdown by age,Total,Percentage,Not Applicable,Not Applicable,Not Applicable,Not Applicable,Ratio,Two,World Development Indicators (WDI),Annual,Units,Normal value,Public
datastructure,WB.DATA360:DS_DATA360(1.3),I,A,TJK,WB_WDI_SH_FPL_SATM_ZS,_T,_T,_T,PT,_Z,_Z,_Z,2012,50.9,_Z,RATIO,2,WB_WDI,P1Y,0,A,PU,Annual,Tajikistan,Demand for family planning satisfied by modern methods (% of married women with demand for family planning),Total,All age ranges or no breakdown by age,Total,Percentage,Not Applicable,Not Applicable,Not Applicable,Not Applicable,Ratio,Two,World Development Indicators (WDI),Annual,Units,Normal value,Public
datastructure,WB.DATA360:DS_DATA360(1.3),I,A,NER,WB_WDI_SH_FPL_SATM_ZS,_T,_T,_T,PT,_Z,_Z,_Z,2012,40.8,_Z,RATIO,2,WB_WDI,P1Y,0,A,PU,Annual,Niger,Demand for family planning satisfied by modern methods (% of married women with demand for family planning),Total,All age ranges or no breakdown by age,Total,Percentage,Not Applicable,Not Applicable,Not Applicable,Not Applicable,Ratio,Two,World Development Indicators (WDI),Annual,Units,Normal value,Public
datastructure,WB.DATA360:DS_DATA360(1.3),I,A,NPL,WB_WDI_SH_FPL_SATM_ZS,_T,_T,_T,PT,_Z,_Z,_Z,2006,60.9,_Z,RATIO,2,WB_WDI,P1Y,0,A,PU,Annual,Nepal,Demand for family planning satisfied by modern methods (% of married women with demand for family planning),Total,All age ranges or no breakdown by age,Total,Percentage,Not Applicable,Not Applicable,Not Applicable,Not Applicable,Ratio,Two,World Development Indicators (WDI),Annual,Units,Normal value,Public
datastructure,WB.DATA360:DS_DATA360(1.3),I,A,GHA,WB_WDI_SH_FPL_SATM_ZS,_T,_T,_T,PT,_Z,_Z,_Z,1998,23.5,_Z,RATIO,2,WB_WDI,P1Y,0,A,PU,Annual,Ghana,Demand for family planning satisfied by modern methods (% of married women with demand for family planning),Total,All age ranges or no breakdown by age,Total,Percentage,Not Applicable,Not Applicable,Not Applicable,Not Applicable,Ratio,Two,World Development Indicators (WDI),Annual,Units,Normal value,Public
datastructure,WB.DATA360:DS_DATA360(1.3),I,A,HTI,WB_WDI_SH_FPL_SATM_ZS,_T,_T,_T,PT,_Z,_Z,_Z,2006,35.8,_Z,RATIO,2,WB_WDI,P1Y,0,A,PU,Annual,Haiti,Demand for family planning satisfied by modern methods (% of married women with demand for family planning),Total,All age ranges or no breakdown by age,Total,Percentage,Not Applicable,Not Applicable,Not Applicable,Not Applicable,Ratio,Two,World Development Indicators (WDI),Annual,Units,Normal value,Public
datastructure,WB.DATA360:DS_DATA360(1.3),I,A,HND,WB_WDI_SH_FPL_SATM_ZS,_T,_T,_T,PT,_Z,_Z,_Z,2006,68.7,_Z,RATIO,2,WB_WDI,P1Y,0,A,PU,Annual,Honduras,Demand for family planning satisfied by modern methods (% of married women with demand for family planning),Total,All age ranges or no breakdown by age,Total,Percentage,Not Applicable,Not Applicable,Not Applicable,Not Applicable,Ratio,Two,World Development Indicators (WDI),Annual,Units,Normal value,Public
datastructure,WB.DATA360:DS_DATA360(1.3),I,A,IND,WB_WDI_SH_FPL_SATM_ZS,_T,_T,_T,PT,_Z,_Z,_Z,2006,69.1,_Z,RATIO,2,WB_WDI,P1Y,0,A,PU,Annual,India,Demand for family planning satisfied by modern methods (% of married women with demand for family planning),Total,All age ranges or no breakdown by age,Total,Percentage,Not Applicable,Not Applicable,Not Applicable,Not Applicable,Ratio,Two,World Development Indicators (WDI),Annual,Units,Normal value,Public
datastructure,WB.DATA360:DS_DATA360(1.3),I,A,MLI,WB_WDI_SH_FPL_SATM_ZS,_T,_T,_T,PT,_Z,_Z,_Z,2013,27.2,_Z,RATIO,2,WB_WDI,P1Y,0,A,PU,Annual,Mali,Demand for family planning satisfied by modern methods (% of married women with demand for family planning),Total,All age ranges or no breakdown by age,Total,Percentage,Not Applicable,Not Applicable,Not Applicable,Not Applicable,Ratio,Two,World Development Indicators (WDI),Annual,Units,Normal value,Public
datastructure,WB.DATA360:DS_DATA360(1.3),I,A,GTM,WB_WDI_SH_FPL_SATM_ZS,_T,_T,_T,PT,_Z,_Z,_Z,1999,47.5,_Z,RATIO,2,WB_WDI,P1Y,0,A,PU,Annual,Guatemala,Demand for family planning satisfied by modern methods (% of married women with demand for family planning),Total,All age ranges or no breakdown by age,Total,Percentage,Not Applicable,Not Applicable,Not Applicable,Not Applicable,Ratio,Two,World Development Indicators (WDI),Annual,Units,Normal value,Public
datastructure,WB.DATA360:DS_DATA360(1.3),I,A,GIN,WB_WDI_SH_FPL_SATM_ZS,_T,_T,_T,PT,_Z,_Z,_Z,1999,13.6,_Z,RATIO,2,WB_WDI,P1Y,0,A,PU,Annual,Guinea,Demand for family planning satisfied by modern methods (% of married women with demand for family planning),Total,All age ranges or no breakdown by age,Total,Percentage,Not Applicable,Not Applicable,Not Applicable,Not Applicable,Ratio,Two,World Development Indicators (WDI),Annual,Units,Normal value,Public
datastructure,WB.DATA360:DS_DATA360(1.3),I,A,IND,WB_WDI_SH_FPL_SATM_ZS,_T,_T,_T,PT,_Z,_Z,_Z,1999,66.6,_Z,RATIO,2,WB_WDI,P1Y,0,A,PU,Annual,India,Demand for family planning satisfied by modern methods (% of married women with demand for family planning),Total,All age ranges or no breakdown by age,Total,Percentage,Not Applicable,Not Applicable,Not Applicable,Not Applicable,Ratio,Two,World Development Indicators (WDI),Annual,Units,Normal value,Public
datastructure,WB.DATA360:DS_DATA360(1.3),I,A,KEN,WB_WDI_SH_FPL_SATM_ZS,_T,_T,_T,PT,_Z,_Z,_Z,2003,47.3,_Z,RATIO,2,WB_WDI,P1Y,0,A,PU,Annual,Kenya,Demand for family planning satisfied by modern methods (% of married women with demand for family planning),Total,All age ranges or no breakdown by age,Total,Percentage,Not Applicable,Not Applicable,Not Applicable,Not Applicable,Ratio,Two,World Development Indicators (WDI),Annual,Units,Normal value,Public
datastructure,WB.DATA360:DS_DATA360(1.3),I,A,NAM,WB_WDI_SH_FPL_SATM_ZS,_T,_T,_T,PT,_Z,_Z,_Z,2000,63.1,_Z,RATIO,2,WB_WDI,P1Y,0,A,PU,Annual,Namibia,Demand for family planning satisfied by modern methods (% of married women with demand for family planning),Total,All age ranges or no breakdown by age,Total,Percentage,Not Applicable,Not Applicable,Not Applicable,Not Applicable,Ratio,Two,World Development Indicators (WDI),Annual,Units,Normal value,Public
datastructure,WB.DATA360:DS_DATA360(1.3),I,A,PER,WB_WDI_SH_FPL_SATM_ZS,_T,_T,_T,PT,_Z,_Z,_Z,2011,60.1,_Z,RATIO,2,WB_WDI,P1Y,0,A,PU,Annual,Peru,Demand for family planning satisfied by modern methods (% of married women with demand for family planning),Total,All age ranges or no breakdown by age,Total,Percentage,Not Applicable,Not Applicable,Not Applicable,Not Applicable,Ratio,Two,World Development Indicators (WDI),Annual,Units,Normal value,Public
datastructure,WB.DATA360:DS_DATA360(1.3),I,A,DOM,WB_WDI_SH_FPL_SATM_ZS,_T,_T,_T,PT,_Z,_Z,_Z,2007,83.3,_Z,RATIO,2,WB_WDI,P1Y,0,A,PU,Annual,Dominican Republic,Demand for family planning satisfied by modern methods (% of married women with demand for family planning),Total,All age ranges or no breakdown by age,Total,Percentage,Not Applicable,Not Applicable,Not Applicable,Not Applicable,Ratio,Two,World Development Indicators (WDI),Annual,Units,Normal value,Public
datastructure,WB.DATA360:DS_DATA360(1.3),I,A,SWZ,WB_WDI_SH_FPL_SATM_ZS,_T,_T,_T,PT,_Z,_Z,_Z,2007,63.3,_Z,RATIO,2,WB_WDI,P1Y,0,A,PU,Annual,Eswatini,Demand for family planning satisfied by modern methods (% of married women with demand for family planning),Total,All age ranges or no breakdown by age,Total,Percentage,Not Applicable,Not Applicable,Not Applicable,Not Applicable,Ratio,Two,World Development Indicators (WDI),Annual,Units,Normal value,Public
datastructure,WB.DATA360:DS_DATA360(1.3),I,A,JOR,WB_WDI_SH_FPL_SATM_ZS,_T,_T,_T,PT,_Z,_Z,_Z,2002,58.3,_Z,RATIO,2,WB_WDI,P1Y,0,A,PU,Annual,Jordan,Demand for family planning satisfied by modern methods (% of married women with demand for family planning),Total,All age ranges or no breakdown by age,Total,Percentage,Not Applicable,Not Applicable,Not Applicable,Not Applicable,Ratio,Two,World Development Indicators (WDI),Annual,Units,Normal value,Public
datastructure,WB.DATA360:DS_DATA360(1.3),I,A,KHM,WB_WDI_SH_FPL_SATM_ZS,_T,_T,_T,PT,_Z,_Z,_Z,2005,41.6,_Z,RATIO,2,WB_WDI,P1Y,0,A,PU,Annual,Cambodia,Demand for family planning satisfied by modern methods (% of married women with demand for family planning),Total,All age ranges or no breakdown by age,Total,Percentage,Not Applicable,Not Applicable,Not Applicable,Not Applicable,Ratio,Two,World Development Indicators (WDI),Annual,Units,Normal value,Public
datastructure,WB.DATA360:DS_DATA360(1.3),I,A,MOZ,WB_WDI_SH_FPL_SATM_ZS,_T,_T,_T,PT,_Z,_Z,_Z,2003,30.9,_Z,RATIO,2,WB_WDI,P1Y,0,A,PU,Annual,Mozambique,Demand for family planning satisfied by modern methods (% of married women with demand for family planning),Total,All age ranges or no breakdown by age,Total,Percentage,Not Applicable,Not Applicable,Not Applicable,Not Applicable,Ratio,Two,World Development Indicators (WDI),Annual,Units,Normal value,Public
datastructure,WB.DATA360:DS_DATA360(1.3),I,A,NGA,WB_WDI_SH_FPL_SATM_ZS,_T,_T,_T,PT,_Z,_Z,_Z,2003,27.4,_Z,RATIO,2,WB_WDI,P1Y,0,A,PU,Annual,Nigeria,Demand for family planning satisfied by modern methods (% of married women with demand for family planning),Total,All age ranges or no breakdown by age,Total,Percentage,Not Applicable,Not Applicable,Not Applicable,Not Applicable,Ratio,Two,World Development Indicators (WDI),Annual,Units,Normal value,Public
datastructure,WB.DATA360:DS_DATA360(1.3),I,A,MAR,WB_WDI_SH_FPL_SATM_ZS,_T,_T,_T,PT,_Z,_Z,_Z,2004,73.2,_Z,RATIO,2,WB_WDI,P1Y,0,A,PU,Annual,Morocco,Demand for family planning satisfied by modern methods (% of married women with demand for family planning),Total,All age ranges or no breakdown by age,Total,Percentage,Not Applicable,Not Applicable,Not Applicable,Not Applicable,Ratio,Two,World Development Indicators (WDI),Annual,Units,Normal value,Public
datastructure,WB.DATA360:DS_DATA360(1.3),I,A,MLI,WB_WDI_SH_FPL_SATM_ZS,_T,_T,_T,PT,_Z,_Z,_Z,2006,19.2,_Z,RATIO,2,WB_WDI,P1Y,0,A,PU,Annual,Mali,Demand for family planning satisfied by modern methods (% of married women with demand for family planning),Total,All age ranges or no breakdown by age,Total,Percentage,Not Applicable,Not Applicable,Not Applicable,Not Applicable,Ratio,Two,World Development Indicators (WDI),Annual,Units,Normal value,Public
datastructure,WB.DATA360:DS_DATA360(1.3),I,A,EGY,WB_WDI_SH_FPL_SATM_ZS,_T,_T,_T,PT,_Z,_Z,_Z,2014,80.0,_Z,RATIO,2,WB_WDI,P1Y,0,A,PU,Annual,"Egypt, Arab Rep.",Demand for family planning satisfied by modern methods (% of married women with demand for family planning),Total,All age ranges or no breakdown by age,Total,Percentage,Not Applicable,Not Applicable,Not Applicable,Not Applicable,Ratio,Two,World Development Indicators (WDI),Annual,Units,Normal value,Public
datastructure,WB.DATA360:DS_DATA360(1.3),I,A,ARM,WB_WDI_SH_FPL_SATM_ZS,_T,_T,_T,PT,_Z,_Z,_Z,2000,28.3,_Z,RATIO,2,WB_WDI,P1Y,0,A,PU,Annual,Armenia,Demand for family planning satisfied by modern methods (% of married women with demand for family planning),Total,All age ranges or no breakdown by age,Total,Percentage,Not Applicable,Not Applicable,Not Applicable,Not Applicable,Ratio,Two,World Development Indicators (WDI),Annual,Units,Normal value,Public
datastructure,WB.DATA360:DS_DATA360(1.3),I,A,IND,WB_WDI_SH_FPL_SATM_ZS,_T,_T,_T,PT,_Z,_Z,_Z,2021,74.1,_Z,RATIO,2,WB_WDI,P1Y,0,A,PU,Annual,India,Demand for family planning satisfied by modern methods (% of married women with demand for family planning),Total,All age ranges or no breakdown by age,Total,Percentage,Not Applicable,Not Applicable,Not Applicable,Not Applicable,Ratio,Two,World Development Indicators (WDI),Annual,Units,Normal value,Public
datastructure,WB.DATA360:DS_DATA360(1.3),I,A,GHA,WB_WDI_SH_FPL_SATM_ZS,_T,_T,_T,PT,_Z,_Z,_Z,2003,31.3,_Z,RATIO,2,WB_WDI,P1Y,0,A,PU,Annual,Ghana,Demand for family planning satisfied by modern methods (% of married women with demand for family planning),Total,All age ranges or no breakdown by age,Total,Percentage,Not Applicable,Not Applicable,Not Applicable,Not Applicable,Ratio,Two,World Development Indicators (WDI),Annual,Units,Normal value,Public
datastructure,WB.DATA360:DS_DATA360(1.3),I,A,GAB,WB_WDI_SH_FPL_SATM_ZS,_T,_T,_T,PT,_Z,_Z,_Z,2012,33.7,_Z,RATIO,2,WB_WDI,P1Y,0,A,PU,Annual,Gabon,Demand for family planning satisfied by modern methods (% of married women with demand for family planning),Total,All age ranges or no breakdown by age,Total,Percentage,Not Applicable,Not Applicable,Not Applicable,Not Applicable,Ratio,Two,World Development Indicators (WDI),Annual,Units,Normal value,Public
datastructure,WB.DATA360:DS_DATA360(1.3),I,A,TZA,WB_WDI_SH_FPL_SATM_ZS,_T,_T,_T,PT,_Z,_Z,_Z,2010,48.3,_Z,RATIO,2,WB_WDI,P1Y,0,A,PU,Annual,Tanzania,Demand for family planning satisfied by modern methods (% of married women with demand for family planning),Total,All age ranges or no breakdown by age,Total,Percentage,Not Applicable,Not Applicable,Not Applicable,Not Applicable,Ratio,Two,World Development Indicators (WDI),Annual,Units,Normal value,Public
datastructure,WB.DATA360:DS_DATA360(1.3),I,A,TLS,WB_WDI_SH_FPL_SATM_ZS,_T,_T,_T,PT,_Z,_Z,_Z,2010,39.2,_Z,RATIO,2,WB_WDI,P1Y,0,A,PU,Annual,Timor-Leste,Demand for family planning satisfied by modern methods (% of married women with demand for family planning),Total,All age ranges or no breakdown by age,Total,Percentage,Not Applicable,Not Applicable,Not Applicable,Not Applicable,Ratio,Two,World Development Indicators (WDI),Annual,Units,Normal value,Public
datastructure,WB.DATA360:DS_DATA360(1.3),I,A,ZAF,WB_WDI_SH_FPL_SATM_ZS,_T,_T,_T,PT,_Z,_Z,_Z,2016,77.8,_Z,RATIO,2,WB_WDI,P1Y,0,A,PU,Annual,South Africa,Demand for family planning satisfied by modern methods (% of married women with demand for family planning),Total,All age ranges or no breakdown by age,Total,Percentage,Not Applicable,Not Applicable,Not Applicable,Not Applicable,Ratio,Two,World Development Indicators (WDI),Annual,Units,Normal value,Public
datastructure,WB.DATA360:DS_DATA360(1.3),I,A,NGA,WB_WDI_SH_FPL_SATM_ZS,_T,_T,_T,PT,_Z,_Z,_Z,2008,27.8,_Z,RATIO,2,WB_WDI,P1Y,0,A,PU,Annual,Nigeria,Demand for family planning satisfied by modern methods (% of married women with demand for family planning),Total,All age ranges or no breakdown by age,Total,Percentage,Not Applicable,Not Applicable,Not Applicable,Not Applicable,Ratio,Two,World Development Indicators (WDI),Annual,Units,Normal value,Public
datastructure,WB.DATA360:DS_DATA360(1.3),I,A,TUR,WB_WDI_SH_FPL_SATM_ZS,_T,_T,_T,PT,_Z,_Z,_Z,2003,55.6,_Z,RATIO,2,WB_WDI,P1Y,0,A,PU,Annual,Türkiye,Demand for family planning satisfied by modern methods (% of married women with demand for family planning),Total,All age ranges or no breakdown by age,Total,Percentage,Not Applicable,Not Applicable,Not Applicable,Not Applicable,Ratio,Two,World Development Indicators (WDI),Annual,Units,Normal value,Public
datastructure,WB.DATA360:DS_DATA360(1.3),I,A,TZA,WB_WDI_SH_FPL_SATM_ZS,_T,_T,_T,PT,_Z,_Z,_Z,2005,39.5,_Z,RATIO,2,WB_WDI,P1Y,0,A,PU,Annual,Tanzania,Demand for family planning satisfied by modern methods (% of married women with demand for family planning),Total,All age ranges or no breakdown by age,Total,Percentage,Not Applicable,Not Applicable,Not Applicable,Not Applicable,Ratio,Two,World Development Indicators (WDI),Annual,Units,Normal value,Public
datastructure,WB.DATA360:DS_DATA360(1.3),I,A,TJK,WB_WDI_SH_FPL_SATM_ZS,_T,_T,_T,PT,_Z,_Z,_Z,2023,54.0,_Z,RATIO,2,WB_WDI,P1Y,0,A,PU,Annual,Tajikistan,Demand for family planning satisfied by modern methods (% of married women with demand for family planning),Total,All age ranges or no breakdown by age,Total,Percentage,Not Applicable,Not Applicable,Not Applicable,Not Applicable,Ratio,Two,World Development Indicators (WDI),Annual,Units,Normal value,Public
datastructure,WB.DATA360:DS_DATA360(1.3),I,A,COL,WB_WDI_SH_FPL_SATM_ZS,_T,_T,_T,PT,_Z,_Z,_Z,2005,78.5,_Z,RATIO,2,WB_WDI,P1Y,0,A,PU,Annual,Colombia,Demand for family planning satisfied by modern methods (% of married women with demand for family planning),Total,All age ranges or no breakdown by age,Total,Percentage,Not Applicable,Not Applicable,Not Applicable,Not Applicable,Ratio,Two,World Development Indicators (WDI),Annual,Units,Normal value,Public
datastructure,WB.DATA360:DS_DATA360(1.3),I,A,COG,WB_WDI_SH_FPL_SATM_ZS,_T,_T,_T,PT,_Z,_Z,_Z,2005,19.8,_Z,RATIO,2,WB_WDI,P1Y,0,A,PU,Annual,"Congo, Rep.",Demand for family planning satisfied by modern methods (% of married women with demand for family planning),Total,All age ranges or no breakdown by age,Total,Percentage,Not Applicable,Not Applicable,Not Applicable,Not Applicable,Ratio,Two,World Development Indicators (WDI),Annual,Units,Normal value,Public
datastructure,WB.DATA360:DS_DATA360(1.3),I,A,TZA,WB_WDI_SH_FPL_SATM_ZS,_T,_T,_T,PT,_Z,_Z,_Z,1999,39.3,_Z,RATIO,2,WB_WDI,P1Y,0,A,PU,Annual,Tanzania,Demand for family planning satisfied by modern methods (% of married women with demand for family planning),Total,All age ranges or no breakdown by age,Total,Percentage,Not Applicable,Not Applicable,Not Applicable,Not Applicable,Ratio,Two,World Development Indicators (WDI),Annual,Units,Normal value,Public
datastructure,WB.DATA360:DS_DATA360(1.3),I,A,NER,WB_WDI_SH_FPL_SATM_ZS,_T,_T,_T,PT,_Z,_Z,_Z,2006,35.4,_Z,RATIO,2,WB_WDI,P1Y,0,A,PU,Annual,Niger,Demand for family planning satisfied by modern methods (% of married women with demand for family planning),Total,All age ranges or no breakdown by age,Total,Percentage,Not Applicable,Not Applicable,Not Applicable,Not Applicable,Ratio,Two,World Development Indicators (WDI),Annual,Units,Normal value,Public
datastructure,WB.DATA360:DS_DATA360(1.3),I,A,PER,WB_WDI_SH_FPL_SATM_ZS,_T,_T,_T,PT,_Z,_Z,_Z,2008,57.4,_Z,RATIO,2,WB_WDI,P1Y,0,A,PU,Annual,Peru,Demand for family planning satisfied by modern methods (% of married women with demand for family planning),Total,All age ranges or no breakdown by age,Total,Percentage,Not Applicable,Not Applicable,Not Applicable,Not Applicable,Ratio,Two,World Development Indicators (WDI),Annual,Units,Normal value,Public
datastructure,WB.DATA360:DS_DATA360(1.3),I,A,PHL,WB_WDI_SH_FPL_SATM_ZS,_T,_T,_T,PT,_Z,_Z,_Z,2008,46.8,_Z,RATIO,2,WB_WDI,P1Y,0,A,PU,Annual,Philippines,Demand for family planning satisfied by modern methods (% of married women with demand for family planning),Total,All age ranges or no breakdown by age,Total,Percentage,Not Applicable,Not Applicable,Not Applicable,Not Applicable,Ratio,Two,World Development Indicators (WDI),Annual,Units,Normal value,Public
datastructure,WB.DATA360:DS_DATA360(1.3),I,A,RWA,WB_WDI_SH_FPL_SATM_ZS,_T,_T,_T,PT,_Z,_Z,_Z,2008,38.8,_Z,RATIO,2,WB_WDI,P1Y,0,A,PU,Annual,Rwanda,Demand for family planning satisfied by modern methods (% of married women with demand for family planning),Total,All age ranges or no breakdown by age,Total,Percentage,Not Applicable,Not Applicable,Not Applicable,Not Applicable,Ratio,Two,World Development Indicators (WDI),Annual,Units,Normal value,Public
datastructure,WB.DATA360:DS_DATA360(1.3),I,A,BOL,WB_WDI_SH_FPL_SATM_ZS,_T,_T,_T,PT,_Z,_Z,_Z,2003,43.0,_Z,RATIO,2,WB_WDI,P1Y,0,A,PU,Annual,Bolivia,Demand for family planning satisfied by modern methods (% of married women with demand for family planning),Total,All age ranges or no breakdown by age,Total,Percentage,Not Applicable,Not Applicable,Not Applicable,Not Applicable,Ratio,Two,World Development Indicators (WDI),Annual,Units,Normal value,Public
datastructure,WB.DATA360:DS_DATA360(1.3),I,A,BGD,WB_WDI_SH_FPL_SATM_ZS,_T,_T,_T,PT,_Z,_Z,_Z,2000,60.6,_Z,RATIO,2,WB_WDI,P1Y,0,A,PU,Annual,Bangladesh,Demand for family planning satisfied by modern methods (% of married women with demand for family planning),Total,All age ranges or no breakdown by age,Total,Percentage,Not Applicable,Not Applicable,Not Applicable,Not Applicable,Ratio,Two,World Development Indicators (WDI),Annual,Units,Normal value,Public
datastructure,WB.DATA360:DS_DATA360(1.3),I,A,SEN,WB_WDI_SH_FPL_SATM_ZS,_T,_T,_T,PT,_Z,_Z,_Z,2023,56.1,_Z,RATIO,2,WB_WDI,P1Y,0,A,PU,Annual,Senegal,Demand for family planning satisfied by modern methods (% of married women with demand for family planning),Total,All age ranges or no breakdown by age,Total,Percentage,Not Applicable,Not Applicable,Not Applicable,Not Applicable,Ratio,Two,World Development Indicators (WDI),Annual,Units,Normal value,Public
datastructure,WB.DATA360:DS_DATA360(1.3),I,A,BFA,WB_WDI_SH_FPL_SATM_ZS,_T,_T,_T,PT,_Z,_Z,_Z,2003,20.1,_Z,RATIO,2,WB_WDI,P1Y,0,A,PU,Annual,Burkina Faso,Demand for family planning satisfied by modern methods (% of married women with demand for family planning),Total,All age ranges or no breakdown by age,Total,Percentage,Not Applicable,Not Applicable,Not Applicable,Not Applicable,Ratio,Two,World Development Indicators (WDI),Annual,Units,Normal value,Public
datastructure,WB.DATA360:DS_DATA360(1.3),I,A,IDB,WB_WDI_SH_FPL_SATM_ZS,_T,_T,_T,PT,_Z,_Z,_Z,2022,48.19993670381018,_Z,RATIO,2,WB_WDI,P1Y,0,A,PU,Annual,IDA blend,Demand for family planning satisfied by modern methods (% of married women with demand for family planning),Total,All age ranges or no breakdown by age,Total,Percentage,Not Applicable,Not Applicable,Not Applicable,Not Applicable,Ratio,Two,World Development Indicators (WDI),Annual,Units,Normal value,Public
datastructure,WB.DATA360:DS_DATA360(1.3),I,A,IDA,WB_WDI_SH_FPL_SATM_ZS,_T,_T,_T,PT,_Z,_Z,_Z,2022,54.59712401779996,_Z,RATIO,2,WB_WDI,P1Y,0,A,PU,Annual,IDA total,Demand for family planning satisfied by modern methods (% of married women with demand for family planning),Total,All age ranges or no breakdown by age,Total,Percentage,Not Applicable,Not Applicable,Not Applicable,Not Applicable,Ratio,Two,World Development Indicators (WDI),Annual,Units,Normal value,Public
datastructure,WB.DATA360:DS_DATA360(1.3),I,A,KHM,WB_WDI_SH_FPL_SATM_ZS,_T,_T,_T,PT,_Z,_Z,_Z,2022,60.8,_Z,RATIO,2,WB_WDI,P1Y,0,A,PU,Annual,Cambodia,Demand for family planning satisfied by modern methods (% of married women with demand for family planning),Total,All age ranges or no breakdown by age,Total,Percentage,Not Applicable,Not Applicable,Not Applicable,Not Applicable,Ratio,Two,World Development Indicators (WDI),Annual,Units,Normal value,Public
datastructure,WB.DATA360:DS_DATA360(1.3),I,A,KHM,WB_WDI_SH_FPL_SATM_ZS,_T,_T,_T,PT,_Z,_Z,_Z,2000,33.0,_Z,RATIO,2,WB_WDI,P1Y,0,A,PU,Annual,Cambodia,Demand for family planning satisfied by modern methods (% of married women with demand for family planning),Total,All age ranges or no breakdown by age,Total,Percentage,Not Applicable,Not Applicable,Not Applicable,Not Applicable,Ratio,Two,World Development Indicators (WDI),Annual,Units,Normal value,Public
datastructure,WB.DATA360:DS_DATA360(1.3),I,A,MDA,WB_WDI_SH_FPL_SATM_ZS,_T,_T,_T,PT,_Z,_Z,_Z,2005,55.4,_Z,RATIO,2,WB_WDI,P1Y,0,A,PU,Annual,Moldova,Demand for family planning satisfied by modern methods (% of married women with demand for family planning),Total,All age ranges or no breakdown by age,Total,Percentage,Not Applicable,Not Applicable,Not Applicable,Not Applicable,Ratio,Two,World Development Indicators (WDI),Annual,Units,Normal value,Public
datastructure,WB.DATA360:DS_DATA360(1.3),I,A,MDG,WB_WDI_SH_FPL_SATM_ZS,_T,_T,_T,PT,_Z,_Z,_Z,2004,35.5,_Z,RATIO,2,WB_WDI,P1Y,0,A,PU,Annual,Madagascar,Demand for family planning satisfied by modern methods (% of married women with demand for family planning),Total,All age ranges or no breakdown by age,Total,Percentage,Not Applicable,Not Applicable,Not Applicable,Not Applicable,Ratio,Two,World Development Indicators (WDI),Annual,Units,Normal value,Public
datastructure,WB.DATA360:DS_DATA360(1.3),I,A,MWI,WB_WDI_SH_FPL_SATM_ZS,_T,_T,_T,PT,_Z,_Z,_Z,2004,44.8,_Z,RATIO,2,WB_WDI,P1Y,0,A,PU,Annual,Malawi,Demand for family planning satisfied by modern methods (% of married women with demand for family planning),Total,All age ranges or no breakdown by age,Total,Percentage,Not Applicable,Not Applicable,Not Applicable,Not Applicable,Ratio,Two,World Development Indicators (WDI),Annual,Units,Normal value,Public
datastructure,WB.DATA360:DS_DATA360(1.3),I,A,PHL,WB_WDI_SH_FPL_SATM_ZS,_T,_T,_T,PT,_Z,_Z,_Z,2003,46.7,_Z,RATIO,2,WB_WDI,P1Y,0,A,PU,Annual,Philippines,Demand for family planning satisfied by modern methods (% of married women with demand for family planning),Total,All age ranges or no breakdown by age,Total,Percentage,Not Applicable,Not Applicable,Not Applicable,Not Applicable,Ratio,Two,World Development Indicators (WDI),Annual,Units,Normal value,Public
datastructure,WB.DATA360:DS_DATA360(1.3),I,A,EGY,WB_WDI_SH_FPL_SATM_ZS,_T,_T,_T,PT,_Z,_Z,_Z,2000,77.2,_Z,RATIO,2,WB_WDI,P1Y,0,A,PU,Annual,"Egypt, Arab Rep.",Demand for family planning satisfied by modern methods (% of married women with demand for family planning),Total,All age ranges or no breakdown by age,Total,Percentage,Not Applicable,Not Applicable,Not Applicable,Not Applicable,Ratio,Two,World Development Indicators (WDI),Annual,Units,Normal value,Public
datastructure,WB.DATA360:DS_DATA360(1.3),I,A,ETH,WB_WDI_SH_FPL_SATM_ZS,_T,_T,_T,PT,_Z,_Z,_Z,2000,14.2,_Z,RATIO,2,WB_WDI,P1Y,0,A,PU,Annual,Ethiopia,Demand for family planning satisfied by modern methods (% of married women with demand for family planning),Total,All age ranges or no breakdown by age,Total,Percentage,Not Applicable,Not Applicable,Not Applicable,Not Applicable,Ratio,Two,World Development Indicators (WDI),Annual,Units,Normal value,Public
datastructure,WB.DATA360:DS_DATA360(1.3),I,A,RWA,WB_WDI_SH_FPL_SATM_ZS,_T,_T,_T,PT,_Z,_Z,_Z,2005,18.4,_Z,RATIO,2,WB_WDI,P1Y,0,A,PU,Annual,Rwanda,Demand for family planning satisfied by modern methods (% of married women with demand for family planning),Total,All age ranges or no breakdown by age,Total,Percentage,Not Applicable,Not Applicable,Not Applicable,Not Applicable,Ratio,Two,World Development Indicators (WDI),Annual,Units,Normal value,Public
datastructure,WB.DATA360:DS_DATA360(1.3),I,A,SEN,WB_WDI_SH_FPL_SATM_ZS,_T,_T,_T,PT,_Z,_Z,_Z,2005,23.5,_Z,RATIO,2,WB_WDI,P1Y,0,A,PU,Annual,Senegal,Demand for family planning satisfied by modern methods (% of married women with demand for family planning),Total,All age ranges or no breakdown by age,Total,Percentage,Not Applicable,Not Applicable,Not Applicable,Not Applicable,Ratio,Two,World Development Indicators (WDI),Annual,Units,Normal value,Public
datastructure,WB.DATA360:DS_DATA360(1.3),I,A,EGY,WB_WDI_SH_FPL_SATM_ZS,_T,_T,_T,PT,_Z,_Z,_Z,2003,78.8,_Z,RATIO,2,WB_WDI,P1Y,0,A,PU,Annual,"Egypt, Arab Rep.",Demand for family planning satisfied by modern methods (% of married women with demand for family planning),Total,All age ranges or no breakdown by age,Total,Percentage,Not Applicable,Not Applicable,Not Applicable,Not Applicable,Ratio,Two,World Development Indicators (WDI),Annual,Units,Normal value,Public
datastructure,WB.DATA360:DS_DATA360(1.3),I,A,GHA,WB_WDI_SH_FPL_SATM_ZS,_T,_T,_T,PT,_Z,_Z,_Z,2022,46.5,_Z,RATIO,2,WB_WDI,P1Y,0,A,PU,Annual,Ghana,Demand for family planning satisfied by modern methods (% of married women with demand for family planning),Total,All age ranges or no breakdown by age,Total,Percentage,Not Applicable,Not Applicable,Not Applicable,Not Applicable,Ratio,Two,World Development Indicators (WDI),Annual,Units,Normal value,Public
datastructure,WB.DATA360:DS_DATA360(1.3),I,A,MLI,WB_WDI_SH_FPL_SATM_ZS,_T,_T,_T,PT,_Z,_Z,_Z,2001,18.5,_Z,RATIO,2,WB_WDI,P1Y,0,A,PU,Annual,Mali,Demand for family planning satisfied by modern methods (% of married women with demand for family planning),Total,All age ranges or no breakdown by age,Total,Percentage,Not Applicable,Not Applicable,Not Applicable,Not Applicable,Ratio,Two,World Development Indicators (WDI),Annual,Units,Normal value,Public
datastructure,WB.DATA360:DS_DATA360(1.3),I,A,MRT,WB_WDI_SH_FPL_SATM_ZS,_T,_T,_T,PT,_Z,_Z,_Z,2001,12.9,_Z,RATIO,2,WB_WDI,P1Y,0,A,PU,Annual,Mauritania,Demand for family planning satisfied by modern methods (% of married women with demand for family planning),Total,All age ranges or no breakdown by age,Total,Percentage,Not Applicable,Not Applicable,Not Applicable,Not Applicable,Ratio,Two,World Development Indicators (WDI),Annual,Units,Normal value,Public
datastructure,WB.DATA360:DS_DATA360(1.3),I,A,TZA,WB_WDI_SH_FPL_SATM_ZS,_T,_T,_T,PT,_Z,_Z,_Z,2022,53.1,_Z,RATIO,2,WB_WDI,P1Y,0,A,PU,Annual,Tanzania,Demand for family planning satisfied by modern methods (% of married women with demand for family planning),Total,All age ranges or no breakdown by age,Total,Percentage,Not Applicable,Not Applicable,Not Applicable,Not Applicable,Ratio,Two,World Development Indicators (WDI),Annual,Units,Normal value,Public
datastructure,WB.DATA360:DS_DATA360(1.3),I,A,BOL,WB_WDI_SH_FPL_SATM_ZS,_T,_T,_T,PT,_Z,_Z,_Z,1998,33.7,_Z,RATIO,2,WB_WDI,P1Y,0,A,PU,Annual,Bolivia,Demand for family planning satisfied by modern methods (% of married women with demand for family planning),Total,All age ranges or no breakdown by age,Total,Percentage,Not Applicable,Not Applicable,Not Applicable,Not Applicable,Ratio,Two,World Development Indicators (WDI),Annual,Units,Normal value,Public
datastructure,WB.DATA360:DS_DATA360(1.3),I,A,COM,WB_WDI_SH_FPL_SATM_ZS,_T,_T,_T,PT,_Z,_Z,_Z,1996,20.1,_Z,RATIO,2,WB_WDI,P1Y,0,A,PU,Annual,Comoros,Demand for family planning satisfied by modern methods (% of married women with demand for family planning),Total,All age ranges or no breakdown by age,Total,Percentage,Not Applicable,Not Applicable,Not Applicable,Not Applicable,Ratio,Two,World Development Indicators (WDI),Annual,Units,Normal value,Public
datastructure,WB.DATA360:DS_DATA360(1.3),I,A,JOR,WB_WDI_SH_FPL_SATM_ZS,_T,_T,_T,PT,_Z,_Z,_Z,1990,40.4,_Z,RATIO,2,WB_WDI,P1Y,0,A,PU,Annual,Jordan,Demand for family planning satisfied by modern methods (% of married women with demand for family planning),Total,All age ranges or no breakdown by age,Total,Percentage,Not Applicable,Not Applicable,Not Applicable,Not Applicable,Ratio,Two,World Development Indicators (WDI),Annual,Units,Normal value,Public
datastructure,WB.DATA360:DS_DATA360(1.3),I,A,PER,WB_WDI_SH_FPL_SATM_ZS,_T,_T,_T,PT,_Z,_Z,_Z,1996,50.5,_Z,RATIO,2,WB_WDI,P1Y,0,A,PU,Annual,Peru,Demand for family planning satisfied by modern methods (% of married women with demand for family planning),Total,All age ranges or no breakdown by age,Total,Percentage,Not Applicable,Not Applicable,Not Applicable,Not Applicable,Ratio,Two,World Development Indicators (WDI),Annual,Units,Normal value,Public
datastructure,WB.DATA360:DS_DATA360(1.3),I,A,DOM,WB_WDI_SH_FPL_SATM_ZS,_T,_T,_T,PT,_Z,_Z,_Z,1996,76.3,_Z,RATIO,2,WB_WDI,P1Y,0,A,PU,Annual,Dominican Republic,Demand for family planning satisfied by modern methods (% of married women with demand for family planning),Total,All age ranges or no breakdown by age,Total,Percentage,Not Applicable,Not Applicable,Not Applicable,Not Applicable,Ratio,Two,World Development Indicators (WDI),Annual,Units,Normal value,Public
datastructure,WB.DATA360:DS_DATA360(1.3),I,A,KAZ,WB_WDI_SH_FPL_SATM_ZS,_T,_T,_T,PT,_Z,_Z,_Z,1995,61.1,_Z,RATIO,2,WB_WDI,P1Y,0,A,PU,Annual,Kazakhstan,Demand for family planning satisfied by modern methods (% of married women with demand for family planning),Total,All age ranges or no breakdown by age,Total,Percentage,Not Applicable,Not Applicable,Not Applicable,Not Applicable,Ratio,Two,World Development Indicators (WDI),Annual,Units,Normal value,Public
datastructure,WB.DATA360:DS_DATA360(1.3),I,A,COD,WB_WDI_SH_FPL_SATM_ZS,_T,_T,_T,PT,_Z,_Z,_Z,2024,21.3,_Z,RATIO,2,WB_WDI,P1Y,0,A,PU,Annual,"Congo, Dem. Rep.",Demand for family planning satisfied by modern methods (% of married women with demand for family planning),Total,All age ranges or no breakdown by age,Total,Percentage,Not Applicable,Not Applicable,Not Applicable,Not Applicable,Ratio,Two,World Development Indicators (WDI),Annual,Units,Normal value,Public
datastructure,WB.DATA360:DS_DATA360(1.3),I,A,JOR,WB_WDI_SH_FPL_SATM_ZS,_T,_T,_T,PT,_Z,_Z,_Z,1997,51.9,_Z,RATIO,2,WB_WDI,P1Y,0,A,PU,Annual,Jordan,Demand for family planning satisfied by modern methods (% of married women with demand for family planning),Total,All age ranges or no breakdown by age,Total,Percentage,Not Applicable,Not Applicable,Not Applicable,Not Applicable,Ratio,Two,World Development Indicators (WDI),Annual,Units,Normal value,Public
datastructure,WB.DATA360:DS_DATA360(1.3),I,A,KGZ,WB_WDI_SH_FPL_SATM_ZS,_T,_T,_T,PT,_Z,_Z,_Z,1997,68.5,_Z,RATIO,2,WB_WDI,P1Y,0,A,PU,Annual,Kyrgyz Republic,Demand for family planning satisfied by modern methods (% of married women with demand for family planning),Total,All age ranges or no breakdown by age,Total,Percentage,Not Applicable,Not Applicable,Not Applicable,Not Applicable,Ratio,Two,World Development Indicators (WDI),Annual,Units,Normal value,Public
datastructure,WB.DATA360:DS_DATA360(1.3),I,A,MOZ,WB_WDI_SH_FPL_SATM_ZS,_T,_T,_T,PT,_Z,_Z,_Z,1997,16.6,_Z,RATIO,2,WB_WDI,P1Y,0,A,PU,Annual,Mozambique,Demand for family planning satisfied by modern methods (% of married women with demand for family planning),Total,All age ranges or no breakdown by age,Total,Percentage,Not Applicable,Not Applicable,Not Applicable,Not Applicable,Ratio,Two,World Development Indicators (WDI),Annual,Units,Normal value,Public
datastructure,WB.DATA360:DS_DATA360(1.3),I,A,PAK,WB_WDI_SH_FPL_SATM_ZS,_T,_T,_T,PT,_Z,_Z,_Z,1991,21.3,_Z,RATIO,2,WB_WDI,P1Y,0,A,PU,Annual,Pakistan,Demand for family planning satisfied by modern methods (% of married women with demand for family planning),Total,All age ranges or no breakdown by age,Total,Percentage,Not Applicable,Not Applicable,Not Applicable,Not Applicable,Ratio,Two,World Development Indicators (WDI),Annual,Units,Normal value,Public
datastructure,WB.DATA360:DS_DATA360(1.3),I,A,BGD,WB_WDI_SH_FPL_SATM_ZS,_T,_T,_T,PT,_Z,_Z,_Z,1994,55.0,_Z,RATIO,2,WB_WDI,P1Y,0,A,PU,Annual,Bangladesh,Demand for family planning satisfied by modern methods (% of married women with demand for family planning),Total,All age ranges or no breakdown by age,Total,Percentage,Not Applicable,Not Applicable,Not Applicable,Not Applicable,Ratio,Two,World Development Indicators (WDI),Annual,Units,Normal value,Public
datastructure,WB.DATA360:DS_DATA360(1.3),I,A,EGY,WB_WDI_SH_FPL_SATM_ZS,_T,_T,_T,PT,_Z,_Z,_Z,1992,64.0,_Z,RATIO,2,WB_WDI,P1Y,0,A,PU,Annual,"Egypt, Arab Rep.",Demand for family planning satisfied by modern methods (% of married women with demand for family planning),Total,All age ranges or no breakdown by age,Total,Percentage,Not Applicable,Not Applicable,Not Applicable,Not Applicable,Ratio,Two,World Development Indicators (WDI),Annual,Units,Normal value,Public
datastructure,WB.DATA360:DS_DATA360(1.3),I,A,GHA,WB_WDI_SH_FPL_SATM_ZS,_T,_T,_T,PT,_Z,_Z,_Z,1993,17.7,_Z,RATIO,2,WB_WDI,P1Y,0,A,PU,Annual,Ghana,Demand for family planning satisfied by modern methods (% of married women with demand for family planning),Total,All age ranges or no breakdown by age,Total,Percentage,Not Applicable,Not Applicable,Not Applicable,Not Applicable,Ratio,Two,World Development Indicators (WDI),Annual,Units,Normal value,Public
datastructure,WB.DATA360:DS_DATA360(1.3),I,A,UGA,WB_WDI_SH_FPL_SATM_ZS,_T,_T,_T,PT,_Z,_Z,_Z,1995,17.4,_Z,RATIO,2,WB_WDI,P1Y,0,A,PU,Annual,Uganda,Demand for family planning satisfied by modern methods (% of married women with demand for family planning),Total,All age ranges or no breakdown by age,Total,Percentage,Not Applicable,Not Applicable,Not Applicable,Not Applicable,Ratio,Two,World Development Indicators (WDI),Annual,Units,Normal value,Public
datastructure,WB.DATA360:DS_DATA360(1.3),I,A,EGY,WB_WDI_SH_FPL_SATM_ZS,_T,_T,_T,PT,_Z,_Z,_Z,1995,66.8,_Z,RATIO,2,WB_WDI,P1Y,0,A,PU,Annual,"Egypt, Arab Rep.",Demand for family planning satisfied by modern methods (% of married women with demand for family planning),Total,All age ranges or no breakdown by age,Total,Percentage,Not Applicable,Not Applicable,Not Applicable,Not Applicable,Ratio,Two,World Development Indicators (WDI),Annual,Units,Normal value,Public
datastructure,WB.DATA360:DS_DATA360(1.3),I,A,ERI,WB_WDI_SH_FPL_SATM_ZS,_T,_T,_T,PT,_Z,_Z,_Z,1995,10.6,_Z,RATIO,2,WB_WDI,P1Y,0,A,PU,Annual,Eritrea,Demand for family planning satisfied by modern methods (% of married women with demand for family planning),Total,All age ranges or no breakdown by age,Total,Percentage,Not Applicable,Not Applicable,Not Applicable,Not Applicable,Ratio,Two,World Development Indicators (WDI),Annual,Units,Normal value,Public
datastructure,WB.DATA360:DS_DATA360(1.3),I,A,MDG,WB_WDI_SH_FPL_SATM_ZS,_T,_T,_T,PT,_Z,_Z,_Z,1997,20.7,_Z,RATIO,2,WB_WDI,P1Y,0,A,PU,Annual,Madagascar,Demand for family planning satisfied by modern methods (% of married women with demand for family planning),Total,All age ranges or no breakdown by age,Total,Percentage,Not Applicable,Not Applicable,Not Applicable,Not Applicable,Ratio,Two,World Development Indicators (WDI),Annual,Units,Normal value,Public
datastructure,WB.DATA360:DS_DATA360(1.3),I,A,RWA,WB_WDI_SH_FPL_SATM_ZS,_T,_T,_T,PT,_Z,_Z,_Z,1992,21.7,_Z,RATIO,2,WB_WDI,P1Y,0,A,PU,Annual,Rwanda,Demand for family planning satisfied by modern methods (% of married women with demand for family planning),Total,All age ranges or no breakdown by age,Total,Percentage,Not Applicable,Not Applicable,Not Applicable,Not Applicable,Ratio,Two,World Development Indicators (WDI),Annual,Units,Normal value,Public
datastructure,WB.DATA360:DS_DATA360(1.3),I,A,MDG,WB_WDI_SH_FPL_SATM_ZS,_T,_T,_T,PT,_Z,_Z,_Z,1992,10.5,_Z,RATIO,2,WB_WDI,P1Y,0,A,PU,Annual,Madagascar,Demand for family planning satisfied by modern methods (% of married women with demand for family planning),Total,All age ranges or no breakdown by age,Total,Percentage,Not Applicable,Not Applicable,Not Applicable,Not Applicable,Ratio,Two,World Development Indicators (WDI),Annual,Units,Normal value,Public
datastructure,WB.DATA360:DS_DATA360(1.3),I,A,MWI,WB_WDI_SH_FPL_SATM_ZS,_T,_T,_T,PT,_Z,_Z,_Z,1992,14.9,_Z,RATIO,2,WB_WDI,P1Y,0,A,PU,Annual,Malawi,Demand for family planning satisfied by modern methods (% of married women with demand for family planning),Total,All age ranges or no breakdown by age,Total,Percentage,Not Applicable,Not Applicable,Not Applicable,Not Applicable,Ratio,Two,World Development Indicators (WDI),Annual,Units,Normal value,Public
datastructure,WB.DATA360:DS_DATA360(1.3),I,A,MAR,WB_WDI_SH_FPL_SATM_ZS,_T,_T,_T,PT,_Z,_Z,_Z,1992,54.7,_Z,RATIO,2,WB_WDI,P1Y,0,A,PU,Annual,Morocco,Demand for family planning satisfied by modern methods (% of married women with demand for family planning),Total,All age ranges or no breakdown by age,Total,Percentage,Not Applicable,Not Applicable,Not Applicable,Not Applicable,Ratio,Two,World Development Indicators (WDI),Annual,Units,Normal value,Public
datastructure,WB.DATA360:DS_DATA360(1.3),I,A,NAM,WB_WDI_SH_FPL_SATM_ZS,_T,_T,_T,PT,_Z,_Z,_Z,1992,51.4,_Z,RATIO,2,WB_WDI,P1Y,0,A,PU,Annual,Namibia,Demand for family planning satisfied by modern methods (% of married women with demand for family planning),Total,All age ranges or no breakdown by age,Total,Percentage,Not Applicable,Not Applicable,Not Applicable,Not Applicable,Ratio,Two,World Development Indicators (WDI),Annual,Units,Normal value,Public
datastructure,WB.DATA360:DS_DATA360(1.3),I,A,COL,WB_WDI_SH_FPL_SATM_ZS,_T,_T,_T,PT,_Z,_Z,_Z,1990,68.4,_Z,RATIO,2,WB_WDI,P1Y,0,A,PU,Annual,Colombia,Demand for family planning satisfied by modern methods (% of married women with demand for family planning),Total,All age ranges or no breakdown by age,Total,Percentage,Not Applicable,Not Applicable,Not Applicable,Not Applicable,Ratio,Two,World Development Indicators (WDI),Annual,Units,Normal value,Public
datastructure,WB.DATA360:DS_DATA360(1.3),I,A,AGO,WB_WDI_SH_FPL_SATM_ZS,_T,_T,_T,PT,_Z,_Z,_Z,2024,27.4,_Z,RATIO,2,WB_WDI,P1Y,0,A,PU,Annual,Angola,Demand for family planning satisfied by modern methods (% of married women with demand for family planning),Total,All age ranges or no breakdown by age,Total,Percentage,Not Applicable,Not Applicable,Not Applicable,Not Applicable,Ratio,Two,World Development Indicators (WDI),Annual,Units,Normal value,Public
datastructure,WB.DATA360:DS_DATA360(1.3),I,A,SAS,WB_WDI_SH_FPL_SATM_ZS,_T,_T,_T,PT,_Z,_Z,_Z,2000,65.57356916033098,_Z,RATIO,2,WB_WDI,P1Y,0,A,PU,Annual,South Asia,Demand for family planning satisfied by modern methods (% of married women with demand for family planning),Total,All age ranges or no breakdown by age,Total,Percentage,Not Applicable,Not Applicable,Not Applicable,Not Applicable,Ratio,Two,World Development Indicators (WDI),Annual,Units,Normal value,Public
datastructure,WB.DATA360:DS_DATA360(1.3),I,A,TSA,WB_WDI_SH_FPL_SATM_ZS,_T,_T,_T,PT,_Z,_Z,_Z,2000,65.57356916033098,_Z,RATIO,2,WB_WDI,P1Y,0,A,PU,Annual,South Asia (IDA & IBRD),Demand for family planning satisfied by modern methods (% of married women with demand for family planning),Total,All age ranges or no breakdown by age,Total,Percentage,Not Applicable,Not Applicable,Not Applicable,Not Applicable,Ratio,Two,World Development Indicators (WDI),Annual,Units,Normal value,Public
datastructure,WB.DATA360:DS_DATA360(1.3),I,A,SSF,WB_WDI_SH_FPL_SATM_ZS,_T,_T,_T,PT,_Z,_Z,_Z,2010,41.91456135073754,_Z,RATIO,2,WB_WDI,P1Y,0,A,PU,Annual,Sub-Saharan Africa,Demand for family planning satisfied by modern methods (% of married women with demand for family planning),Total,All age ranges or no breakdown by age,Total,Percentage,Not Applicable,Not Applicable,Not Applicable,Not Applicable,Ratio,Two,World Development Indicators (WDI),Annual,Units,Normal value,Public
datastructure,WB.DATA360:DS_DATA360(1.3),I,A,SSA,WB_WDI_SH_FPL_SATM_ZS,_T,_T,_T,PT,_Z,_Z,_Z,2010,41.91456135073755,_Z,RATIO,2,WB_WDI,P1Y,0,A,PU,Annual,Sub-Saharan Africa (excluding high income),Demand for family planning satisfied by modern methods (% of married women with demand for family planning),Total,All age ranges or no breakdown by age,Total,Percentage,Not Applicable,Not Applicable,Not Applicable,Not Applicable,Ratio,Two,World Development Indicators (WDI),Annual,Units,Normal value,Public
datastructure,WB.DATA360:DS_DATA360(1.3),I,A,TSS,WB_WDI_SH_FPL_SATM_ZS,_T,_T,_T,PT,_Z,_Z,_Z,2010,41.91456135073754,_Z,RATIO,2,WB_WDI,P1Y,0,A,PU,Annual,Sub-Saharan Africa (IDA & IBRD),Demand for family planning satisfied by modern methods (% of married women with demand for family planning),Total,All age ranges or no breakdown by age,Total,Percentage,Not Applicable,Not Applicable,Not Applicable,Not Applicable,Ratio,Two,World Development Indicators (WDI),Annual,Units,Normal value,Public
datastructure,WB.DATA360:DS_DATA360(1.3),I,A,AFW,WB_WDI_SH_FPL_SATM_ZS,_T,_T,_T,PT,_Z,_Z,_Z,2010,28.277202540169466,_Z,RATIO,2,WB_WDI,P1Y,0,A,PU,Annual,Africa Western and Central,Demand for family planning satisfied by modern methods (% of married women with demand for family planning),Total,All age ranges or no breakdown by age,Total,Percentage,Not Applicable,Not Applicable,Not Applicable,Not Applicable,Ratio,Two,World Development Indicators (WDI),Annual,Units,Normal value,Public
datastructure,WB.DATA360:DS_DATA360(1.3),I,A,NGA,WB_WDI_SH_FPL_SATM_ZS,_T,_T,_T,PT,_Z,_Z,_Z,2013,31.3,_Z,RATIO,2,WB_WDI,P1Y,0,A,PU,Annual,Nigeria,Demand for family planning satisfied by modern methods (% of married women with demand for family planning),Total,All age ranges or no breakdown by age,Total,Percentage,Not Applicable,Not Applicable,Not Applicable,Not Applicable,Ratio,Two,World Development Indicators (WDI),Annual,Units,Normal value,Public
datastructure,WB.DATA360:DS_DATA360(1.3),I,A,PAK,WB_WDI_SH_FPL_SATM_ZS,_T,_T,_T,PT,_Z,_Z,_Z,2013,47.0,_Z,RATIO,2,WB_WDI,P1Y,0,A,PU,Annual,Pakistan,Demand for family planning satisfied by modern methods (% of married women with demand for family planning),Total,All age ranges or no breakdown by age,Total,Percentage,Not Applicable,Not Applicable,Not Applicable,Not Applicable,Ratio,Two,World Development Indicators (WDI),Annual,Units,Normal value,Public
datastructure,WB.DATA360:DS_DATA360(1.3),I,A,CMR,WB_WDI_SH_FPL_SATM_ZS,_T,_T,_T,PT,_Z,_Z,_Z,2011,30.8,_Z,RATIO,2,WB_WDI,P1Y,0,A,PU,Annual,Cameroon,Demand for family planning satisfied by modern methods (% of married women with demand for family planning),Total,All age ranges or no breakdown by age,Total,Percentage,Not Applicable,Not Applicable,Not Applicable,Not Applicable,Ratio,Two,World Development Indicators (WDI),Annual,Units,Normal value,Public
datastructure,WB.DATA360:DS_DATA360(1.3),I,A,KEN,WB_WDI_SH_FPL_SATM_ZS,_T,_T,_T,PT,_Z,_Z,_Z,2014,70.7,_Z,RATIO,2,WB_WDI,P1Y,0,A,PU,Annual,Kenya,Demand for family planning satisfied by modern methods (% of married women with demand for family planning),Total,All age ranges or no breakdown by age,Total,Percentage,Not Applicable,Not Applicable,Not Applicable,Not Applicable,Ratio,Two,World Development Indicators (WDI),Annual,Units,Normal value,Public
datastructure,WB.DATA360:DS_DATA360(1.3),I,A,COD,WB_WDI_SH_FPL_SATM_ZS,_T,_T,_T,PT,_Z,_Z,_Z,2014,16.3,_Z,RATIO,2,WB_WDI,P1Y,0,A,PU,Annual,"Congo, Dem. Rep.",Demand for family planning satisfied by modern methods (% of married women with demand for family planning),Total,All age ranges or no breakdown by age,Total,Percentage,Not Applicable,Not Applicable,Not Applicable,Not Applicable,Ratio,Two,World Development Indicators (WDI),Annual,Units,Normal value,Public
datastructure,WB.DATA360:DS_DATA360(1.3),I,A,BDI,WB_WDI_SH_FPL_SATM_ZS,_T,_T,_T,PT,_Z,_Z,_Z,2017,39.4,_Z,RATIO,2,WB_WDI,P1Y,0,A,PU,Annual,Burundi,Demand for family planning satisfied by modern methods (% of married women with demand for family planning),Total,All age ranges or no breakdown by age,Total,Percentage,Not Applicable,Not Applicable,Not Applicable,Not Applicable,Ratio,Two,World Development Indicators (WDI),Annual,Units,Normal value,Public
datastructure,WB.DATA360:DS_DATA360(1.3),I,A,KHM,WB_WDI_SH_FPL_SATM_ZS,_T,_T,_T,PT,_Z,_Z,_Z,2014,56.4,_Z,RATIO,2,WB_WDI,P1Y,0,A,PU,Annual,Cambodia,Demand for family planning satisfied by modern methods (% of married women with demand for family planning),Total,All age ranges or no breakdown by age,Total,Percentage,Not Applicable,Not Applicable,Not Applicable,Not Applicable,Ratio,Two,World Development Indicators (WDI),Annual,Units,Normal value,Public
datastructure,WB.DATA360:DS_DATA360(1.3),I,A,SEN,WB_WDI_SH_FPL_SATM_ZS,_T,_T,_T,PT,_Z,_Z,_Z,2014,42.6,_Z,RATIO,2,WB_WDI,P1Y,0,A,PU,Annual,Senegal,Demand for family planning satisfied by modern methods (% of married women with demand for family planning),Total,All age ranges or no breakdown by age,Total,Percentage,Not Applicable,Not Applicable,Not Applicable,Not Applicable,Ratio,Two,World Development Indicators (WDI),Annual,Units,Normal value,Public
datastructure,WB.DATA360:DS_DATA360(1.3),I,A,PHL,WB_WDI_SH_FPL_SATM_ZS,_T,_T,_T,PT,_Z,_Z,_Z,2017,56.9,_Z,RATIO,2,WB_WDI,P1Y,0,A,PU,Annual,Philippines,Demand for family planning satisfied by modern methods (% of married women with demand for family planning),Total,All age ranges or no breakdown by age,Total,Percentage,Not Applicable,Not Applicable,Not Applicable,Not Applicable,Ratio,Two,World Development Indicators (WDI),Annual,Units,Normal value,Public
datastructure,WB.DATA360:DS_DATA360(1.3),I,A,ARM,WB_WDI_SH_FPL_SATM_ZS,_T,_T,_T,PT,_Z,_Z,_Z,2005,26.9,_Z,RATIO,2,WB_WDI,P1Y,0,A,PU,Annual,Armenia,Demand for family planning satisfied by modern methods (% of married women with demand for family planning),Total,All age ranges or no breakdown by age,Total,Percentage,Not Applicable,Not Applicable,Not Applicable,Not Applicable,Ratio,Two,World Development Indicators (WDI),Annual,Units,Normal value,Public
datastructure,WB.DATA360:DS_DATA360(1.3),I,A,MDV,WB_WDI_SH_FPL_SATM_ZS,_T,_T,_T,PT,_Z,_Z,_Z,2017,29.8,_Z,RATIO,2,WB_WDI,P1Y,0,A,PU,Annual,Maldives,Demand for family planning satisfied by modern methods (% of married women with demand for family planning),Total,All age ranges or no breakdown by age,Total,Percentage,Not Applicable,Not Applicable,Not Applicable,Not Applicable,Ratio,Two,World Development Indicators (WDI),Annual,Units,Normal value,Public
datastructure,WB.DATA360:DS_DATA360(1.3),I,A,LMC,WB_WDI_SH_FPL_SATM_ZS,_T,_T,_T,PT,_Z,_Z,_Z,2000,63.09035233628015,_Z,RATIO,2,WB_WDI,P1Y,0,A,PU,Annual,Lower middle income,Demand for family planning satisfied by modern methods (% of married women with demand for family planning),Total,All age ranges or no breakdown by age,Total,Percentage,Not Applicable,Not Applicable,Not Applicable,Not Applicable,Ratio,Two,World Development Indicators (WDI),Annual,Units,Normal value,Public
datastructure,WB.DATA360:DS_DATA360(1.3),I,A,AGO,WB_WDI_SH_FPL_SATM_ZS,_T,_T,_T,PT,_Z,_Z,_Z,2016,24.3,_Z,RATIO,2,WB_WDI,P1Y,0,A,PU,Annual,Angola,Demand for family planning satisfied by modern methods (% of married women with demand for family planning),Total,All age ranges or no breakdown by age,Total,Percentage,Not Applicable,Not Applicable,Not Applicable,Not Applicable,Ratio,Two,World Development Indicators (WDI),Annual,Units,Normal value,Public
datastructure,WB.DATA360:DS_DATA360(1.3),I,A,ARM,WB_WDI_SH_FPL_SATM_ZS,_T,_T,_T,PT,_Z,_Z,_Z,2016,40.2,_Z,RATIO,2,WB_WDI,P1Y,0,A,PU,Annual,Armenia,Demand for family planning satisfied by modern methods (% of married women with demand for family planning),Total,All age ranges or no breakdown by age,Total,Percentage,Not Applicable,Not Applicable,Not Applicable,Not Applicable,Ratio,Two,World Development Indicators (WDI),Annual,Units,Normal value,Public
datastructure,WB.DATA360:DS_DATA360(1.3),I,A,TGO,WB_WDI_SH_FPL_SATM_ZS,_T,_T,_T,PT,_Z,_Z,_Z,1998,11.9,_Z,RATIO,2,WB_WDI,P1Y,0,A,PU,Annual,Togo,Demand for family planning satisfied by modern methods (% of married women with demand for family planning),Total,All age ranges or no breakdown by age,Total,Percentage,Not Applicable,Not Applicable,Not Applicable,Not Applicable,Ratio,Two,World Development Indicators (WDI),Annual,Units,Normal value,Public
datastructure,WB.DATA360:DS_DATA360(1.3),I,A,TUR,WB_WDI_SH_FPL_SATM_ZS,_T,_T,_T,PT,_Z,_Z,_Z,1998,48.5,_Z,RATIO,2,WB_WDI,P1Y,0,A,PU,Annual,Türkiye,Demand for family planning satisfied by modern methods (% of married women with demand for family planning),Total,All age ranges or no breakdown by age,Total,Percentage,Not Applicable,Not Applicable,Not Applicable,Not Applicable,Ratio,Two,World Development Indicators (WDI),Annual,Units,Normal value,Public
datastructure,WB.DATA360:DS_DATA360(1.3),I,A,DOM,WB_WDI_SH_FPL_SATM_ZS,_T,_T,_T,PT,_Z,_Z,_Z,2013,83.0,_Z,RATIO,2,WB_WDI,P1Y,0,A,PU,Annual,Dominican Republic,Demand for family planning satisfied by modern methods (% of married women with demand for family planning),Total,All age ranges or no breakdown by age,Total,Percentage,Not Applicable,Not Applicable,Not Applicable,Not Applicable,Ratio,Two,World Development Indicators (WDI),Annual,Units,Normal value,Public
datastructure,WB.DATA360:DS_DATA360(1.3),I,A,TCD,WB_WDI_SH_FPL_SATM_ZS,_T,_T,_T,PT,_Z,_Z,_Z,2015,17.6,_Z,RATIO,2,WB_WDI,P1Y,0,A,PU,Annual,Chad,Demand for family planning satisfied by modern methods (% of married women with demand for family planning),Total,All age ranges or no breakdown by age,Total,Percentage,Not Applicable,Not Applicable,Not Applicable,Not Applicable,Ratio,Two,World Development Indicators (WDI),Annual,Units,Normal value,Public
datastructure,WB.DATA360:DS_DATA360(1.3),I,A,COL,WB_WDI_SH_FPL_SATM_ZS,_T,_T,_T,PT,_Z,_Z,_Z,2015,86.4,_Z,RATIO,2,WB_WDI,P1Y,0,A,PU,Annual,Colombia,Demand for family planning satisfied by modern methods (% of married women with demand for family planning),Total,All age ranges or no breakdown by age,Total,Percentage,Not Applicable,Not Applicable,Not Applicable,Not Applicable,Ratio,Two,World Development Indicators (WDI),Annual,Units,Normal value,Public
datastructure,WB.DATA360:DS_DATA360(1.3),I,A,SEN,WB_WDI_SH_FPL_SATM_ZS,_T,_T,_T,PT,_Z,_Z,_Z,2011,28.0,_Z,RATIO,2,WB_WDI,P1Y,0,A,PU,Annual,Senegal,Demand for family planning satisfied by modern methods (% of married women with demand for family planning),Total,All age ranges or no breakdown by age,Total,Percentage,Not Applicable,Not Applicable,Not Applicable,Not Applicable,Ratio,Two,World Development Indicators (WDI),Annual,Units,Normal value,Public
datastructure,WB.DATA360:DS_DATA360(1.3),I,A,GHA,WB_WDI_SH_FPL_SATM_ZS,_T,_T,_T,PT,_Z,_Z,_Z,2014,39.2,_Z,RATIO,2,WB_WDI,P1Y,0,A,PU,Annual,Ghana,Demand for family planning satisfied by modern methods (% of married women with demand for family planning),Total,All age ranges or no breakdown by age,Total,Percentage,Not Applicable,Not Applicable,Not Applicable,Not Applicable,Ratio,Two,World Development Indicators (WDI),Annual,Units,Normal value,Public
datastructure,WB.DATA360:DS_DATA360(1.3),I,A,ETH,WB_WDI_SH_FPL_SATM_ZS,_T,_T,_T,PT,_Z,_Z,_Z,2016,60.6,_Z,RATIO,2,WB_WDI,P1Y,0,A,PU,Annual,Ethiopia,Demand for family planning satisfied by modern methods (% of married women with demand for family planning),Total,All age ranges or no breakdown by age,Total,Percentage,Not Applicable,Not Applicable,Not Applicable,Not Applicable,Ratio,Two,World Development Indicators (WDI),Annual,Units,Normal value,Public
datastructure,WB.DATA360:DS_DATA360(1.3),I,A,EAR,WB_WDI_SH_FPL_SATM_ZS,_T,_T,_T,PT,_Z,_Z,_Z,2000,61.76673633193592,_Z,RATIO,2,WB_WDI,P1Y,0,A,PU,Annual,Early-demographic dividend,Demand for family planning satisfied by modern methods (% of married women with demand for family planning),Total,All age ranges or no breakdown by age,Total,Percentage,Not Applicable,Not Applicable,Not Applicable,Not Applicable,Ratio,Two,World Development Indicators (WDI),Annual,Units,Normal value,Public
datastructure,WB.DATA360:DS_DATA360(1.3),I,A,LBR,WB_WDI_SH_FPL_SATM_ZS,_T,_T,_T,PT,_Z,_Z,_Z,2013,37.2,_Z,RATIO,2,WB_WDI,P1Y,0,A,PU,Annual,Liberia,Demand for family planning satisfied by modern methods (% of married women with demand for family planning),Total,All age ranges or no breakdown by age,Total,Percentage,Not Applicable,Not Applicable,Not Applicable,Not Applicable,Ratio,Two,World Development Indicators (WDI),Annual,Units,Normal value,Public
datastructure,WB.DATA360:DS_DATA360(1.3),I,A,NAM,WB_WDI_SH_FPL_SATM_ZS,_T,_T,_T,PT,_Z,_Z,_Z,2013,75.0,_Z,RATIO,2,WB_WDI,P1Y,0,A,PU,Annual,Namibia,Demand for family planning satisfied by modern methods (% of married women with demand for family planning),Total,All age ranges or no breakdown by age,Total,Percentage,Not Applicable,Not Applicable,Not Applicable,Not Applicable,Ratio,Two,World Development Indicators (WDI),Annual,Units,Normal value,Public
datastructure,WB.DATA360:DS_DATA360(1.3),I,A,SEN,WB_WDI_SH_FPL_SATM_ZS,_T,_T,_T,PT,_Z,_Z,_Z,2016,47.3,_Z,RATIO,2,WB_WDI,P1Y,0,A,PU,Annual,Senegal,Demand for family planning satisfied by modern methods (% of married women with demand for family planning),Total,All age ranges or no breakdown by age,Total,Percentage,Not Applicable,Not Applicable,Not Applicable,Not Applicable,Ratio,Two,World Development Indicators (WDI),Annual,Units,Normal value,Public
datastructure,WB.DATA360:DS_DATA360(1.3),I,A,JOR,WB_WDI_SH_FPL_SATM_ZS,_T,_T,_T,PT,_Z,_Z,_Z,2007,59.1,_Z,RATIO,2,WB_WDI,P1Y,0,A,PU,Annual,Jordan,Demand for family planning satisfied by modern methods (% of married women with demand for family planning),Total,All age ranges or no breakdown by age,Total,Percentage,Not Applicable,Not Applicable,Not Applicable,Not Applicable,Ratio,Two,World Development Indicators (WDI),Annual,Units,Normal value,Public
datastructure,WB.DATA360:DS_DATA360(1.3),I,A,LSO,WB_WDI_SH_FPL_SATM_ZS,_T,_T,_T,PT,_Z,_Z,_Z,2014,76.1,_Z,RATIO,2,WB_WDI,P1Y,0,A,PU,Annual,Lesotho,Demand for family planning satisfied by modern methods (% of married women with demand for family planning),Total,All age ranges or no breakdown by age,Total,Percentage,Not Applicable,Not Applicable,Not Applicable,Not Applicable,Ratio,Two,World Development Indicators (WDI),Annual,Units,Normal value,Public
datastructure,WB.DATA360:DS_DATA360(1.3),I,A,BGD,WB_WDI_SH_FPL_SATM_ZS,_T,_T,_T,PT,_Z,_Z,_Z,2014,72.6,_Z,RATIO,2,WB_WDI,P1Y,0,A,PU,Annual,Bangladesh,Demand for family planning satisfied by modern methods (% of married women with demand for family planning),Total,All age ranges or no breakdown by age,Total,Percentage,Not Applicable,Not Applicable,Not Applicable,Not Applicable,Ratio,Two,World Development Indicators (WDI),Annual,Units,Normal value,Public
datastructure,WB.DATA360:DS_DATA360(1.3),I,A,KAZ,WB_WDI_SH_FPL_SATM_ZS,_T,_T,_T,PT,_Z,_Z,_Z,1999,67.7,_Z,RATIO,2,WB_WDI,P1Y,0,A,PU,Annual,Kazakhstan,Demand for family planning satisfied by modern methods (% of married women with demand for family planning),Total,All age ranges or no breakdown by age,Total,Percentage,Not Applicable,Not Applicable,Not Applicable,Not Applicable,Ratio,Two,World Development Indicators (WDI),Annual,Units,Normal value,Public
datastructure,WB.DATA360:DS_DATA360(1.3),I,A,TZA,WB_WDI_SH_FPL_SATM_ZS,_T,_T,_T,PT,_Z,_Z,_Z,2016,52.9,_Z,RATIO,2,WB_WDI,P1Y,0,A,PU,Annual,Tanzania,Demand for family planning satisfied by modern methods (% of married women with demand for family planning),Total,All age ranges or no breakdown by age,Total,Percentage,Not Applicable,Not Applicable,Not Applicable,Not Applicable,Ratio,Two,World Development Indicators (WDI),Annual,Units,Normal value,Public
datastructure,WB.DATA360:DS_DATA360(1.3),I,A,TLS,WB_WDI_SH_FPL_SATM_ZS,_T,_T,_T,PT,_Z,_Z,_Z,2016,46.9,_Z,RATIO,2,WB_WDI,P1Y,0,A,PU,Annual,Timor-Leste,Demand for family planning satisfied by modern methods (% of married women with demand for family planning),Total,All age ranges or no breakdown by age,Total,Percentage,Not Applicable,Not Applicable,Not Applicable,Not Applicable,Ratio,Two,World Development Indicators (WDI),Annual,Units,Normal value,Public
datastructure,WB.DATA360:DS_DATA360(1.3),I,A,TGO,WB_WDI_SH_FPL_SATM_ZS,_T,_T,_T,PT,_Z,_Z,_Z,2014,32.3,_Z,RATIO,2,WB_WDI,P1Y,0,A,PU,Annual,Togo,Demand for family planning satisfied by modern methods (% of married women with demand for family planning),Total,All age ranges or no breakdown by age,Total,Percentage,Not Applicable,Not Applicable,Not Applicable,Not Applicable,Ratio,Two,World Development Indicators (WDI),Annual,Units,Normal value,Public
datastructure,WB.DATA360:DS_DATA360(1.3),I,A,HTI,WB_WDI_SH_FPL_SATM_ZS,_T,_T,_T,PT,_Z,_Z,_Z,2017,44.0,_Z,RATIO,2,WB_WDI,P1Y,0,A,PU,Annual,Haiti,Demand for family planning satisfied by modern methods (% of married women with demand for family planning),Total,All age ranges or no breakdown by age,Total,Percentage,Not Applicable,Not Applicable,Not Applicable,Not Applicable,Ratio,Two,World Development Indicators (WDI),Annual,Units,Normal value,Public
datastructure,WB.DATA360:DS_DATA360(1.3),I,A,TUR,WB_WDI_SH_FPL_SATM_ZS,_T,_T,_T,PT,_Z,_Z,_Z,2013,59.8,_Z,RATIO,2,WB_WDI,P1Y,0,A,PU,Annual,Türkiye,Demand for family planning satisfied by modern methods (% of married women with demand for family planning),Total,All age ranges or no breakdown by age,Total,Percentage,Not Applicable,Not Applicable,Not Applicable,Not Applicable,Ratio,Two,World Development Indicators (WDI),Annual,Units,Normal value,Public
datastructure,WB.DATA360:DS_DATA360(1.3),I,A,BFA,WB_WDI_SH_FPL_SATM_ZS,_T,_T,_T,PT,_Z,_Z,_Z,1999,11.5,_Z,RATIO,2,WB_WDI,P1Y,0,A,PU,Annual,Burkina Faso,Demand for family planning satisfied by modern methods (% of married women with demand for family planning),Total,All age ranges or no breakdown by age,Total,Percentage,Not Applicable,Not Applicable,Not Applicable,Not Applicable,Ratio,Two,World Development Indicators (WDI),Annual,Units,Normal value,Public
datastructure,WB.DATA360:DS_DATA360(1.3),I,A,TCD,WB_WDI_SH_FPL_SATM_ZS,_T,_T,_T,PT,_Z,_Z,_Z,2004,31.4,_Z,RATIO,2,WB_WDI,P1Y,0,A,PU,Annual,Chad,Demand for family planning satisfied by modern methods (% of married women with demand for family planning),Total,All age ranges or no breakdown by age,Total,Percentage,Not Applicable,Not Applicable,Not Applicable,Not Applicable,Ratio,Two,World Development Indicators (WDI),Annual,Units,Normal value,Public
datastructure,WB.DATA360:DS_DATA360(1.3),I,A,AFG,WB_WDI_SH_FPL_SATM_ZS,_T,_T,_T,PT,_Z,_Z,_Z,2015,42.2,_Z,RATIO,2,WB_WDI,P1Y,0,A,PU,Annual,Afghanistan,Demand for family planning satisfied by modern methods (% of married women with demand for family planning),Total,All age ranges or no breakdown by age,Total,Percentage,Not Applicable,Not Applicable,Not Applicable,Not Applicable,Ratio,Two,World Development Indicators (WDI),Annual,Units,Normal value,Public
datastructure,WB.DATA360:DS_DATA360(1.3),I,A,ETH,WB_WDI_SH_FPL_SATM_ZS,_T,_T,_T,PT,_Z,_Z,_Z,2011,49.8,_Z,RATIO,2,WB_WDI,P1Y,0,A,PU,Annual,Ethiopia,Demand for family planning satisfied by modern methods (% of married women with demand for family planning),Total,All age ranges or no breakdown by age,Total,Percentage,Not Applicable,Not Applicable,Not Applicable,Not Applicable,Ratio,Two,World Development Indicators (WDI),Annual,Units,Normal value,Public
datastructure,WB.DATA360:DS_DATA360(1.3),I,A,CMR,WB_WDI_SH_FPL_SATM_ZS,_T,_T,_T,PT,_Z,_Z,_Z,2018,36.4,_Z,RATIO,2,WB_WDI,P1Y,0,A,PU,Annual,Cameroon,Demand for family planning satisfied by modern methods (% of married women with demand for family planning),Total,All age ranges or no breakdown by age,Total,Percentage,Not Applicable,Not Applicable,Not Applicable,Not Applicable,Ratio,Two,World Development Indicators (WDI),Annual,Units,Normal value,Public
datastructure,WB.DATA360:DS_DATA360(1.3),I,A,LSO,WB_WDI_SH_FPL_SATM_ZS,_T,_T,_T,PT,_Z,_Z,_Z,2009,64.9,_Z,RATIO,2,WB_WDI,P1Y,0,A,PU,Annual,Lesotho,Demand for family planning satisfied by modern methods (% of married women with demand for family planning),Total,All age ranges or no breakdown by age,Total,Percentage,Not Applicable,Not Applicable,Not Applicable,Not Applicable,Ratio,Two,World Development Indicators (WDI),Annual,Units,Normal value,Public
datastructure,WB.DATA360:DS_DATA360(1.3),I,A,TZA,WB_WDI_SH_FPL_SATM_ZS,_T,_T,_T,PT,_Z,_Z,_Z,1996,30.0,_Z,RATIO,2,WB_WDI,P1Y,0,A,PU,Annual,Tanzania,Demand for family planning satisfied by modern methods (% of married women with demand for family planning),Total,All age ranges or no breakdown by age,Total,Percentage,Not Applicable,Not Applicable,Not Applicable,Not Applicable,Ratio,Two,World Development Indicators (WDI),Annual,Units,Normal value,Public
datastructure,WB.DATA360:DS_DATA360(1.3),I,A,BEN,WB_WDI_SH_FPL_SATM_ZS,_T,_T,_T,PT,_Z,_Z,_Z,2006,13.9,_Z,RATIO,2,WB_WDI,P1Y,0,A,PU,Annual,Benin,Demand for family planning satisfied by modern methods (% of married women with demand for family planning),Total,All age ranges or no breakdown by age,Total,Percentage,Not Applicable,Not Applicable,Not Applicable,Not Applicable,Ratio,Two,World Development Indicators (WDI),Annual,Units,Normal value,Public
datastructure,WB.DATA360:DS_DATA360(1.3),I,A,MOZ,WB_WDI_SH_FPL_SATM_ZS,_T,_T,_T,PT,_Z,_Z,_Z,2011,31.9,_Z,RATIO,2,WB_WDI,P1Y,0,A,PU,Annual,Mozambique,Demand for family planning satisfied by modern methods (% of married women with demand for family planning),Total,All age ranges or no breakdown by age,Total,Percentage,Not Applicable,Not Applicable,Not Applicable,Not Applicable,Ratio,Two,World Development Indicators (WDI),Annual,Units,Normal value,Public
datastructure,WB.DATA360:DS_DATA360(1.3),I,A,UZB,WB_WDI_SH_FPL_SATM_ZS,_T,_T,_T,PT,_Z,_Z,_Z,1996,74.1,_Z,RATIO,2,WB_WDI,P1Y,0,A,PU,Annual,Uzbekistan,Demand for family planning satisfied by modern methods (% of married women with demand for family planning),Total,All age ranges or no breakdown by age,Total,Percentage,Not Applicable,Not Applicable,Not Applicable,Not Applicable,Ratio,Two,World Development Indicators (WDI),Annual,Units,Normal value,Public
datastructure,WB.DATA360:DS_DATA360(1.3),I,A,ZMB,WB_WDI_SH_FPL_SATM_ZS,_T,_T,_T,PT,_Z,_Z,_Z,1996,28.1,_Z,RATIO,2,WB_WDI,P1Y,0,A,PU,Annual,Zambia,Demand for family planning satisfied by modern methods (% of married women with demand for family planning),Total,All age ranges or no breakdown by age,Total,Percentage,Not Applicable,Not Applicable,Not Applicable,Not Applicable,Ratio,Two,World Development Indicators (WDI),Annual,Units,Normal value,Public
datastructure,WB.DATA360:DS_DATA360(1.3),I,A,MWI,WB_WDI_SH_FPL_SATM_ZS,_T,_T,_T,PT,_Z,_Z,_Z,2010,58.4,_Z,RATIO,2,WB_WDI,P1Y,0,A,PU,Annual,Malawi,Demand for family planning satisfied by modern methods (% of married women with demand for family planning),Total,All age ranges or no breakdown by age,Total,Percentage,Not Applicable,Not Applicable,Not Applicable,Not Applicable,Ratio,Two,World Development Indicators (WDI),Annual,Units,Normal value,Public
datastructure,WB.DATA360:DS_DATA360(1.3),I,A,GHA,WB_WDI_SH_FPL_SATM_ZS,_T,_T,_T,PT,_Z,_Z,_Z,2008,28.0,_Z,RATIO,2,WB_WDI,P1Y,0,A,PU,Annual,Ghana,Demand for family planning satisfied by modern methods (% of married women with demand for family planning),Total,All age ranges or no breakdown by age,Total,Percentage,Not Applicable,Not Applicable,Not Applicable,Not Applicable,Ratio,Two,World Development Indicators (WDI),Annual,Units,Normal value,Public
datastructure,WB.DATA360:DS_DATA360(1.3),I,A,RWA,WB_WDI_SH_FPL_SATM_ZS,_T,_T,_T,PT,_Z,_Z,_Z,2010,62.4,_Z,RATIO,2,WB_WDI,P1Y,0,A,PU,Annual,Rwanda,Demand for family planning satisfied by modern methods (% of married women with demand for family planning),Total,All age ranges or no breakdown by age,Total,Percentage,Not Applicable,Not Applicable,Not Applicable,Not Applicable,Ratio,Two,World Development Indicators (WDI),Annual,Units,Normal value,Public
datastructure,WB.DATA360:DS_DATA360(1.3),I,A,AZE,WB_WDI_SH_FPL_SATM_ZS,_T,_T,_T,PT,_Z,_Z,_Z,2006,21.5,_Z,RATIO,2,WB_WDI,P1Y,0,A,PU,Annual,Azerbaijan,Demand for family planning satisfied by modern methods (% of married women with demand for family planning),Total,All age ranges or no breakdown by age,Total,Percentage,Not Applicable,Not Applicable,Not Applicable,Not Applicable,Ratio,Two,World Development Indicators (WDI),Annual,Units,Normal value,Public
datastructure,WB.DATA360:DS_DATA360(1.3),I,A,TJK,WB_WDI_SH_FPL_SATM_ZS,_T,_T,_T,PT,_Z,_Z,_Z,2017,52.1,_Z,RATIO,2,WB_WDI,P1Y,0,A,PU,Annual,Tajikistan,Demand for family planning satisfied by modern methods (% of married women with demand for family planning),Total,All age ranges or no breakdown by age,Total,Percentage,Not Applicable,Not Applicable,Not Applicable,Not Applicable,Ratio,Two,World Development Indicators (WDI),Annual,Units,Normal value,Public
datastructure,WB.DATA360:DS_DATA360(1.3),I,A,SEN,WB_WDI_SH_FPL_SATM_ZS,_T,_T,_T,PT,_Z,_Z,_Z,2018,53.3,_Z,RATIO,2,WB_WDI,P1Y,0,A,PU,Annual,Senegal,Demand for family planning satisfied by modern methods (% of married women with demand for family planning),Total,All age ranges or no breakdown by age,Total,Percentage,Not Applicable,Not Applicable,Not Applicable,Not Applicable,Ratio,Two,World Development Indicators (WDI),Annual,Units,Normal value,Public
datastructure,WB.DATA360:DS_DATA360(1.3),I,A,IDN,WB_WDI_SH_FPL_SATM_ZS,_T,_T,_T,PT,_Z,_Z,_Z,2012,79.0,_Z,RATIO,2,WB_WDI,P1Y,0,A,PU,Annual,Indonesia,Demand for family planning satisfied by modern methods (% of married women with demand for family planning),Total,All age ranges or no breakdown by age,Total,Percentage,Not Applicable,Not Applicable,Not Applicable,Not Applicable,Ratio,Two,World Development Indicators (WDI),Annual,Units,Normal value,Public
datastructure,WB.DATA360:DS_DATA360(1.3),I,A,JOR,WB_WDI_SH_FPL_SATM_ZS,_T,_T,_T,PT,_Z,_Z,_Z,2012,58.0,_Z,RATIO,2,WB_WDI,P1Y,0,A,PU,Annual,Jordan,Demand for family planning satisfied by modern methods (% of married women with demand for family planning),Total,All age ranges or no breakdown by age,Total,Percentage,Not Applicable,Not Applicable,Not Applicable,Not Applicable,Ratio,Two,World Development Indicators (WDI),Annual,Units,Normal value,Public
datastructure,WB.DATA360:DS_DATA360(1.3),I,A,GMB,WB_WDI_SH_FPL_SATM_ZS,_T,_T,_T,PT,_Z,_Z,_Z,2013,23.8,_Z,RATIO,2,WB_WDI,P1Y,0,A,PU,Annual,"Gambia, The",Demand for family planning satisfied by modern methods (% of married women with demand for family planning),Total,All age ranges or no breakdown by age,Total,Percentage,Not Applicable,Not Applicable,Not Applicable,Not Applicable,Ratio,Two,World Development Indicators (WDI),Annual,Units,Normal value,Public
datastructure,WB.DATA360:DS_DATA360(1.3),I,A,VNM,WB_WDI_SH_FPL_SATM_ZS,_T,_T,_T,PT,_Z,_Z,_Z,2002,66.6,_Z,RATIO,2,WB_WDI,P1Y,0,A,PU,Annual,Vietnam,Demand for family planning satisfied by modern methods (% of married women with demand for family planning),Total,All age ranges or no breakdown by age,Total,Percentage,Not Applicable,Not Applicable,Not Applicable,Not Applicable,Ratio,Two,World Development Indicators (WDI),Annual,Units,Normal value,Public
datastructure,WB.DATA360:DS_DATA360(1.3),I,A,ZMB,WB_WDI_SH_FPL_SATM_ZS,_T,_T,_T,PT,_Z,_Z,_Z,2002,41.0,_Z,RATIO,2,WB_WDI,P1Y,0,A,PU,Annual,Zambia,Demand for family planning satisfied by modern methods (% of married women with demand for family planning),Total,All age ranges or no breakdown by age,Total,Percentage,Not Applicable,Not Applicable,Not Applicable,Not Applicable,Ratio,Two,World Development Indicators (WDI),Annual,Units,Normal value,Public
datastructure,WB.DATA360:DS_DATA360(1.3),I,A,BEN,WB_WDI_SH_FPL_SATM_ZS,_T,_T,_T,PT,_Z,_Z,_Z,2012,17.4,_Z,RATIO,2,WB_WDI,P1Y,0,A,PU,Annual,Benin,Demand for family planning satisfied by modern methods (% of married women with demand for family planning),Total,All age ranges or no breakdown by age,Total,Percentage,Not Applicable,Not Applicable,Not Applicable,Not Applicable,Ratio,Two,World Development Indicators (WDI),Annual,Units,Normal value,Public
datastructure,WB.DATA360:DS_DATA360(1.3),I,A,IDN,WB_WDI_SH_FPL_SATM_ZS,_T,_T,_T,PT,_Z,_Z,_Z,2007,77.0,_Z,RATIO,2,WB_WDI,P1Y,0,A,PU,Annual,Indonesia,Demand for family planning satisfied by modern methods (% of married women with demand for family planning),Total,All age ranges or no breakdown by age,Total,Percentage,Not Applicable,Not Applicable,Not Applicable,Not Applicable,Ratio,Two,World Development Indicators (WDI),Annual,Units,Normal value,Public
datastructure,WB.DATA360:DS_DATA360(1.3),I,A,GAB,WB_WDI_SH_FPL_SATM_ZS,_T,_T,_T,PT,_Z,_Z,_Z,2021,29.7,_Z,RATIO,2,WB_WDI,P1Y,0,A,PU,Annual,Gabon,Demand for family planning satisfied by modern methods (% of married women with demand for family planning),Total,All age ranges or no breakdown by age,Total,Percentage,Not Applicable,Not Applicable,Not Applicable,Not Applicable,Ratio,Two,World Development Indicators (WDI),Annual,Units,Normal value,Public
datastructure,WB.DATA360:DS_DATA360(1.3),I,A,SEN,WB_WDI_SH_FPL_SATM_ZS,_T,_T,_T,PT,_Z,_Z,_Z,2019,52.6,_Z,RATIO,2,WB_WDI,P1Y,0,A,PU,Annual,Senegal,Demand for family planning satisfied by modern methods (% of married women with demand for family planning),Total,All age ranges or no breakdown by age,Total,Percentage,Not Applicable,Not Applicable,Not Applicable,Not Applicable,Ratio,Two,World Development Indicators (WDI),Annual,Units,Normal value,Public
datastructure,WB.DATA360:DS_DATA360(1.3),I,A,SLE,WB_WDI_SH_FPL_SATM_ZS,_T,_T,_T,PT,_Z,_Z,_Z,2019,45.4,_Z,RATIO,2,WB_WDI,P1Y,0,A,PU,Annual,Sierra Leone,Demand for family planning satisfied by modern methods (% of married women with demand for family planning),Total,All age ranges or no breakdown by age,Total,Percentage,Not Applicable,Not Applicable,Not Applicable,Not Applicable,Ratio,Two,World Development Indicators (WDI),Annual,Units,Normal value,Public
datastructure,WB.DATA360:DS_DATA360(1.3),I,A,SLE,WB_WDI_SH_FPL_SATM_ZS,_T,_T,_T,PT,_Z,_Z,_Z,2008,18.4,_Z,RATIO,2,WB_WDI,P1Y,0,A,PU,Annual,Sierra Leone,Demand for family planning satisfied by modern methods (% of married women with demand for family planning),Total,All age ranges or no breakdown by age,Total,Percentage,Not Applicable,Not Applicable,Not Applicable,Not Applicable,Ratio,Two,World Development Indicators (WDI),Annual,Units,Normal value,Public
datastructure,WB.DATA360:DS_DATA360(1.3),I,A,SEN,WB_WDI_SH_FPL_SATM_ZS,_T,_T,_T,PT,_Z,_Z,_Z,2017,53.0,_Z,RATIO,2,WB_WDI,P1Y,0,A,PU,Annual,Senegal,Demand for family planning satisfied by modern methods (% of married women with demand for family planning),Total,All age ranges or no breakdown by age,Total,Percentage,Not Applicable,Not Applicable,Not Applicable,Not Applicable,Ratio,Two,World Development Indicators (WDI),Annual,Units,Normal value,Public
datastructure,WB.DATA360:DS_DATA360(1.3),I,A,RWA,WB_WDI_SH_FPL_SATM_ZS,_T,_T,_T,PT,_Z,_Z,_Z,2015,65.8,_Z,RATIO,2,WB_WDI,P1Y,0,A,PU,Annual,Rwanda,Demand for family planning satisfied by modern methods (% of married women with demand for family planning),Total,All age ranges or no breakdown by age,Total,Percentage,Not Applicable,Not Applicable,Not Applicable,Not Applicable,Ratio,Two,World Development Indicators (WDI),Annual,Units,Normal value,Public
datastructure,WB.DATA360:DS_DATA360(1.3),I,A,SEN,WB_WDI_SH_FPL_SATM_ZS,_T,_T,_T,PT,_Z,_Z,_Z,2015,43.6,_Z,RATIO,2,WB_WDI,P1Y,0,A,PU,Annual,Senegal,Demand for family planning satisfied by modern methods (% of married women with demand for family planning),Total,All age ranges or no breakdown by age,Total,Percentage,Not Applicable,Not Applicable,Not Applicable,Not Applicable,Ratio,Two,World Development Indicators (WDI),Annual,Units,Normal value,Public
datastructure,WB.DATA360:DS_DATA360(1.3),I,A,HTI,WB_WDI_SH_FPL_SATM_ZS,_T,_T,_T,PT,_Z,_Z,_Z,2000,33.8,_Z,RATIO,2,WB_WDI,P1Y,0,A,PU,Annual,Haiti,Demand for family planning satisfied by modern methods (% of married women with demand for family planning),Total,All age ranges or no breakdown by age,Total,Percentage,Not Applicable,Not Applicable,Not Applicable,Not Applicable,Ratio,Two,World Development Indicators (WDI),Annual,Units,Normal value,Public
datastructure,WB.DATA360:DS_DATA360(1.3),I,A,JOR,WB_WDI_SH_FPL_SATM_ZS,_T,_T,_T,PT,_Z,_Z,_Z,2023,54.1,_Z,RATIO,2,WB_WDI,P1Y,0,A,PU,Annual,Jordan,Demand for family planning satisfied by modern methods (% of married women with demand for family planning),Total,All age ranges or no breakdown by age,Total,Percentage,Not Applicable,Not Applicable,Not Applicable,Not Applicable,Ratio,Two,World Development Indicators (WDI),Annual,Units,Normal value,Public
datastructure,WB.DATA360:DS_DATA360(1.3),I,A,GIN,WB_WDI_SH_FPL_SATM_ZS,_T,_T,_T,PT,_Z,_Z,_Z,2018,32.1,_Z,RATIO,2,WB_WDI,P1Y,0,A,PU,Annual,Guinea,Demand for family planning satisfied by modern methods (% of married women with demand for family planning),Total,All age ranges or no breakdown by age,Total,Percentage,Not Applicable,Not Applicable,Not Applicable,Not Applicable,Ratio,Two,World Development Indicators (WDI),Annual,Units,Normal value,Public
datastructure,WB.DATA360:DS_DATA360(1.3),I,A,GTM,WB_WDI_SH_FPL_SATM_ZS,_T,_T,_T,PT,_Z,_Z,_Z,2015,65.6,_Z,RATIO,2,WB_WDI,P1Y,0,A,PU,Annual,Guatemala,Demand for family planning satisfied by modern methods (% of married women with demand for family planning),Total,All age ranges or no breakdown by age,Total,Percentage,Not Applicable,Not Applicable,Not Applicable,Not Applicable,Ratio,Two,World Development Indicators (WDI),Annual,Units,Normal value,Public
datastructure,WB.DATA360:DS_DATA360(1.3),I,A,COL,WB_WDI_SH_FPL_SATM_ZS,_T,_T,_T,PT,_Z,_Z,_Z,2000,73.6,_Z,RATIO,2,WB_WDI,P1Y,0,A,PU,Annual,Colombia,Demand for family planning satisfied by modern methods (% of married women with demand for family planning),Total,All age ranges or no breakdown by age,Total,Percentage,Not Applicable,Not Applicable,Not Applicable,Not Applicable,Ratio,Two,World Development Indicators (WDI),Annual,Units,Normal value,Public
datastructure,WB.DATA360:DS_DATA360(1.3),I,A,EGY,WB_WDI_SH_FPL_SATM_ZS,_T,_T,_T,PT,_Z,_Z,_Z,2008,80.1,_Z,RATIO,2,WB_WDI,P1Y,0,A,PU,Annual,"Egypt, Arab Rep.",Demand for family planning satisfied by modern methods (% of married women with demand for family planning),Total,All age ranges or no breakdown by age,Total,Percentage,Not Applicable,Not Applicable,Not Applicable,Not Applicable,Ratio,Two,World Development Indicators (WDI),Annual,Units,Normal value,Public
datastructure,WB.DATA360:DS_DATA360(1.3),I,A,GIN,WB_WDI_SH_FPL_SATM_ZS,_T,_T,_T,PT,_Z,_Z,_Z,2012,15.8,_Z,RATIO,2,WB_WDI,P1Y,0,A,PU,Annual,Guinea,Demand for family planning satisfied by modern methods (% of married women with demand for family planning),Total,All age ranges or no breakdown by age,Total,Percentage,Not Applicable,Not Applicable,Not Applicable,Not Applicable,Ratio,Two,World Development Indicators (WDI),Annual,Units,Normal value,Public
datastructure,WB.DATA360:DS_DATA360(1.3),I,A,HTI,WB_WDI_SH_FPL_SATM_ZS,_T,_T,_T,PT,_Z,_Z,_Z,2012,44.8,_Z,RATIO,2,WB_WDI,P1Y,0,A,PU,Annual,Haiti,Demand for family planning satisfied by modern methods (% of married women with demand for family planning),Total,All age ranges or no breakdown by age,Total,Percentage,Not Applicable,Not Applicable,Not Applicable,Not Applicable,Ratio,Two,World Development Indicators (WDI),Annual,Units,Normal value,Public
datastructure,WB.DATA360:DS_DATA360(1.3),I,A,HND,WB_WDI_SH_FPL_SATM_ZS,_T,_T,_T,PT,_Z,_Z,_Z,2012,76.1,_Z,RATIO,2,WB_WDI,P1Y,0,A,PU,Annual,Honduras,Demand for family planning satisfied by modern methods (% of married women with demand for family planning),Total,All age ranges or no breakdown by age,Total,Percentage,Not Applicable,Not Applicable,Not Applicable,Not Applicable,Ratio,Two,World Development Indicators (WDI),Annual,Units,Normal value,Public
datastructure,WB.DATA360:DS_DATA360(1.3),I,A,NPL,WB_WDI_SH_FPL_SATM_ZS,_T,_T,_T,PT,_Z,_Z,_Z,2001,52.8,_Z,RATIO,2,WB_WDI,P1Y,0,A,PU,Annual,Nepal,Demand for family planning satisfied by modern methods (% of married women with demand for family planning),Total,All age ranges or no breakdown by age,Total,Percentage,Not Applicable,Not Applicable,Not Applicable,Not Applicable,Ratio,Two,World Development Indicators (WDI),Annual,Units,Normal value,Public
datastructure,WB.DATA360:DS_DATA360(1.3),I,A,NIC,WB_WDI_SH_FPL_SATM_ZS,_T,_T,_T,PT,_Z,_Z,_Z,2001,79.4,_Z,RATIO,2,WB_WDI,P1Y,0,A,PU,Annual,Nicaragua,Demand for family planning satisfied by modern methods (% of married women with demand for family planning),Total,All age ranges or no breakdown by age,Total,Percentage,Not Applicable,Not Applicable,Not Applicable,Not Applicable,Ratio,Two,World Development Indicators (WDI),Annual,Units,Normal value,Public
datastructure,WB.DATA360:DS_DATA360(1.3),I,A,BGD,WB_WDI_SH_FPL_SATM_ZS,_T,_T,_T,PT,_Z,_Z,_Z,2007,65.4,_Z,RATIO,2,WB_WDI,P1Y,0,A,PU,Annual,Bangladesh,Demand for family planning satisfied by modern methods (% of married women with demand for family planning),Total,All age ranges or no breakdown by age,Total,Percentage,Not Applicable,Not Applicable,Not Applicable,Not Applicable,Ratio,Two,World Development Indicators (WDI),Annual,Units,Normal value,Public
datastructure,WB.DATA360:DS_DATA360(1.3),I,A,MDG,WB_WDI_SH_FPL_SATM_ZS,_T,_T,_T,PT,_Z,_Z,_Z,2009,49.5,_Z,RATIO,2,WB_WDI,P1Y,0,A,PU,Annual,Madagascar,Demand for family planning satisfied by modern methods (% of married women with demand for family planning),Total,All age ranges or no breakdown by age,Total,Percentage,Not Applicable,Not Applicable,Not Applicable,Not Applicable,Ratio,Two,World Development Indicators (WDI),Annual,Units,Normal value,Public
datastructure,WB.DATA360:DS_DATA360(1.3),I,A,MDV,WB_WDI_SH_FPL_SATM_ZS,_T,_T,_T,PT,_Z,_Z,_Z,2009,42.6,_Z,RATIO,2,WB_WDI,P1Y,0,A,PU,Annual,Maldives,Demand for family planning satisfied by modern methods (% of married women with demand for family planning),Total,All age ranges or no breakdown by age,Total,Percentage,Not Applicable,Not Applicable,Not Applicable,Not Applicable,Ratio,Two,World Development Indicators (WDI),Annual,Units,Normal value,Public
datastructure,WB.DATA360:DS_DATA360(1.3),I,A,LBR,WB_WDI_SH_FPL_SATM_ZS,_T,_T,_T,PT,_Z,_Z,_Z,2020,40.9,_Z,RATIO,2,WB_WDI,P1Y,0,A,PU,Annual,Liberia,Demand for family planning satisfied by modern methods (% of married women with demand for family planning),Total,All age ranges or no breakdown by age,Total,Percentage,Not Applicable,Not Applicable,Not Applicable,Not Applicable,Ratio,Two,World Development Indicators (WDI),Annual,Units,Normal value,Public
datastructure,WB.DATA360:DS_DATA360(1.3),I,A,ETH,WB_WDI_SH_FPL_SATM_ZS,_T,_T,_T,PT,_Z,_Z,_Z,2005,27.4,_Z,RATIO,2,WB_WDI,P1Y,0,A,PU,Annual,Ethiopia,Demand for family planning satisfied by modern methods (% of married women with demand for family planning),Total,All age ranges or no breakdown by age,Total,Percentage,Not Applicable,Not Applicable,Not Applicable,Not Applicable,Ratio,Two,World Development Indicators (WDI),Annual,Units,Normal value,Public
datastructure,WB.DATA360:DS_DATA360(1.3),I,A,BGD,WB_WDI_SH_FPL_SATM_ZS,_T,_T,_T,PT,_Z,_Z,_Z,2004,64.8,_Z,RATIO,2,WB_WDI,P1Y,0,A,PU,Annual,Bangladesh,Demand for family planning satisfied by modern methods (% of married women with demand for family planning),Total,All age ranges or no breakdown by age,Total,Percentage,Not Applicable,Not Applicable,Not Applicable,Not Applicable,Ratio,Two,World Development Indicators (WDI),Annual,Units,Normal value,Public
datastructure,WB.DATA360:DS_DATA360(1.3),I,A,DOM,WB_WDI_SH_FPL_SATM_ZS,_T,_T,_T,PT,_Z,_Z,_Z,2002,80.1,_Z,RATIO,2,WB_WDI,P1Y,0,A,PU,Annual,Dominican Republic,Demand for family planning satisfied by modern methods (% of married women with demand for family planning),Total,All age ranges or no breakdown by age,Total,Percentage,Not Applicable,Not Applicable,Not Applicable,Not Applicable,Ratio,Two,World Development Indicators (WDI),Annual,Units,Normal value,Public
datastructure,WB.DATA360:DS_DATA360(1.3),I,A,ERI,WB_WDI_SH_FPL_SATM_ZS,_T,_T,_T,PT,_Z,_Z,_Z,2002,19.9,_Z,RATIO,2,WB_WDI,P1Y,0,A,PU,Annual,Eritrea,Demand for family planning satisfied by modern methods (% of married women with demand for family planning),Total,All age ranges or no breakdown by age,Total,Percentage,Not Applicable,Not Applicable,Not Applicable,Not Applicable,Ratio,Two,World Development Indicators (WDI),Annual,Units,Normal value,Public
datastructure,WB.DATA360:DS_DATA360(1.3),I,A,LSO,WB_WDI_SH_FPL_SATM_ZS,_T,_T,_T,PT,_Z,_Z,_Z,2004,51.5,_Z,RATIO,2,WB_WDI,P1Y,0,A,PU,Annual,Lesotho,Demand for family planning satisfied by modern methods (% of married women with demand for family planning),Total,All age ranges or no breakdown by age,Total,Percentage,Not Applicable,Not Applicable,Not Applicable,Not Applicable,Ratio,Two,World Development Indicators (WDI),Annual,Units,Normal value,Public
datastructure,WB.DATA360:DS_DATA360(1.3),I,A,NGA,WB_WDI_SH_FPL_SATM_ZS,_T,_T,_T,PT,_Z,_Z,_Z,2018,33.9,_Z,RATIO,2,WB_WDI,P1Y,0,A,PU,Annual,Nigeria,Demand for family planning satisfied by modern methods (% of married women with demand for family planning),Total,All age ranges or no breakdown by age,Total,Percentage,Not Applicable,Not Applicable,Not Applicable,Not Applicable,Ratio,Two,World Development Indicators (WDI),Annual,Units,Normal value,Public
datastructure,WB.DATA360:DS_DATA360(1.3),I,A,PAK,WB_WDI_SH_FPL_SATM_ZS,_T,_T,_T,PT,_Z,_Z,_Z,2018,48.6,_Z,RATIO,2,WB_WDI,P1Y,0,A,PU,Annual,Pakistan,Demand for family planning satisfied by modern methods (% of married women with demand for family planning),Total,All age ranges or no breakdown by age,Total,Percentage,Not Applicable,Not Applicable,Not Applicable,Not Applicable,Ratio,Two,World Development Indicators (WDI),Annual,Units,Normal value,Public
datastructure,WB.DATA360:DS_DATA360(1.3),I,A,PNG,WB_WDI_SH_FPL_SATM_ZS,_T,_T,_T,PT,_Z,_Z,_Z,2018,48.7,_Z,RATIO,2,WB_WDI,P1Y,0,A,PU,Annual,Papua New Guinea,Demand for family planning satisfied by modern methods (% of married women with demand for family planning),Total,All age ranges or no breakdown by age,Total,Percentage,Not Applicable,Not Applicable,Not Applicable,Not Applicable,Ratio,Two,World Development Indicators (WDI),Annual,Units,Normal value,Public
datastructure,WB.DATA360:DS_DATA360(1.3),I,A,MLI,WB_WDI_SH_FPL_SATM_ZS,_T,_T,_T,PT,_Z,_Z,_Z,2018,39.9,_Z,RATIO,2,WB_WDI,P1Y,0,A,PU,Annual,Mali,Demand for family planning satisfied by modern methods (% of married women with demand for family planning),Total,All age ranges or no breakdown by age,Total,Percentage,Not Applicable,Not Applicable,Not Applicable,Not Applicable,Ratio,Two,World Development Indicators (WDI),Annual,Units,Normal value,Public
datastructure,WB.DATA360:DS_DATA360(1.3),I,A,COD,WB_WDI_SH_FPL_SATM_ZS,_T,_T,_T,PT,_Z,_Z,_Z,2007,12.2,_Z,RATIO,2,WB_WDI,P1Y,0,A,PU,Annual,"Congo, Dem. Rep.",Demand for family planning satisfied by modern methods (% of married women with demand for family planning),Total,All age ranges or no breakdown by age,Total,Percentage,Not Applicable,Not Applicable,Not Applicable,Not Applicable,Ratio,Two,World Development Indicators (WDI),Annual,Units,Normal value,Public
datastructure,WB.DATA360:DS_DATA360(1.3),I,A,NIC,WB_WDI_SH_FPL_SATM_ZS,_T,_T,_T,PT,_Z,_Z,_Z,1998,73.4,_Z,RATIO,2,WB_WDI,P1Y,0,A,PU,Annual,Nicaragua,Demand for family planning satisfied by modern methods (% of married women with demand for family planning),Total,All age ranges or no breakdown by age,Total,Percentage,Not Applicable,Not Applicable,Not Applicable,Not Applicable,Ratio,Two,World Development Indicators (WDI),Annual,Units,Normal value,Public
datastructure,WB.DATA360:DS_DATA360(1.3),I,A,NER,WB_WDI_SH_FPL_SATM_ZS,_T,_T,_T,PT,_Z,_Z,_Z,1998,17.8,_Z,RATIO,2,WB_WDI,P1Y,0,A,PU,Annual,Niger,Demand for family planning satisfied by modern methods (% of married women with demand for family planning),Total,All age ranges or no breakdown by age,Total,Percentage,Not Applicable,Not Applicable,Not Applicable,Not Applicable,Ratio,Two,World Development Indicators (WDI),Annual,Units,Normal value,Public
datastructure,WB.DATA360:DS_DATA360(1.3),I,A,PHL,WB_WDI_SH_FPL_SATM_ZS,_T,_T,_T,PT,_Z,_Z,_Z,1998,39.0,_Z,RATIO,2,WB_WDI,P1Y,0,A,PU,Annual,Philippines,Demand for family planning satisfied by modern methods (% of married women with demand for family planning),Total,All age ranges or no breakdown by age,Total,Percentage,Not Applicable,Not Applicable,Not Applicable,Not Applicable,Ratio,Two,World Development Indicators (WDI),Annual,Units,Normal value,Public
datastructure,WB.DATA360:DS_DATA360(1.3),I,A,UKR,WB_WDI_SH_FPL_SATM_ZS,_T,_T,_T,PT,_Z,_Z,_Z,2007,61.9,_Z,RATIO,2,WB_WDI,P1Y,0,A,PU,Annual,Ukraine,Demand for family planning satisfied by modern methods (% of married women with demand for family planning),Total,All age ranges or no breakdown by age,Total,Percentage,Not Applicable,Not Applicable,Not Applicable,Not Applicable,Ratio,Two,World Development Indicators (WDI),Annual,Units,Normal value,Public
datastructure,WB.DATA360:DS_DATA360(1.3),I,A,PAK,WB_WDI_SH_FPL_SATM_ZS,_T,_T,_T,PT,_Z,_Z,_Z,2007,39.7,_Z,RATIO,2,WB_WDI,P1Y,0,A,PU,Annual,Pakistan,Demand for family planning satisfied by modern methods (% of married women with demand for family planning),Total,All age ranges or no breakdown by age,Total,Percentage,Not Applicable,Not Applicable,Not Applicable,Not Applicable,Ratio,Two,World Development Indicators (WDI),Annual,Units,Normal value,Public
datastructure,WB.DATA360:DS_DATA360(1.3),I,A,COG,WB_WDI_SH_FPL_SATM_ZS,_T,_T,_T,PT,_Z,_Z,_Z,2012,31.7,_Z,RATIO,2,WB_WDI,P1Y,0,A,PU,Annual,"Congo, Rep.",Demand for family planning satisfied by modern methods (% of married women with demand for family planning),Total,All age ranges or no breakdown by age,Total,Percentage,Not Applicable,Not Applicable,Not Applicable,Not Applicable,Ratio,Two,World Development Indicators (WDI),Annual,Units,Normal value,Public
datastructure,WB.DATA360:DS_DATA360(1.3),I,A,CIV,WB_WDI_SH_FPL_SATM_ZS,_T,_T,_T,PT,_Z,_Z,_Z,2012,27.5,_Z,RATIO,2,WB_WDI,P1Y,0,A,PU,Annual,Côte d’Ivoire,Demand for family planning satisfied by modern methods (% of married women with demand for family planning),Total,All age ranges or no breakdown by age,Total,Percentage,Not Applicable,Not Applicable,Not Applicable,Not Applicable,Ratio,Two,World Development Indicators (WDI),Annual,Units,Normal value,Public
datastructure,WB.DATA360:DS_DATA360(1.3),I,A,PER,WB_WDI_SH_FPL_SATM_ZS,_T,_T,_T,PT,_Z,_Z,_Z,2010,59.6,_Z,RATIO,2,WB_WDI,P1Y,0,A,PU,Annual,Peru,Demand for family planning satisfied by modern methods (% of married women with demand for family planning),Total,All age ranges or no breakdown by age,Total,Percentage,Not Applicable,Not Applicable,Not Applicable,Not Applicable,Ratio,Two,World Development Indicators (WDI),Annual,Units,Normal value,Public
datastructure,WB.DATA360:DS_DATA360(1.3),I,A,ZMB,WB_WDI_SH_FPL_SATM_ZS,_T,_T,_T,PT,_Z,_Z,_Z,2007,48.5,_Z,RATIO,2,WB_WDI,P1Y,0,A,PU,Annual,Zambia,Demand for family planning satisfied by modern methods (% of married women with demand for family planning),Total,All age ranges or no breakdown by age,Total,Percentage,Not Applicable,Not Applicable,Not Applicable,Not Applicable,Ratio,Two,World Development Indicators (WDI),Annual,Units,Normal value,Public
datastructure,WB.DATA360:DS_DATA360(1.3),I,A,MDG,WB_WDI_SH_FPL_SATM_ZS,_T,_T,_T,PT,_Z,_Z,_Z,2021,66.4,_Z,RATIO,2,WB_WDI,P1Y,0,A,PU,Annual,Madagascar,Demand for family planning satisfied by modern methods (% of married women with demand for family planning),Total,All age ranges or no breakdown by age,Total,Percentage,Not Applicable,Not Applicable,Not Applicable,Not Applicable,Ratio,Two,World Development Indicators (WDI),Annual,Units,Normal value,Public
datastructure,WB.DATA360:DS_DATA360(1.3),I,A,MRT,WB_WDI_SH_FPL_SATM_ZS,_T,_T,_T,PT,_Z,_Z,_Z,2021,28.2,_Z,RATIO,2,WB_WDI,P1Y,0,A,PU,Annual,Mauritania,Demand for family planning satisfied by modern methods (% of married women with demand for family planning),Total,All age ranges or no breakdown by age,Total,Percentage,Not Applicable,Not Applicable,Not Applicable,Not Applicable,Ratio,Two,World Development Indicators (WDI),Annual,Units,Normal value,Public
datastructure,WB.DATA360:DS_DATA360(1.3),I,A,BFA,WB_WDI_SH_FPL_SATM_ZS,_T,_T,_T,PT,_Z,_Z,_Z,2021,63.9,_Z,RATIO,2,WB_WDI,P1Y,0,A,PU,Annual,Burkina Faso,Demand for family planning satisfied by modern methods (% of married women with demand for family planning),Total,All age ranges or no breakdown by age,Total,Percentage,Not Applicable,Not Applicable,Not Applicable,Not Applicable,Ratio,Two,World Development Indicators (WDI),Annual,Units,Normal value,Public
datastructure,WB.DATA360:DS_DATA360(1.3),I,A,UGA,WB_WDI_SH_FPL_SATM_ZS,_T,_T,_T,PT,_Z,_Z,_Z,2001,31.5,_Z,RATIO,2,WB_WDI,P1Y,0,A,PU,Annual,Uganda,Demand for family planning satisfied by modern methods (% of married women with demand for family planning),Total,All age ranges or no breakdown by age,Total,Percentage,Not Applicable,Not Applicable,Not Applicable,Not Applicable,Ratio,Two,World Development Indicators (WDI),Annual,Units,Normal value,Public
datastructure,WB.DATA360:DS_DATA360(1.3),I,A,ZWE,WB_WDI_SH_FPL_SATM_ZS,_T,_T,_T,PT,_Z,_Z,_Z,2006,77.2,_Z,RATIO,2,WB_WDI,P1Y,0,A,PU,Annual,Zimbabwe,Demand for family planning satisfied by modern methods (% of married women with demand for family planning),Total,All age ranges or no breakdown by age,Total,Percentage,Not Applicable,Not Applicable,Not Applicable,Not Applicable,Ratio,Two,World Development Indicators (WDI),Annual,Units,Normal value,Public
datastructure,WB.DATA360:DS_DATA360(1.3),I,A,TKM,WB_WDI_SH_FPL_SATM_ZS,_T,_T,_T,PT,_Z,_Z,_Z,2000,70.9,_Z,RATIO,2,WB_WDI,P1Y,0,A,PU,Annual,Turkmenistan,Demand for family planning satisfied by modern methods (% of married women with demand for family planning),Total,All age ranges or no breakdown by age,Total,Percentage,Not Applicable,Not Applicable,Not Applicable,Not Applicable,Ratio,Two,World Development Indicators (WDI),Annual,Units,Normal value,Public
datastructure,WB.DATA360:DS_DATA360(1.3),I,A,PHL,WB_WDI_SH_FPL_SATM_ZS,_T,_T,_T,PT,_Z,_Z,_Z,2022,59.1,_Z,RATIO,2,WB_WDI,P1Y,0,A,PU,Annual,Philippines,Demand for family planning satisfied by modern methods (% of married women with demand for family planning),Total,All age ranges or no breakdown by age,Total,Percentage,Not Applicable,Not Applicable,Not Applicable,Not Applicable,Ratio,Two,World Development Indicators (WDI),Annual,Units,Normal value,Public
datastructure,WB.DATA360:DS_DATA360(1.3),I,A,GIN,WB_WDI_SH_FPL_SATM_ZS,_T,_T,_T,PT,_Z,_Z,_Z,2005,18.3,_Z,RATIO,2,WB_WDI,P1Y,0,A,PU,Annual,Guinea,Demand for family planning satisfied by modern methods (% of married women with demand for family planning),Total,All age ranges or no breakdown by age,Total,Percentage,Not Applicable,Not Applicable,Not Applicable,Not Applicable,Ratio,Two,World Development Indicators (WDI),Annual,Units,Normal value,Public
datastructure,WB.DATA360:DS_DATA360(1.3),I,A,CIV,WB_WDI_SH_FPL_SATM_ZS,_T,_T,_T,PT,_Z,_Z,_Z,1999,16.5,_Z,RATIO,2,WB_WDI,P1Y,0,A,PU,Annual,Côte d’Ivoire,Demand for family planning satisfied by modern methods (% of married women with demand for family planning),Total,All age ranges or no breakdown by age,Total,Percentage,Not Applicable,Not Applicable,Not Applicable,Not Applicable,Ratio,Two,World Development Indicators (WDI),Annual,Units,Normal value,Public
datastructure,WB.DATA360:DS_DATA360(1.3),I,A,DOM,WB_WDI_SH_FPL_SATM_ZS,_T,_T,_T,PT,_Z,_Z,_Z,1999,77.1,_Z,RATIO,2,WB_WDI,P1Y,0,A,PU,Annual,Dominican Republic,Demand for family planning satisfied by modern methods (% of married women with demand for family planning),Total,All age ranges or no breakdown by age,Total,Percentage,Not Applicable,Not Applicable,Not Applicable,Not Applicable,Ratio,Two,World Development Indicators (WDI),Annual,Units,Normal value,Public
datastructure,WB.DATA360:DS_DATA360(1.3),I,A,RWA,WB_WDI_SH_FPL_SATM_ZS,_T,_T,_T,PT,_Z,_Z,_Z,2020,75.2,_Z,RATIO,2,WB_WDI,P1Y,0,A,PU,Annual,Rwanda,Demand for family planning satisfied by modern methods (% of married women with demand for family planning),Total,All age ranges or no breakdown by age,Total,Percentage,Not Applicable,Not Applicable,Not Applicable,Not Applicable,Ratio,Two,World Development Indicators (WDI),Annual,Units,Normal value,Public
datastructure,WB.DATA360:DS_DATA360(1.3),I,A,NPL,WB_WDI_SH_FPL_SATM_ZS,_T,_T,_T,PT,_Z,_Z,_Z,2022,54.7,_Z,RATIO,2,WB_WDI,P1Y,0,A,PU,Annual,Nepal,Demand for family planning satisfied by modern methods (% of married women with demand for family planning),Total,All age ranges or no breakdown by age,Total,Percentage,Not Applicable,Not Applicable,Not Applicable,Not Applicable,Ratio,Two,World Development Indicators (WDI),Annual,Units,Normal value,Public
datastructure,WB.DATA360:DS_DATA360(1.3),I,A,PER,WB_WDI_SH_FPL_SATM_ZS,_T,_T,_T,PT,_Z,_Z,_Z,2000,60.6,_Z,RATIO,2,WB_WDI,P1Y,0,A,PU,Annual,Peru,Demand for family planning satisfied by modern methods (% of married women with demand for family planning),Total,All age ranges or no breakdown by age,Total,Percentage,Not Applicable,Not Applicable,Not Applicable,Not Applicable,Ratio,Two,World Development Indicators (WDI),Annual,Units,Normal value,Public
datastructure,WB.DATA360:DS_DATA360(1.3),I,A,MWI,WB_WDI_SH_FPL_SATM_ZS,_T,_T,_T,PT,_Z,_Z,_Z,2000,43.1,_Z,RATIO,2,WB_WDI,P1Y,0,A,PU,Annual,Malawi,Demand for family planning satisfied by modern methods (% of married women with demand for family planning),Total,All age ranges or no breakdown by age,Total,Percentage,Not Applicable,Not Applicable,Not Applicable,Not Applicable,Ratio,Two,World Development Indicators (WDI),Annual,Units,Normal value,Public
datastructure,WB.DATA360:DS_DATA360(1.3),I,A,KEN,WB_WDI_SH_FPL_SATM_ZS,_T,_T,_T,PT,_Z,_Z,_Z,2022,74.7,_Z,RATIO,2,WB_WDI,P1Y,0,A,PU,Annual,Kenya,Demand for family planning satisfied by modern methods (% of married women with demand for family planning),Total,All age ranges or no breakdown by age,Total,Percentage,Not Applicable,Not Applicable,Not Applicable,Not Applicable,Ratio,Two,World Development Indicators (WDI),Annual,Units,Normal value,Public
datastructure,WB.DATA360:DS_DATA360(1.3),I,A,RWA,WB_WDI_SH_FPL_SATM_ZS,_T,_T,_T,PT,_Z,_Z,_Z,2000,11.4,_Z,RATIO,2,WB_WDI,P1Y,0,A,PU,Annual,Rwanda,Demand for family planning satisfied by modern methods (% of married women with demand for family planning),Total,All age ranges or no breakdown by age,Total,Percentage,Not Applicable,Not Applicable,Not Applicable,Not Applicable,Ratio,Two,World Development Indicators (WDI),Annual,Units,Normal value,Public
datastructure,WB.DATA360:DS_DATA360(1.3),I,A,BEN,WB_WDI_SH_FPL_SATM_ZS,_T,_T,_T,PT,_Z,_Z,_Z,2001,15.4,_Z,RATIO,2,WB_WDI,P1Y,0,A,PU,Annual,Benin,Demand for family planning satisfied by modern methods (% of married women with demand for family planning),Total,All age ranges or no breakdown by age,Total,Percentage,Not Applicable,Not Applicable,Not Applicable,Not Applicable,Ratio,Two,World Development Indicators (WDI),Annual,Units,Normal value,Public
datastructure,WB.DATA360:DS_DATA360(1.3),I,A,GAB,WB_WDI_SH_FPL_SATM_ZS,_T,_T,_T,PT,_Z,_Z,_Z,2000,22.1,_Z,RATIO,2,WB_WDI,P1Y,0,A,PU,Annual,Gabon,Demand for family planning satisfied by modern methods (% of married women with demand for family planning),Total,All age ranges or no breakdown by age,Total,Percentage,Not Applicable,Not Applicable,Not Applicable,Not Applicable,Ratio,Two,World Development Indicators (WDI),Annual,Units,Normal value,Public
datastructure,WB.DATA360:DS_DATA360(1.3),I,A,BGD,WB_WDI_SH_FPL_SATM_ZS,_T,_T,_T,PT,_Z,_Z,_Z,2022,73.9,_Z,RATIO,2,WB_WDI,P1Y,0,A,PU,Annual,Bangladesh,Demand for family planning satisfied by modern methods (% of married women with demand for family planning),Total,All age ranges or no breakdown by age,Total,Percentage,Not Applicable,Not Applicable,Not Applicable,Not Applicable,Ratio,Two,World Development Indicators (WDI),Annual,Units,Normal value,Public
datastructure,WB.DATA360:DS_DATA360(1.3),I,A,EGY,WB_WDI_SH_FPL_SATM_ZS,_T,_T,_T,PT,_Z,_Z,_Z,2005,79.0,_Z,RATIO,2,WB_WDI,P1Y,0,A,PU,Annual,"Egypt, Arab Rep.",Demand for family planning satisfied by modern methods (% of married women with demand for family planning),Total,All age ranges or no breakdown by age,Total,Percentage,Not Applicable,Not Applicable,Not Applicable,Not Applicable,Ratio,Two,World Development Indicators (WDI),Annual,Units,Normal value,Public
datastructure,WB.DATA360:DS_DATA360(1.3),I,A,LBR,WB_WDI_SH_FPL_SATM_ZS,_T,_T,_T,PT,_Z,_Z,_Z,2007,21.8,_Z,RATIO,2,WB_WDI,P1Y,0,A,PU,Annual,Liberia,Demand for family planning satisfied by modern methods (% of married women with demand for family planning),Total,All age ranges or no breakdown by age,Total,Percentage,Not Applicable,Not Applicable,Not Applicable,Not Applicable,Ratio,Two,World Development Indicators (WDI),Annual,Units,Normal value,Public
datastructure,WB.DATA360:DS_DATA360(1.3),I,A,CIV,WB_WDI_SH_FPL_SATM_ZS,_T,_T,_T,PT,_Z,_Z,_Z,2021,41.4,_Z,RATIO,2,WB_WDI,P1Y,0,A,PU,Annual,Côte d’Ivoire,Demand for family planning satisfied by modern methods (% of married women with demand for family planning),Total,All age ranges or no breakdown by age,Total,Percentage,Not Applicable,Not Applicable,Not Applicable,Not Applicable,Ratio,Two,World Development Indicators (WDI),Annual,Units,Normal value,Public
datastructure,WB.DATA360:DS_DATA360(1.3),I,A,IDB,WB_WDI_SH_FPL_SATM_ZS,_T,_T,_T,PT,_Z,_Z,_Z,1990,17.904572364490587,_Z,RATIO,2,WB_WDI,P1Y,0,A,PU,Annual,IDA blend,Demand for family planning satisfied by modern methods (% of married women with demand for family planning),Total,All age ranges or no breakdown by age,Total,Percentage,Not Applicable,Not Applicable,Not Applicable,Not Applicable,Ratio,Two,World Development Indicators (WDI),Annual,Units,Normal value,Public
datastructure,WB.DATA360:DS_DATA360(1.3),I,A,KEN,WB_WDI_SH_FPL_SATM_ZS,_T,_T,_T,PT,_Z,_Z,_Z,1998,47.0,_Z,RATIO,2,WB_WDI,P1Y,0,A,PU,Annual,Kenya,Demand for family planning satisfied by modern methods (% of married women with demand for family planning),Total,All age ranges or no breakdown by age,Total,Percentage,Not Applicable,Not Applicable,Not Applicable,Not Applicable,Ratio,Two,World Development Indicators (WDI),Annual,Units,Normal value,Public
datastructure,WB.DATA360:DS_DATA360(1.3),I,A,MOZ,WB_WDI_SH_FPL_SATM_ZS,_T,_T,_T,PT,_Z,_Z,_Z,2015,50.4,_Z,RATIO,2,WB_WDI,P1Y,0,A,PU,Annual,Mozambique,Demand for family planning satisfied by modern methods (% of married women with demand for family planning),Total,All age ranges or no breakdown by age,Total,Percentage,Not Applicable,Not Applicable,Not Applicable,Not Applicable,Ratio,Two,World Development Indicators (WDI),Annual,Units,Normal value,Public
datastructure,WB.DATA360:DS_DATA360(1.3),I,A,VNM,WB_WDI_SH_FPL_SATM_ZS,_T,_T,_T,PT,_Z,_Z,_Z,1997,66.7,_Z,RATIO,2,WB_WDI,P1Y,0,A,PU,Annual,Vietnam,Demand for family planning satisfied by modern methods (% of married women with demand for family planning),Total,All age ranges or no breakdown by age,Total,Percentage,Not Applicable,Not Applicable,Not Applicable,Not Applicable,Ratio,Two,World Development Indicators (WDI),Annual,Units,Normal value,Public
datastructure,WB.DATA360:DS_DATA360(1.3),I,A,YEM,WB_WDI_SH_FPL_SATM_ZS,_T,_T,_T,PT,_Z,_Z,_Z,1997,16.1,_Z,RATIO,2,WB_WDI,P1Y,0,A,PU,Annual,"Yemen, Rep.",Demand for family planning satisfied by modern methods (% of married women with demand for family planning),Total,All age ranges or no breakdown by age,Total,Percentage,Not Applicable,Not Applicable,Not Applicable,Not Applicable,Ratio,Two,World Development Indicators (WDI),Annual,Units,Normal value,Public
datastructure,WB.DATA360:DS_DATA360(1.3),I,A,IDN,WB_WDI_SH_FPL_SATM_ZS,_T,_T,_T,PT,_Z,_Z,_Z,1997,77.1,_Z,RATIO,2,WB_WDI,P1Y,0,A,PU,Annual,Indonesia,Demand for family planning satisfied by modern methods (% of married women with demand for family planning),Total,All age ranges or no breakdown by age,Total,Percentage,Not Applicable,Not Applicable,Not Applicable,Not Applicable,Ratio,Two,World Development Indicators (WDI),Annual,Units,Normal value,Public
datastructure,WB.DATA360:DS_DATA360(1.3),I,A,BRA,WB_WDI_SH_FPL_SATM_ZS,_T,_T,_T,PT,_Z,_Z,_Z,1996,80.2,_Z,RATIO,2,WB_WDI,P1Y,0,A,PU,Annual,Brazil,Demand for family planning satisfied by modern methods (% of married women with demand for family planning),Total,All age ranges or no breakdown by age,Total,Percentage,Not Applicable,Not Applicable,Not Applicable,Not Applicable,Ratio,Two,World Development Indicators (WDI),Annual,Units,Normal value,Public
datastructure,WB.DATA360:DS_DATA360(1.3),I,A,CIV,WB_WDI_SH_FPL_SATM_ZS,_T,_T,_T,PT,_Z,_Z,_Z,1994,10.3,_Z,RATIO,2,WB_WDI,P1Y,0,A,PU,Annual,Côte d’Ivoire,Demand for family planning satisfied by modern methods (% of married women with demand for family planning),Total,All age ranges or no breakdown by age,Total,Percentage,Not Applicable,Not Applicable,Not Applicable,Not Applicable,Ratio,Two,World Development Indicators (WDI),Annual,Units,Normal value,Public
datastructure,WB.DATA360:DS_DATA360(1.3),I,A,IND,WB_WDI_SH_FPL_SATM_ZS,_T,_T,_T,PT,_Z,_Z,_Z,1993,59.7,_Z,RATIO,2,WB_WDI,P1Y,0,A,PU,Annual,India,Demand for family planning satisfied by modern methods (% of married women with demand for family planning),Total,All age ranges or no breakdown by age,Total,Percentage,Not Applicable,Not Applicable,Not Applicable,Not Applicable,Ratio,Two,World Development Indicators (WDI),Annual,Units,Normal value,Public
datastructure,WB.DATA360:DS_DATA360(1.3),I,A,IDN,WB_WDI_SH_FPL_SATM_ZS,_T,_T,_T,PT,_Z,_Z,_Z,1994,74.3,_Z,RATIO,2,WB_WDI,P1Y,0,A,PU,Annual,Indonesia,Demand for family planning satisfied by modern methods (% of married women with demand for family planning),Total,All age ranges or no breakdown by age,Total,Percentage,Not Applicable,Not Applicable,Not Applicable,Not Applicable,Ratio,Two,World Development Indicators (WDI),Annual,Units,Normal value,Public
datastructure,WB.DATA360:DS_DATA360(1.3),I,A,TCD,WB_WDI_SH_FPL_SATM_ZS,_T,_T,_T,PT,_Z,_Z,_Z,1997,5.4,_Z,RATIO,2,WB_WDI,P1Y,0,A,PU,Annual,Chad,Demand for family planning satisfied by modern methods (% of married women with demand for family planning),Total,All age ranges or no breakdown by age,Total,Percentage,Not Applicable,Not Applicable,Not Applicable,Not Applicable,Ratio,Two,World Development Indicators (WDI),Annual,Units,Normal value,Public
datastructure,WB.DATA360:DS_DATA360(1.3),I,A,BFA,WB_WDI_SH_FPL_SATM_ZS,_T,_T,_T,PT,_Z,_Z,_Z,1993,8.5,_Z,RATIO,2,WB_WDI,P1Y,0,A,PU,Annual,Burkina Faso,Demand for family planning satisfied by modern methods (% of married women with demand for family planning),Total,All age ranges or no breakdown by age,Total,Percentage,Not Applicable,Not Applicable,Not Applicable,Not Applicable,Ratio,Two,World Development Indicators (WDI),Annual,Units,Normal value,Public
datastructure,WB.DATA360:DS_DATA360(1.3),I,A,SEN,WB_WDI_SH_FPL_SATM_ZS,_T,_T,_T,PT,_Z,_Z,_Z,1997,16.9,_Z,RATIO,2,WB_WDI,P1Y,0,A,PU,Annual,Senegal,Demand for family planning satisfied by modern methods (% of married women with demand for family planning),Total,All age ranges or no breakdown by age,Total,Percentage,Not Applicable,Not Applicable,Not Applicable,Not Applicable,Ratio,Two,World Development Indicators (WDI),Annual,Units,Normal value,Public
datastructure,WB.DATA360:DS_DATA360(1.3),I,A,GTM,WB_WDI_SH_FPL_SATM_ZS,_T,_T,_T,PT,_Z,_Z,_Z,1995,45.2,_Z,RATIO,2,WB_WDI,P1Y,0,A,PU,Annual,Guatemala,Demand for family planning satisfied by modern methods (% of married women with demand for family planning),Total,All age ranges or no breakdown by age,Total,Percentage,Not Applicable,Not Applicable,Not Applicable,Not Applicable,Ratio,Two,World Development Indicators (WDI),Annual,Units,Normal value,Public
datastructure,WB.DATA360:DS_DATA360(1.3),I,A,HTI,WB_WDI_SH_FPL_SATM_ZS,_T,_T,_T,PT,_Z,_Z,_Z,1995,21.1,_Z,RATIO,2,WB_WDI,P1Y,0,A,PU,Annual,Haiti,Demand for family planning satisfied by modern methods (% of married women with demand for family planning),Total,All age ranges or no breakdown by age,Total,Percentage,Not Applicable,Not Applicable,Not Applicable,Not Applicable,Ratio,Two,World Development Indicators (WDI),Annual,Units,Normal value,Public
datastructure,WB.DATA360:DS_DATA360(1.3),I,A,ZWE,WB_WDI_SH_FPL_SATM_ZS,_T,_T,_T,PT,_Z,_Z,_Z,1994,62.7,_Z,RATIO,2,WB_WDI,P1Y,0,A,PU,Annual,Zimbabwe,Demand for family planning satisfied by modern methods (% of married women with demand for family planning),Total,All age ranges or no breakdown by age,Total,Percentage,Not Applicable,Not Applicable,Not Applicable,Not Applicable,Ratio,Two,World Development Indicators (WDI),Annual,Units,Normal value,Public
datastructure,WB.DATA360:DS_DATA360(1.3),I,A,IDN,WB_WDI_SH_FPL_SATM_ZS,_T,_T,_T,PT,_Z,_Z,_Z,1991,70.5,_Z,RATIO,2,WB_WDI,P1Y,0,A,PU,Annual,Indonesia,Demand for family planning satisfied by modern methods (% of married women with demand for family planning),Total,All age ranges or no breakdown by age,Total,Percentage,Not Applicable,Not Applicable,Not Applicable,Not Applicable,Ratio,Two,World Development Indicators (WDI),Annual,Units,Normal value,Public
datastructure,WB.DATA360:DS_DATA360(1.3),I,A,TZA,WB_WDI_SH_FPL_SATM_ZS,_T,_T,_T,PT,_Z,_Z,_Z,1992,17.2,_Z,RATIO,2,WB_WDI,P1Y,0,A,PU,Annual,Tanzania,Demand for family planning satisfied by modern methods (% of married women with demand for family planning),Total,All age ranges or no breakdown by age,Total,Percentage,Not Applicable,Not Applicable,Not Applicable,Not Applicable,Ratio,Two,World Development Indicators (WDI),Annual,Units,Normal value,Public
datastructure,WB.DATA360:DS_DATA360(1.3),I,A,KEN,WB_WDI_SH_FPL_SATM_ZS,_T,_T,_T,PT,_Z,_Z,_Z,1993,40.1,_Z,RATIO,2,WB_WDI,P1Y,0,A,PU,Annual,Kenya,Demand for family planning satisfied by modern methods (% of married women with demand for family planning),Total,All age ranges or no breakdown by age,Total,Percentage,Not Applicable,Not Applicable,Not Applicable,Not Applicable,Ratio,Two,World Development Indicators (WDI),Annual,Units,Normal value,Public
datastructure,WB.DATA360:DS_DATA360(1.3),I,A,ZAF,WB_WDI_SH_FPL_SATM_ZS,_T,_T,_T,PT,_Z,_Z,_Z,1998,75.7,_Z,RATIO,2,WB_WDI,P1Y,0,A,PU,Annual,South Africa,Demand for family planning satisfied by modern methods (% of married women with demand for family planning),Total,All age ranges or no breakdown by age,Total,Percentage,Not Applicable,Not Applicable,Not Applicable,Not Applicable,Ratio,Two,World Development Indicators (WDI),Annual,Units,Normal value,Public
datastructure,WB.DATA360:DS_DATA360(1.3),I,A,COL,WB_WDI_SH_FPL_SATM_ZS,_T,_T,_T,PT,_Z,_Z,_Z,1995,71.0,_Z,RATIO,2,WB_WDI,P1Y,0,A,PU,Annual,Colombia,Demand for family planning satisfied by modern methods (% of married women with demand for family planning),Total,All age ranges or no breakdown by age,Total,Percentage,Not Applicable,Not Applicable,Not Applicable,Not Applicable,Ratio,Two,World Development Indicators (WDI),Annual,Units,Normal value,Public
datastructure,WB.DATA360:DS_DATA360(1.3),I,A,CAF,WB_WDI_SH_FPL_SATM_ZS,_T,_T,_T,PT,_Z,_Z,_Z,1995,9.6,_Z,RATIO,2,WB_WDI,P1Y,0,A,PU,Annual,Central African Republic,Demand for family planning satisfied by modern methods (% of married women with demand for family planning),Total,All age ranges or no breakdown by age,Total,Percentage,Not Applicable,Not Applicable,Not Applicable,Not Applicable,Ratio,Two,World Development Indicators (WDI),Annual,Units,Normal value,Public
datastructure,WB.DATA360:DS_DATA360(1.3),I,A,MLI,WB_WDI_SH_FPL_SATM_ZS,_T,_T,_T,PT,_Z,_Z,_Z,1996,13.1,_Z,RATIO,2,WB_WDI,P1Y,0,A,PU,Annual,Mali,Demand for family planning satisfied by modern methods (% of married women with demand for family planning),Total,All age ranges or no breakdown by age,Total,Percentage,Not Applicable,Not Applicable,Not Applicable,Not Applicable,Ratio,Two,World Development Indicators (WDI),Annual,Units,Normal value,Public
datastructure,WB.DATA360:DS_DATA360(1.3),I,A,NPL,WB_WDI_SH_FPL_SATM_ZS,_T,_T,_T,PT,_Z,_Z,_Z,1996,42.8,_Z,RATIO,2,WB_WDI,P1Y,0,A,PU,Annual,Nepal,Demand for family planning satisfied by modern methods (% of married women with demand for family planning),Total,All age ranges or no breakdown by age,Total,Percentage,Not Applicable,Not Applicable,Not Applicable,Not Applicable,Ratio,Two,World Development Indicators (WDI),Annual,Units,Normal value,Public
datastructure,WB.DATA360:DS_DATA360(1.3),I,A,PHL,WB_WDI_SH_FPL_SATM_ZS,_T,_T,_T,PT,_Z,_Z,_Z,1993,35.4,_Z,RATIO,2,WB_WDI,P1Y,0,A,PU,Annual,Philippines,Demand for family planning satisfied by modern methods (% of married women with demand for family planning),Total,All age ranges or no breakdown by age,Total,Percentage,Not Applicable,Not Applicable,Not Applicable,Not Applicable,Ratio,Two,World Development Indicators (WDI),Annual,Units,Normal value,Public
datastructure,WB.DATA360:DS_DATA360(1.3),I,A,SEN,WB_WDI_SH_FPL_SATM_ZS,_T,_T,_T,PT,_Z,_Z,_Z,1993,13.2,_Z,RATIO,2,WB_WDI,P1Y,0,A,PU,Annual,Senegal,Demand for family planning satisfied by modern methods (% of married women with demand for family planning),Total,All age ranges or no breakdown by age,Total,Percentage,Not Applicable,Not Applicable,Not Applicable,Not Applicable,Ratio,Two,World Development Indicators (WDI),Annual,Units,Normal value,Public
datastructure,WB.DATA360:DS_DATA360(1.3),I,A,CMR,WB_WDI_SH_FPL_SATM_ZS,_T,_T,_T,PT,_Z,_Z,_Z,1991,11.1,_Z,RATIO,2,WB_WDI,P1Y,0,A,PU,Annual,Cameroon,Demand for family planning satisfied by modern methods (% of married women with demand for family planning),Total,All age ranges or no breakdown by age,Total,Percentage,Not Applicable,Not Applicable,Not Applicable,Not Applicable,Ratio,Two,World Development Indicators (WDI),Annual,Units,Normal value,Public
datastructure,WB.DATA360:DS_DATA360(1.3),I,A,TUR,WB_WDI_SH_FPL_SATM_ZS,_T,_T,_T,PT,_Z,_Z,_Z,1993,44.7,_Z,RATIO,2,WB_WDI,P1Y,0,A,PU,Annual,Türkiye,Demand for family planning satisfied by modern methods (% of married women with demand for family planning),Total,All age ranges or no breakdown by age,Total,Percentage,Not Applicable,Not Applicable,Not Applicable,Not Applicable,Ratio,Two,World Development Indicators (WDI),Annual,Units,Normal value,Public
datastructure,WB.DATA360:DS_DATA360(1.3),I,A,BGD,WB_WDI_SH_FPL_SATM_ZS,_T,_T,_T,PT,_Z,_Z,_Z,1997,60.6,_Z,RATIO,2,WB_WDI,P1Y,0,A,PU,Annual,Bangladesh,Demand for family planning satisfied by modern methods (% of married women with demand for family planning),Total,All age ranges or no breakdown by age,Total,Percentage,Not Applicable,Not Applicable,Not Applicable,Not Applicable,Ratio,Two,World Development Indicators (WDI),Annual,Units,Normal value,Public
datastructure,WB.DATA360:DS_DATA360(1.3),I,A,ZMB,WB_WDI_SH_FPL_SATM_ZS,_T,_T,_T,PT,_Z,_Z,_Z,2024,73.9,_Z,RATIO,2,WB_WDI,P1Y,0,A,PU,Annual,Zambia,Demand for family planning satisfied by modern methods (% of married women with demand for family planning),Total,All age ranges or no breakdown by age,Total,Percentage,Not Applicable,Not Applicable,Not Applicable,Not Applicable,Ratio,Two,World Development Indicators (WDI),Annual,Units,Normal value,Public
datastructure,WB.DATA360:DS_DATA360(1.3),I,A,BOL,WB_WDI_SH_FPL_SATM_ZS,_T,_T,_T,PT,_Z,_Z,_Z,1994,24.0,_Z,RATIO,2,WB_WDI,P1Y,0,A,PU,Annual,Bolivia,Demand for family planning satisfied by modern methods (% of married women with demand for family planning),Total,All age ranges or no breakdown by age,Total,Percentage,Not Applicable,Not Applicable,Not Applicable,Not Applicable,Ratio,Two,World Development Indicators (WDI),Annual,Units,Normal value,Public
datastructure,WB.DATA360:DS_DATA360(1.3),I,A,NER,WB_WDI_SH_FPL_SATM_ZS,_T,_T,_T,PT,_Z,_Z,_Z,1992,9.8,_Z,RATIO,2,WB_WDI,P1Y,0,A,PU,Annual,Niger,Demand for family planning satisfied by modern methods (% of married women with demand for family planning),Total,All age ranges or no breakdown by age,Total,Percentage,Not Applicable,Not Applicable,Not Applicable,Not Applicable,Ratio,Two,World Development Indicators (WDI),Annual,Units,Normal value,Public
datastructure,WB.DATA360:DS_DATA360(1.3),I,A,PER,WB_WDI_SH_FPL_SATM_ZS,_T,_T,_T,PT,_Z,_Z,_Z,1992,40.7,_Z,RATIO,2,WB_WDI,P1Y,0,A,PU,Annual,Peru,Demand for family planning satisfied by modern methods (% of married women with demand for family planning),Total,All age ranges or no breakdown by age,Total,Percentage,Not Applicable,Not Applicable,Not Applicable,Not Applicable,Ratio,Two,World Development Indicators (WDI),Annual,Units,Normal value,Public
datastructure,WB.DATA360:DS_DATA360(1.3),I,A,DOM,WB_WDI_SH_FPL_SATM_ZS,_T,_T,_T,PT,_Z,_Z,_Z,1991,68.2,_Z,RATIO,2,WB_WDI,P1Y,0,A,PU,Annual,Dominican Republic,Demand for family planning satisfied by modern methods (% of married women with demand for family planning),Total,All age ranges or no breakdown by age,Total,Percentage,Not Applicable,Not Applicable,Not Applicable,Not Applicable,Ratio,Two,World Development Indicators (WDI),Annual,Units,Normal value,Public
datastructure,WB.DATA360:DS_DATA360(1.3),I,A,BEN,WB_WDI_SH_FPL_SATM_ZS,_T,_T,_T,PT,_Z,_Z,_Z,1996,7.8,_Z,RATIO,2,WB_WDI,P1Y,0,A,PU,Annual,Benin,Demand for family planning satisfied by modern methods (% of married women with demand for family planning),Total,All age ranges or no breakdown by age,Total,Percentage,Not Applicable,Not Applicable,Not Applicable,Not Applicable,Ratio,Two,World Development Indicators (WDI),Annual,Units,Normal value,Public
datastructure,WB.DATA360:DS_DATA360(1.3),I,A,NGA,WB_WDI_SH_FPL_SATM_ZS,_T,_T,_T,PT,_Z,_Z,_Z,2024,37.1,_Z,RATIO,2,WB_WDI,P1Y,0,A,PU,Annual,Nigeria,Demand for family planning satisfied by modern methods (% of married women with demand for family planning),Total,All age ranges or no breakdown by age,Total,Percentage,Not Applicable,Not Applicable,Not Applicable,Not Applicable,Ratio,Two,World Development Indicators (WDI),Annual,Units,Normal value,Public
datastructure,WB.DATA360:DS_DATA360(1.3),I,A,LSO,WB_WDI_SH_FPL_SATM_ZS,_T,_T,_T,PT,_Z,_Z,_Z,2024,81.7,_Z,RATIO,2,WB_WDI,P1Y,0,A,PU,Annual,Lesotho,Demand for family planning satisfied by modern methods (% of married women with demand for family planning),Total,All age ranges or no breakdown by age,Total,Percentage,Not Applicable,Not Applicable,Not Applicable,Not Applicable,Ratio,Two,World Development Indicators (WDI),Annual,Units,Normal value,Public
datastructure,WB.DATA360:DS_DATA360(1.3),I,A,MWI,WB_WDI_SH_FPL_SATM_ZS,_T,_T,_T,PT,_Z,_Z,_Z,2024,82.1,_Z,RATIO,2,WB_WDI,P1Y,0,A,PU,Annual,Malawi,Demand for family planning satisfied by modern methods (% of married women with demand for family planning),Total,All age ranges or no breakdown by age,Total,Percentage,Not Applicable,Not Applicable,Not Applicable,Not Applicable,Ratio,Two,World Development Indicators (WDI),Annual,Units,Normal value,Public
datastructure,WB.DATA360:DS_DATA360(1.3),I,A,MLI,WB_WDI_SH_FPL_SATM_ZS,_T,_T,_T,PT,_Z,_Z,_Z,2024,44.2,_Z,RATIO,2,WB_WDI,P1Y,0,A,PU,Annual,Mali,Demand for family planning satisfied by modern methods (% of married women with demand for family planning),Total,All age ranges or no breakdown by age,Total,Percentage,Not Applicable,Not Applicable,Not Applicable,Not Applicable,Ratio,Two,World Development Indicators (WDI),Annual,Units,Normal value,Public
datastructure,WB.DATA360:DS_DATA360(1.3),I,A,LMC,WB_WDI_SH_FPL_SATM_ZS,_T,_T,_T,PT,_Z,_Z,_Z,2022,67.70533268319434,_Z,RATIO,2,WB_WDI,P1Y,0,A,PU,Annual,Lower middle income,Demand for family planning satisfied by modern methods (% of married women with demand for family planning),Total,All age ranges or no breakdown by age,Total,Percentage,Not Applicable,Not Applicable,Not Applicable,Not Applicable,Ratio,Two,World Development Indicators (WDI),Annual,Units,Normal value,Public
datastructure,WB.DATA360:DS_DATA360(1.3),I,A,PRE,WB_WDI_SH_FPL_SATM_ZS,_T,_T,_T,PT,_Z,_Z,_Z,2022,47.415647735142336,_Z,RATIO,2,WB_WDI,P1Y,0,A,PU,Annual,Pre-demographic dividend,Demand for family planning satisfied by modern methods (% of married women with demand for family planning),Total,All age ranges or no breakdown by age,Total,Percentage,Not Applicable,Not Applicable,Not Applicable,Not Applicable,Ratio,Two,World Development Indicators (WDI),Annual,Units,Normal value,Public
datastructure,WB.DATA360:DS_DATA360(1.3),I,A,SAS,WB_WDI_SH_FPL_SATM_ZS,_T,_T,_T,PT,_Z,_Z,_Z,2022,73.68419545757759,_Z,RATIO,2,WB_WDI,P1Y,0,A,PU,Annual,South Asia,Demand for family planning satisfied by modern methods (% of married women with demand for family planning),Total,All age ranges or no breakdown by age,Total,Percentage,Not Applicable,Not Applicable,Not Applicable,Not Applicable,Ratio,Two,World Development Indicators (WDI),Annual,Units,Normal value,Public
datastructure,WB.DATA360:DS_DATA360(1.3),I,A,TSA,WB_WDI_SH_FPL_SATM_ZS,_T,_T,_T,PT,_Z,_Z,_Z,2022,73.68419545757757,_Z,RATIO,2,WB_WDI,P1Y,0,A,PU,Annual,South Asia (IDA & IBRD),Demand for family planning satisfied by modern methods (% of married women with demand for family planning),Total,All age ranges or no breakdown by age,Total,Percentage,Not Applicable,Not Applicable,Not Applicable,Not Applicable,Ratio,Two,World Development Indicators (WDI),Annual,Units,Normal value,Public
datastructure,WB.DATA360:DS_DATA360(1.3),I,A,NGA,WB_WDI_SH_FPL_SATM_ZS,_T,_T,_T,PT,_Z,_Z,_Z,1990,12.9,_Z,RATIO,2,WB_WDI,P1Y,0,A,PU,Annual,Nigeria,Demand for family planning satisfied by modern methods (% of married women with demand for family planning),Total,All age ranges or no breakdown by age,Total,Percentage,Not Applicable,Not Applicable,Not Applicable,Not Applicable,Ratio,Two,World Development Indicators (WDI),Annual,Units,Normal value,Public
datastructure,WB.DATA360:DS_DATA360(1.3),I,A,PRY,WB_WDI_SH_FPL_SATM_ZS,_T,_T,_T,PT,_Z,_Z,_Z,1990,53.5,_Z,RATIO,2,WB_WDI,P1Y,0,A,PU,Annual,Paraguay,Demand for family planning satisfied by modern methods (% of married women with demand for family planning),Total,All age ranges or no breakdown by age,Total,Percentage,Not Applicable,Not Applicable,Not Applicable,Not Applicable,Ratio,Two,World Development Indicators (WDI),Annual,Units,Normal value,Public
datastructure,WB.DATA360:DS_DATA360(1.3),I,A,ALB,WB_WDI_SH_FPL_SATM_ZS,_T,_T,_T,PT,_Z,_Z,_Z,2009,12.9,_Z,RATIO,2,WB_WDI,P1Y,0,A,PU,Annual,Albania,Demand for family planning satisfied by modern methods (% of married women with demand for family planning),Total,All age ranges or no breakdown by age,Total,Percentage,Not Applicable,Not Applicable,Not Applicable,Not Applicable,Ratio,Two,World Development Indicators (WDI),Annual,Units,Normal value,Public
datastructure,WB.DATA360:DS_DATA360(1.3),I,A,ALB,WB_WDI_SH_FPL_SATM_ZS,_T,_T,_T,PT,_Z,_Z,_Z,2018,6.0,_Z,RATIO,2,WB_WDI,P1Y,0,A,PU,Annual,Albania,Demand for family planning satisfied by modern methods (% of married women with demand for family planning),Total,All age ranges or no breakdown by age,Total,Percentage,Not Applicable,Not Applicable,Not Applicable,Not Applicable,Ratio,Two,World Development Indicators (WDI),Annual,Units,Normal value,Public
